model,experiment,dataset,quantity,polymer_type,train_size,fold,split,rmse,mae,mse,n_samples,seed,metrics_path
RDKit_RF,MD_5000/Cp/alternating_Cp/seed_42,MD_5000,Cp,alternating,300,0,test,182.6814379124606,130.96773119702326,33372.5077577642,2780,42.0,Models/RDKit_RF/scaling_results/MD_5000/Cp/alternating_Cp/seed_42/train_300/fold_00/metrics.json
RDKit_RF,MD_5000/Cp/alternating_Cp/seed_42,MD_5000,Cp,alternating,300,0,train,62.56452732790731,45.889985142544056,3914.32007976446,300,42.0,Models/RDKit_RF/scaling_results/MD_5000/Cp/alternating_Cp/seed_42/train_300/fold_00/metrics.json
RDKit_RF,MD_5000/Cp/alternating_Cp/seed_42,MD_5000,Cp,alternating,300,0,val,178.5644746668406,129.2349122770361,31885.27161304476,2780,42.0,Models/RDKit_RF/scaling_results/MD_5000/Cp/alternating_Cp/seed_42/train_300/fold_00/metrics.json
RDKit_RF,MD_5000/Cp/alternating_Cp/seed_42,MD_5000,Cp,alternating,300,1,test,188.18183928322762,133.85492871731174,35412.40463601851,2780,43.0,Models/RDKit_RF/scaling_results/MD_5000/Cp/alternating_Cp/seed_42/train_300/fold_01/metrics.json
RDKit_RF,MD_5000/Cp/alternating_Cp/seed_42,MD_5000,Cp,alternating,300,1,train,56.85398244210844,41.22900894703092,3232.3753195275744,300,43.0,Models/RDKit_RF/scaling_results/MD_5000/Cp/alternating_Cp/seed_42/train_300/fold_01/metrics.json
RDKit_RF,MD_5000/Cp/alternating_Cp/seed_42,MD_5000,Cp,alternating,300,1,val,196.28698963856212,136.33524331388165,38528.582301368995,2780,43.0,Models/RDKit_RF/scaling_results/MD_5000/Cp/alternating_Cp/seed_42/train_300/fold_01/metrics.json
RDKit_RF,MD_5000/Cp/alternating_Cp/seed_42,MD_5000,Cp,alternating,300,2,test,189.76015595337822,131.94319364270615,36008.91678745042,2780,44.0,Models/RDKit_RF/scaling_results/MD_5000/Cp/alternating_Cp/seed_42/train_300/fold_02/metrics.json
RDKit_RF,MD_5000/Cp/alternating_Cp/seed_42,MD_5000,Cp,alternating,300,2,train,63.04704996437354,45.805457112964916,3974.930509210214,300,44.0,Models/RDKit_RF/scaling_results/MD_5000/Cp/alternating_Cp/seed_42/train_300/fold_02/metrics.json
RDKit_RF,MD_5000/Cp/alternating_Cp/seed_42,MD_5000,Cp,alternating,300,2,val,186.85008436389182,132.2664370883248,34912.95402679349,2780,44.0,Models/RDKit_RF/scaling_results/MD_5000/Cp/alternating_Cp/seed_42/train_300/fold_02/metrics.json
RDKit_RF,MD_5000/Cp/alternating_Cp/seed_42,MD_5000,Cp,alternating,300,3,test,176.4785914315918,123.17024135792681,31144.69323367871,2780,45.0,Models/RDKit_RF/scaling_results/MD_5000/Cp/alternating_Cp/seed_42/train_300/fold_03/metrics.json
RDKit_RF,MD_5000/Cp/alternating_Cp/seed_42,MD_5000,Cp,alternating,300,3,train,71.26669069969951,49.22014954957817,5078.941203286636,300,45.0,Models/RDKit_RF/scaling_results/MD_5000/Cp/alternating_Cp/seed_42/train_300/fold_03/metrics.json
RDKit_RF,MD_5000/Cp/alternating_Cp/seed_42,MD_5000,Cp,alternating,300,3,val,181.29542872827548,127.67221552327247,32868.032477769215,2780,45.0,Models/RDKit_RF/scaling_results/MD_5000/Cp/alternating_Cp/seed_42/train_300/fold_03/metrics.json
RDKit_RF,MD_5000/Cp/alternating_Cp/seed_42,MD_5000,Cp,alternating,300,4,test,180.98854053056766,125.97358754023881,32756.851803384936,2780,46.0,Models/RDKit_RF/scaling_results/MD_5000/Cp/alternating_Cp/seed_42/train_300/fold_04/metrics.json
RDKit_RF,MD_5000/Cp/alternating_Cp/seed_42,MD_5000,Cp,alternating,300,4,train,77.30741541069527,49.78293929432577,5976.436477481804,300,46.0,Models/RDKit_RF/scaling_results/MD_5000/Cp/alternating_Cp/seed_42/train_300/fold_04/metrics.json
RDKit_RF,MD_5000/Cp/alternating_Cp/seed_42,MD_5000,Cp,alternating,300,4,val,189.03292928422033,130.48303691062875,35733.44835377304,2780,46.0,Models/RDKit_RF/scaling_results/MD_5000/Cp/alternating_Cp/seed_42/train_300/fold_04/metrics.json
RDKit_RF,MD_5000/Cp/alternating_Cp/seed_42,MD_5000,Cp,alternating,1000,0,test,146.77827409787076,104.67389968848833,21543.86174714968,2780,42.0,Models/RDKit_RF/scaling_results/MD_5000/Cp/alternating_Cp/seed_42/train_1000/fold_00/metrics.json
RDKit_RF,MD_5000/Cp/alternating_Cp/seed_42,MD_5000,Cp,alternating,1000,0,train,51.200305946360594,37.156582687724175,2621.4713290009277,1000,42.0,Models/RDKit_RF/scaling_results/MD_5000/Cp/alternating_Cp/seed_42/train_1000/fold_00/metrics.json
RDKit_RF,MD_5000/Cp/alternating_Cp/seed_42,MD_5000,Cp,alternating,1000,0,val,146.19612293377102,105.12411773562117,21373.30636086629,2780,42.0,Models/RDKit_RF/scaling_results/MD_5000/Cp/alternating_Cp/seed_42/train_1000/fold_00/metrics.json
RDKit_RF,MD_5000/Cp/alternating_Cp/seed_42,MD_5000,Cp,alternating,1000,1,test,139.54610882376818,100.94868907685402,19473.116487854953,2780,43.0,Models/RDKit_RF/scaling_results/MD_5000/Cp/alternating_Cp/seed_42/train_1000/fold_01/metrics.json
RDKit_RF,MD_5000/Cp/alternating_Cp/seed_42,MD_5000,Cp,alternating,1000,1,train,52.35239491507375,37.705295638183145,2740.77325334384,1000,43.0,Models/RDKit_RF/scaling_results/MD_5000/Cp/alternating_Cp/seed_42/train_1000/fold_01/metrics.json
RDKit_RF,MD_5000/Cp/alternating_Cp/seed_42,MD_5000,Cp,alternating,1000,1,val,144.33696352775166,102.4068430737581,20833.159040411512,2780,43.0,Models/RDKit_RF/scaling_results/MD_5000/Cp/alternating_Cp/seed_42/train_1000/fold_01/metrics.json
RDKit_RF,MD_5000/Cp/alternating_Cp/seed_42,MD_5000,Cp,alternating,1000,2,test,139.7888020925023,100.09475447133686,19540.909190456772,2780,44.0,Models/RDKit_RF/scaling_results/MD_5000/Cp/alternating_Cp/seed_42/train_1000/fold_02/metrics.json
RDKit_RF,MD_5000/Cp/alternating_Cp/seed_42,MD_5000,Cp,alternating,1000,2,train,48.203529959375814,34.17980305812604,2323.5803005444413,1000,44.0,Models/RDKit_RF/scaling_results/MD_5000/Cp/alternating_Cp/seed_42/train_1000/fold_02/metrics.json
RDKit_RF,MD_5000/Cp/alternating_Cp/seed_42,MD_5000,Cp,alternating,1000,2,val,137.09841651193722,100.05798177168045,18795.97581008062,2780,44.0,Models/RDKit_RF/scaling_results/MD_5000/Cp/alternating_Cp/seed_42/train_1000/fold_02/metrics.json
RDKit_RF,MD_5000/Cp/alternating_Cp/seed_42,MD_5000,Cp,alternating,1000,3,test,137.6718784925697,98.8362030835817,18953.546127672875,2780,45.0,Models/RDKit_RF/scaling_results/MD_5000/Cp/alternating_Cp/seed_42/train_1000/fold_03/metrics.json
RDKit_RF,MD_5000/Cp/alternating_Cp/seed_42,MD_5000,Cp,alternating,1000,3,train,51.20235911613226,36.576027195912054,2621.6815790573723,1000,45.0,Models/RDKit_RF/scaling_results/MD_5000/Cp/alternating_Cp/seed_42/train_1000/fold_03/metrics.json
RDKit_RF,MD_5000/Cp/alternating_Cp/seed_42,MD_5000,Cp,alternating,1000,3,val,137.03501378134703,98.23446223825955,18778.59500205397,2780,45.0,Models/RDKit_RF/scaling_results/MD_5000/Cp/alternating_Cp/seed_42/train_1000/fold_03/metrics.json
RDKit_RF,MD_5000/Cp/alternating_Cp/seed_42,MD_5000,Cp,alternating,1000,4,test,136.1257502606898,98.50359436335138,18530.219884035694,2780,46.0,Models/RDKit_RF/scaling_results/MD_5000/Cp/alternating_Cp/seed_42/train_1000/fold_04/metrics.json
RDKit_RF,MD_5000/Cp/alternating_Cp/seed_42,MD_5000,Cp,alternating,1000,4,train,52.10066587432189,36.987800034393224,2714.4793845477298,1000,46.0,Models/RDKit_RF/scaling_results/MD_5000/Cp/alternating_Cp/seed_42/train_1000/fold_04/metrics.json
RDKit_RF,MD_5000/Cp/alternating_Cp/seed_42,MD_5000,Cp,alternating,1000,4,val,140.87726955273166,100.19682049379607,19846.40507663302,2780,46.0,Models/RDKit_RF/scaling_results/MD_5000/Cp/alternating_Cp/seed_42/train_1000/fold_04/metrics.json
RDKit_RF,MD_5000/Cp/alternating_Cp/seed_42,MD_5000,Cp,alternating,3000,0,test,113.30775610343728,82.6428824692268,12838.647593196029,2780,42.0,Models/RDKit_RF/scaling_results/MD_5000/Cp/alternating_Cp/seed_42/train_3000/fold_00/metrics.json
RDKit_RF,MD_5000/Cp/alternating_Cp/seed_42,MD_5000,Cp,alternating,3000,0,train,42.068269710504055,30.37469244814509,1769.7393164357127,3000,42.0,Models/RDKit_RF/scaling_results/MD_5000/Cp/alternating_Cp/seed_42/train_3000/fold_00/metrics.json
RDKit_RF,MD_5000/Cp/alternating_Cp/seed_42,MD_5000,Cp,alternating,3000,0,val,116.8482456844859,84.51169383230405,13653.512519541977,2780,42.0,Models/RDKit_RF/scaling_results/MD_5000/Cp/alternating_Cp/seed_42/train_3000/fold_00/metrics.json
RDKit_RF,MD_5000/Cp/alternating_Cp/seed_42,MD_5000,Cp,alternating,3000,1,test,113.52758724121244,83.51802069748102,12888.513064811103,2780,43.0,Models/RDKit_RF/scaling_results/MD_5000/Cp/alternating_Cp/seed_42/train_3000/fold_01/metrics.json
RDKit_RF,MD_5000/Cp/alternating_Cp/seed_42,MD_5000,Cp,alternating,3000,1,train,44.03798321076157,31.551773078409663,1939.3439652713178,3000,43.0,Models/RDKit_RF/scaling_results/MD_5000/Cp/alternating_Cp/seed_42/train_3000/fold_01/metrics.json
RDKit_RF,MD_5000/Cp/alternating_Cp/seed_42,MD_5000,Cp,alternating,3000,1,val,122.00554494933424,85.2273044018034,14885.352998384018,2780,43.0,Models/RDKit_RF/scaling_results/MD_5000/Cp/alternating_Cp/seed_42/train_3000/fold_01/metrics.json
RDKit_RF,MD_5000/Cp/alternating_Cp/seed_42,MD_5000,Cp,alternating,3000,2,test,117.10824959768237,83.99719752232161,13714.342123833074,2780,44.0,Models/RDKit_RF/scaling_results/MD_5000/Cp/alternating_Cp/seed_42/train_3000/fold_02/metrics.json
RDKit_RF,MD_5000/Cp/alternating_Cp/seed_42,MD_5000,Cp,alternating,3000,2,train,41.55310425240071,30.57000537144592,1726.660473010882,3000,44.0,Models/RDKit_RF/scaling_results/MD_5000/Cp/alternating_Cp/seed_42/train_3000/fold_02/metrics.json
RDKit_RF,MD_5000/Cp/alternating_Cp/seed_42,MD_5000,Cp,alternating,3000,2,val,113.57222157810061,83.91583816103821,12898.649514185181,2780,44.0,Models/RDKit_RF/scaling_results/MD_5000/Cp/alternating_Cp/seed_42/train_3000/fold_02/metrics.json
RDKit_RF,MD_5000/Cp/alternating_Cp/seed_42,MD_5000,Cp,alternating,3000,3,test,117.72828911286213,84.10846419159634,13859.950057441652,2780,45.0,Models/RDKit_RF/scaling_results/MD_5000/Cp/alternating_Cp/seed_42/train_3000/fold_03/metrics.json
RDKit_RF,MD_5000/Cp/alternating_Cp/seed_42,MD_5000,Cp,alternating,3000,3,train,44.5824602544459,31.783185584934195,1987.595762339248,3000,45.0,Models/RDKit_RF/scaling_results/MD_5000/Cp/alternating_Cp/seed_42/train_3000/fold_03/metrics.json
RDKit_RF,MD_5000/Cp/alternating_Cp/seed_42,MD_5000,Cp,alternating,3000,3,val,116.35326744497316,83.45480410218302,13538.082845121451,2780,45.0,Models/RDKit_RF/scaling_results/MD_5000/Cp/alternating_Cp/seed_42/train_3000/fold_03/metrics.json
RDKit_RF,MD_5000/Cp/alternating_Cp/seed_42,MD_5000,Cp,alternating,3000,4,test,108.71447617859548,79.27404104747292,11818.837330786404,2780,46.0,Models/RDKit_RF/scaling_results/MD_5000/Cp/alternating_Cp/seed_42/train_3000/fold_04/metrics.json
RDKit_RF,MD_5000/Cp/alternating_Cp/seed_42,MD_5000,Cp,alternating,3000,4,train,43.991266299454054,31.36441870695659,1935.231510629482,3000,46.0,Models/RDKit_RF/scaling_results/MD_5000/Cp/alternating_Cp/seed_42/train_3000/fold_04/metrics.json
RDKit_RF,MD_5000/Cp/alternating_Cp/seed_42,MD_5000,Cp,alternating,3000,4,val,110.10343010670924,79.81100158229974,12122.765321263007,2780,46.0,Models/RDKit_RF/scaling_results/MD_5000/Cp/alternating_Cp/seed_42/train_3000/fold_04/metrics.json
RDKit_RF,MD_5000/Cp/alternating_Cp/seed_42,MD_5000,Cp,alternating,10000,0,test,102.52020442837065,73.29150181731718,10510.392316034908,2780,42.0,Models/RDKit_RF/scaling_results/MD_5000/Cp/alternating_Cp/seed_42/train_10000/fold_00/metrics.json
RDKit_RF,MD_5000/Cp/alternating_Cp/seed_42,MD_5000,Cp,alternating,10000,0,train,36.822530773318725,26.74700599416272,1355.8987725520044,10000,42.0,Models/RDKit_RF/scaling_results/MD_5000/Cp/alternating_Cp/seed_42/train_10000/fold_00/metrics.json
RDKit_RF,MD_5000/Cp/alternating_Cp/seed_42,MD_5000,Cp,alternating,10000,0,val,102.74518819956167,74.78550403025866,10556.573698163345,2780,42.0,Models/RDKit_RF/scaling_results/MD_5000/Cp/alternating_Cp/seed_42/train_10000/fold_00/metrics.json
RDKit_RF,MD_5000/Cp/alternating_Cp/seed_42,MD_5000,Cp,alternating,10000,1,test,98.80667326434174,72.72509200935916,9762.758681566385,2780,43.0,Models/RDKit_RF/scaling_results/MD_5000/Cp/alternating_Cp/seed_42/train_10000/fold_01/metrics.json
RDKit_RF,MD_5000/Cp/alternating_Cp/seed_42,MD_5000,Cp,alternating,10000,1,train,37.644354969409264,27.29974389718814,1417.097461062888,10000,43.0,Models/RDKit_RF/scaling_results/MD_5000/Cp/alternating_Cp/seed_42/train_10000/fold_01/metrics.json
RDKit_RF,MD_5000/Cp/alternating_Cp/seed_42,MD_5000,Cp,alternating,10000,1,val,109.60585899937523,74.45250323411817,12013.444326990922,2780,43.0,Models/RDKit_RF/scaling_results/MD_5000/Cp/alternating_Cp/seed_42/train_10000/fold_01/metrics.json
RDKit_RF,MD_5000/Cp/alternating_Cp/seed_42,MD_5000,Cp,alternating,10000,2,test,100.00181762125652,72.68662096164458,10000.363527555051,2780,44.0,Models/RDKit_RF/scaling_results/MD_5000/Cp/alternating_Cp/seed_42/train_10000/fold_02/metrics.json
RDKit_RF,MD_5000/Cp/alternating_Cp/seed_42,MD_5000,Cp,alternating,10000,2,train,36.41994042553024,26.359985623119645,1326.4120605991718,10000,44.0,Models/RDKit_RF/scaling_results/MD_5000/Cp/alternating_Cp/seed_42/train_10000/fold_02/metrics.json
RDKit_RF,MD_5000/Cp/alternating_Cp/seed_42,MD_5000,Cp,alternating,10000,2,val,98.18417132046007,72.55051014622217,9640.131497885453,2780,44.0,Models/RDKit_RF/scaling_results/MD_5000/Cp/alternating_Cp/seed_42/train_10000/fold_02/metrics.json
RDKit_RF,MD_5000/Cp/alternating_Cp/seed_42,MD_5000,Cp,alternating,10000,3,test,100.46792652740534,70.54860809250212,10093.804260716119,2780,45.0,Models/RDKit_RF/scaling_results/MD_5000/Cp/alternating_Cp/seed_42/train_10000/fold_03/metrics.json
RDKit_RF,MD_5000/Cp/alternating_Cp/seed_42,MD_5000,Cp,alternating,10000,3,train,36.61322429860373,26.766754003915388,1340.5281935398666,10000,45.0,Models/RDKit_RF/scaling_results/MD_5000/Cp/alternating_Cp/seed_42/train_10000/fold_03/metrics.json
RDKit_RF,MD_5000/Cp/alternating_Cp/seed_42,MD_5000,Cp,alternating,10000,3,val,99.2790243630455,70.28017776750448,9856.32467847818,2780,45.0,Models/RDKit_RF/scaling_results/MD_5000/Cp/alternating_Cp/seed_42/train_10000/fold_03/metrics.json
RDKit_RF,MD_5000/Cp/alternating_Cp/seed_42,MD_5000,Cp,alternating,10000,4,test,97.58171488395662,70.52264205942086,9522.191079693801,2780,46.0,Models/RDKit_RF/scaling_results/MD_5000/Cp/alternating_Cp/seed_42/train_10000/fold_04/metrics.json
RDKit_RF,MD_5000/Cp/alternating_Cp/seed_42,MD_5000,Cp,alternating,10000,4,train,37.28516243304494,26.854539237213082,1390.1833376585455,10000,46.0,Models/RDKit_RF/scaling_results/MD_5000/Cp/alternating_Cp/seed_42/train_10000/fold_04/metrics.json
RDKit_RF,MD_5000/Cp/alternating_Cp/seed_42,MD_5000,Cp,alternating,10000,4,val,99.52717403541072,72.38721413808024,9905.658371474934,2780,46.0,Models/RDKit_RF/scaling_results/MD_5000/Cp/alternating_Cp/seed_42/train_10000/fold_04/metrics.json
polyBERT,MD_5000/Cp/alternating_Cp/seed_42,MD_5000,Cp,alternating,300,0,test,270.44158206335726,203.2474716076748,73138.64930893159,2780,42.0,Models/polyBERT/scaling_results/MD_5000/Cp/alternating_Cp/seed_42/train_300/fold_00/metrics.json
polyBERT,MD_5000/Cp/alternating_Cp/seed_42,MD_5000,Cp,alternating,300,0,train,145.41124706969686,114.33686808268229,21144.43077436442,300,42.0,Models/polyBERT/scaling_results/MD_5000/Cp/alternating_Cp/seed_42/train_300/fold_00/metrics.json
polyBERT,MD_5000/Cp/alternating_Cp/seed_42,MD_5000,Cp,alternating,300,0,val,261.106322722057,199.24654769348584,68176.51176543496,2780,42.0,Models/polyBERT/scaling_results/MD_5000/Cp/alternating_Cp/seed_42/train_300/fold_00/metrics.json
polyBERT,MD_5000/Cp/alternating_Cp/seed_42,MD_5000,Cp,alternating,300,1,test,251.69133676858988,196.30160425858531,63348.52900435972,2780,43.0,Models/polyBERT/scaling_results/MD_5000/Cp/alternating_Cp/seed_42/train_300/fold_01/metrics.json
polyBERT,MD_5000/Cp/alternating_Cp/seed_42,MD_5000,Cp,alternating,300,1,train,137.4940668788985,109.88964436848958,18904.618426899015,300,43.0,Models/polyBERT/scaling_results/MD_5000/Cp/alternating_Cp/seed_42/train_300/fold_01/metrics.json
polyBERT,MD_5000/Cp/alternating_Cp/seed_42,MD_5000,Cp,alternating,300,1,val,258.3051316173433,197.32729667828238,66721.54101985306,2780,43.0,Models/polyBERT/scaling_results/MD_5000/Cp/alternating_Cp/seed_42/train_300/fold_01/metrics.json
polyBERT,MD_5000/Cp/alternating_Cp/seed_42,MD_5000,Cp,alternating,300,2,test,267.12076538139485,206.73034764571156,71353.5032979422,2780,44.0,Models/polyBERT/scaling_results/MD_5000/Cp/alternating_Cp/seed_42/train_300/fold_02/metrics.json
polyBERT,MD_5000/Cp/alternating_Cp/seed_42,MD_5000,Cp,alternating,300,2,train,137.9668456495871,108.51857259114583,19034.850498496988,300,44.0,Models/polyBERT/scaling_results/MD_5000/Cp/alternating_Cp/seed_42/train_300/fold_02/metrics.json
polyBERT,MD_5000/Cp/alternating_Cp/seed_42,MD_5000,Cp,alternating,300,2,val,272.10956048709147,208.53459788809576,74043.6129084781,2780,44.0,Models/polyBERT/scaling_results/MD_5000/Cp/alternating_Cp/seed_42/train_300/fold_02/metrics.json
polyBERT,MD_5000/Cp/alternating_Cp/seed_42,MD_5000,Cp,alternating,300,3,test,288.57051604147625,214.5289632673744,83272.9427284439,2780,45.0,Models/polyBERT/scaling_results/MD_5000/Cp/alternating_Cp/seed_42/train_300/fold_03/metrics.json
polyBERT,MD_5000/Cp/alternating_Cp/seed_42,MD_5000,Cp,alternating,300,3,train,142.21668230422756,111.3913700358073,20225.58472562159,300,45.0,Models/polyBERT/scaling_results/MD_5000/Cp/alternating_Cp/seed_42/train_300/fold_03/metrics.json
polyBERT,MD_5000/Cp/alternating_Cp/seed_42,MD_5000,Cp,alternating,300,3,val,286.32301397480074,213.34623470169177,81980.86833161395,2780,45.0,Models/polyBERT/scaling_results/MD_5000/Cp/alternating_Cp/seed_42/train_300/fold_03/metrics.json
polyBERT,MD_5000/Cp/alternating_Cp/seed_42,MD_5000,Cp,alternating,300,4,test,279.32039300178405,216.96262158730048,78019.8819466711,2780,46.0,Models/polyBERT/scaling_results/MD_5000/Cp/alternating_Cp/seed_42/train_300/fold_04/metrics.json
polyBERT,MD_5000/Cp/alternating_Cp/seed_42,MD_5000,Cp,alternating,300,4,train,137.57687345297342,106.93817830403646,18927.396109095465,300,46.0,Models/polyBERT/scaling_results/MD_5000/Cp/alternating_Cp/seed_42/train_300/fold_04/metrics.json
polyBERT,MD_5000/Cp/alternating_Cp/seed_42,MD_5000,Cp,alternating,300,4,val,279.5210576905872,212.331388624452,78132.0216924646,2780,46.0,Models/polyBERT/scaling_results/MD_5000/Cp/alternating_Cp/seed_42/train_300/fold_04/metrics.json
polyBERT,MD_5000/Cp/alternating_Cp/seed_42,MD_5000,Cp,alternating,1000,0,test,191.51612778167438,142.50472012526697,36678.42720048663,2780,42.0,Models/polyBERT/scaling_results/MD_5000/Cp/alternating_Cp/seed_42/train_1000/fold_00/metrics.json
polyBERT,MD_5000/Cp/alternating_Cp/seed_42,MD_5000,Cp,alternating,1000,0,train,95.76588690139582,73.54266369628907,9171.105094010934,1000,42.0,Models/polyBERT/scaling_results/MD_5000/Cp/alternating_Cp/seed_42/train_1000/fold_00/metrics.json
polyBERT,MD_5000/Cp/alternating_Cp/seed_42,MD_5000,Cp,alternating,1000,0,val,186.1338120443213,143.47907174748482,34645.795986150726,2780,42.0,Models/polyBERT/scaling_results/MD_5000/Cp/alternating_Cp/seed_42/train_1000/fold_00/metrics.json
polyBERT,MD_5000/Cp/alternating_Cp/seed_42,MD_5000,Cp,alternating,1000,1,test,189.48823764152885,145.67764211970268,35905.792204492514,2780,43.0,Models/polyBERT/scaling_results/MD_5000/Cp/alternating_Cp/seed_42/train_1000/fold_01/metrics.json
polyBERT,MD_5000/Cp/alternating_Cp/seed_42,MD_5000,Cp,alternating,1000,1,train,100.03517638020222,75.21374340820313,10007.036513418168,1000,43.0,Models/polyBERT/scaling_results/MD_5000/Cp/alternating_Cp/seed_42/train_1000/fold_01/metrics.json
polyBERT,MD_5000/Cp/alternating_Cp/seed_42,MD_5000,Cp,alternating,1000,1,val,191.5514794082429,145.92521173490894,36691.9692634865,2780,43.0,Models/polyBERT/scaling_results/MD_5000/Cp/alternating_Cp/seed_42/train_1000/fold_01/metrics.json
polyBERT,MD_5000/Cp/alternating_Cp/seed_42,MD_5000,Cp,alternating,1000,2,test,201.09391109293273,152.53314634913164,40438.76107865234,2780,44.0,Models/polyBERT/scaling_results/MD_5000/Cp/alternating_Cp/seed_42/train_1000/fold_02/metrics.json
polyBERT,MD_5000/Cp/alternating_Cp/seed_42,MD_5000,Cp,alternating,1000,2,train,98.92246426549464,78.49894116210938,9785.653936358065,1000,44.0,Models/polyBERT/scaling_results/MD_5000/Cp/alternating_Cp/seed_42/train_1000/fold_02/metrics.json
polyBERT,MD_5000/Cp/alternating_Cp/seed_42,MD_5000,Cp,alternating,1000,2,val,195.9902913313974,149.3886642785381,38412.194296166024,2780,44.0,Models/polyBERT/scaling_results/MD_5000/Cp/alternating_Cp/seed_42/train_1000/fold_02/metrics.json
polyBERT,MD_5000/Cp/alternating_Cp/seed_42,MD_5000,Cp,alternating,1000,3,test,191.11635694564143,144.7664893280688,36525.46189217382,2780,45.0,Models/polyBERT/scaling_results/MD_5000/Cp/alternating_Cp/seed_42/train_1000/fold_03/metrics.json
polyBERT,MD_5000/Cp/alternating_Cp/seed_42,MD_5000,Cp,alternating,1000,3,train,100.02126011378347,75.59079089355468,10004.252474749133,1000,45.0,Models/polyBERT/scaling_results/MD_5000/Cp/alternating_Cp/seed_42/train_1000/fold_03/metrics.json
polyBERT,MD_5000/Cp/alternating_Cp/seed_42,MD_5000,Cp,alternating,1000,3,val,187.65742339846952,141.7140195119295,35215.30855655245,2780,45.0,Models/polyBERT/scaling_results/MD_5000/Cp/alternating_Cp/seed_42/train_1000/fold_03/metrics.json
polyBERT,MD_5000/Cp/alternating_Cp/seed_42,MD_5000,Cp,alternating,1000,4,test,187.0687284348324,144.90788842070876,34994.70915822507,2780,46.0,Models/polyBERT/scaling_results/MD_5000/Cp/alternating_Cp/seed_42/train_1000/fold_04/metrics.json
polyBERT,MD_5000/Cp/alternating_Cp/seed_42,MD_5000,Cp,alternating,1000,4,train,93.4958771254383,71.61564404296875,8741.479039455056,1000,46.0,Models/polyBERT/scaling_results/MD_5000/Cp/alternating_Cp/seed_42/train_1000/fold_04/metrics.json
polyBERT,MD_5000/Cp/alternating_Cp/seed_42,MD_5000,Cp,alternating,1000,4,val,196.81168467973467,149.53217149912882,38734.839226475306,2780,46.0,Models/polyBERT/scaling_results/MD_5000/Cp/alternating_Cp/seed_42/train_1000/fold_04/metrics.json
polyBERT,MD_5000/Cp/alternating_Cp/seed_42,MD_5000,Cp,alternating,3000,0,test,144.59283385545413,111.14645521863758,20907.087602350963,2780,42.0,Models/polyBERT/scaling_results/MD_5000/Cp/alternating_Cp/seed_42/train_3000/fold_00/metrics.json
polyBERT,MD_5000/Cp/alternating_Cp/seed_42,MD_5000,Cp,alternating,3000,0,train,79.90222241232996,60.934212524414065,6384.365146429444,3000,42.0,Models/polyBERT/scaling_results/MD_5000/Cp/alternating_Cp/seed_42/train_3000/fold_00/metrics.json
polyBERT,MD_5000/Cp/alternating_Cp/seed_42,MD_5000,Cp,alternating,3000,0,val,144.1416116750456,111.42910257243425,20776.80421627964,2780,42.0,Models/polyBERT/scaling_results/MD_5000/Cp/alternating_Cp/seed_42/train_3000/fold_00/metrics.json
polyBERT,MD_5000/Cp/alternating_Cp/seed_42,MD_5000,Cp,alternating,3000,1,test,146.6026457766187,113.75504967120054,21492.335748704732,2780,43.0,Models/polyBERT/scaling_results/MD_5000/Cp/alternating_Cp/seed_42/train_3000/fold_01/metrics.json
polyBERT,MD_5000/Cp/alternating_Cp/seed_42,MD_5000,Cp,alternating,3000,1,train,77.4073750856472,59.19275130208333,5991.901717650076,3000,43.0,Models/polyBERT/scaling_results/MD_5000/Cp/alternating_Cp/seed_42/train_3000/fold_01/metrics.json
polyBERT,MD_5000/Cp/alternating_Cp/seed_42,MD_5000,Cp,alternating,3000,1,val,149.18336927230933,115.06414847614096,22255.677667438213,2780,43.0,Models/polyBERT/scaling_results/MD_5000/Cp/alternating_Cp/seed_42/train_3000/fold_01/metrics.json
polyBERT,MD_5000/Cp/alternating_Cp/seed_42,MD_5000,Cp,alternating,3000,2,test,148.23948540364725,111.84435521407093,21974.945032738146,2780,44.0,Models/polyBERT/scaling_results/MD_5000/Cp/alternating_Cp/seed_42/train_3000/fold_02/metrics.json
polyBERT,MD_5000/Cp/alternating_Cp/seed_42,MD_5000,Cp,alternating,3000,2,train,78.86449194028033,61.442343139648436,6219.6080889985415,3000,44.0,Models/polyBERT/scaling_results/MD_5000/Cp/alternating_Cp/seed_42/train_3000/fold_02/metrics.json
polyBERT,MD_5000/Cp/alternating_Cp/seed_42,MD_5000,Cp,alternating,3000,2,val,150.43998710037624,114.66607406945538,22632.18971876137,2780,44.0,Models/polyBERT/scaling_results/MD_5000/Cp/alternating_Cp/seed_42/train_3000/fold_02/metrics.json
polyBERT,MD_5000/Cp/alternating_Cp/seed_42,MD_5000,Cp,alternating,3000,3,test,149.32873697593118,114.99922814677946,22299.07168682684,2780,45.0,Models/polyBERT/scaling_results/MD_5000/Cp/alternating_Cp/seed_42/train_3000/fold_03/metrics.json
polyBERT,MD_5000/Cp/alternating_Cp/seed_42,MD_5000,Cp,alternating,3000,3,train,80.22208435925809,61.28910233561198,6435.582818943923,3000,45.0,Models/polyBERT/scaling_results/MD_5000/Cp/alternating_Cp/seed_42/train_3000/fold_03/metrics.json
polyBERT,MD_5000/Cp/alternating_Cp/seed_42,MD_5000,Cp,alternating,3000,3,val,147.67599965974415,112.01506558425135,21808.200875504754,2780,45.0,Models/polyBERT/scaling_results/MD_5000/Cp/alternating_Cp/seed_42/train_3000/fold_03/metrics.json
polyBERT,MD_5000/Cp/alternating_Cp/seed_42,MD_5000,Cp,alternating,3000,4,test,144.8447198500092,112.49079374683846,20979.99286842765,2780,46.0,Models/polyBERT/scaling_results/MD_5000/Cp/alternating_Cp/seed_42/train_3000/fold_04/metrics.json
polyBERT,MD_5000/Cp/alternating_Cp/seed_42,MD_5000,Cp,alternating,3000,4,train,76.67339417639062,59.33585359700521,5878.809374528169,3000,46.0,Models/polyBERT/scaling_results/MD_5000/Cp/alternating_Cp/seed_42/train_3000/fold_04/metrics.json
polyBERT,MD_5000/Cp/alternating_Cp/seed_42,MD_5000,Cp,alternating,3000,4,val,148.38553750661777,113.17723669697055,22018.26774112787,2780,46.0,Models/polyBERT/scaling_results/MD_5000/Cp/alternating_Cp/seed_42/train_3000/fold_04/metrics.json
polyBERT,MD_5000/Cp/alternating_Cp/seed_42,MD_5000,Cp,alternating,10000,0,test,122.4076422631348,94.67414225845886,14983.630884419585,2780,42.0,Models/polyBERT/scaling_results/MD_5000/Cp/alternating_Cp/seed_42/train_10000/fold_00/metrics.json
polyBERT,MD_5000/Cp/alternating_Cp/seed_42,MD_5000,Cp,alternating,10000,0,train,80.09913128160794,61.47933511962891,6415.870832068263,10000,42.0,Models/polyBERT/scaling_results/MD_5000/Cp/alternating_Cp/seed_42/train_10000/fold_00/metrics.json
polyBERT,MD_5000/Cp/alternating_Cp/seed_42,MD_5000,Cp,alternating,10000,0,val,124.21975248057284,96.435888671875,15430.546906334783,2780,42.0,Models/polyBERT/scaling_results/MD_5000/Cp/alternating_Cp/seed_42/train_10000/fold_00/metrics.json
polyBERT,MD_5000/Cp/alternating_Cp/seed_42,MD_5000,Cp,alternating,10000,1,test,126.15535643939899,97.02273375147539,15915.173958351807,2780,43.0,Models/polyBERT/scaling_results/MD_5000/Cp/alternating_Cp/seed_42/train_10000/fold_01/metrics.json
polyBERT,MD_5000/Cp/alternating_Cp/seed_42,MD_5000,Cp,alternating,10000,1,train,80.4363601358177,61.82131771240234,6470.008031898962,10000,43.0,Models/polyBERT/scaling_results/MD_5000/Cp/alternating_Cp/seed_42/train_10000/fold_01/metrics.json
polyBERT,MD_5000/Cp/alternating_Cp/seed_42,MD_5000,Cp,alternating,10000,1,val,126.11651651524478,95.87932910507531,15905.37573794001,2780,43.0,Models/polyBERT/scaling_results/MD_5000/Cp/alternating_Cp/seed_42/train_10000/fold_01/metrics.json
polyBERT,MD_5000/Cp/alternating_Cp/seed_42,MD_5000,Cp,alternating,10000,2,test,125.42366172736637,96.1354205893098,15731.094921100826,2780,44.0,Models/polyBERT/scaling_results/MD_5000/Cp/alternating_Cp/seed_42/train_10000/fold_02/metrics.json
polyBERT,MD_5000/Cp/alternating_Cp/seed_42,MD_5000,Cp,alternating,10000,2,train,80.1753439894624,61.83291091308594,6428.085783828625,10000,44.0,Models/polyBERT/scaling_results/MD_5000/Cp/alternating_Cp/seed_42/train_10000/fold_02/metrics.json
polyBERT,MD_5000/Cp/alternating_Cp/seed_42,MD_5000,Cp,alternating,10000,2,val,124.7824016576225,95.92812363878429,15570.64776344423,2780,44.0,Models/polyBERT/scaling_results/MD_5000/Cp/alternating_Cp/seed_42/train_10000/fold_02/metrics.json
polyBERT,MD_5000/Cp/alternating_Cp/seed_42,MD_5000,Cp,alternating,10000,3,test,125.41432894224228,94.71586698902597,15728.753904032948,2780,45.0,Models/polyBERT/scaling_results/MD_5000/Cp/alternating_Cp/seed_42/train_10000/fold_03/metrics.json
polyBERT,MD_5000/Cp/alternating_Cp/seed_42,MD_5000,Cp,alternating,10000,3,train,76.44947442886712,58.87850651855469,5844.522140450007,10000,45.0,Models/polyBERT/scaling_results/MD_5000/Cp/alternating_Cp/seed_42/train_10000/fold_03/metrics.json
polyBERT,MD_5000/Cp/alternating_Cp/seed_42,MD_5000,Cp,alternating,10000,3,val,126.31478695339288,96.62838810982464,15955.425403081032,2780,45.0,Models/polyBERT/scaling_results/MD_5000/Cp/alternating_Cp/seed_42/train_10000/fold_03/metrics.json
polyBERT,MD_5000/Cp/alternating_Cp/seed_42,MD_5000,Cp,alternating,10000,4,test,122.4494586701017,93.16631632194245,14993.869928600945,2780,46.0,Models/polyBERT/scaling_results/MD_5000/Cp/alternating_Cp/seed_42/train_10000/fold_04/metrics.json
polyBERT,MD_5000/Cp/alternating_Cp/seed_42,MD_5000,Cp,alternating,10000,4,train,80.75119100087106,62.38137768554687,6520.7548480591595,10000,46.0,Models/polyBERT/scaling_results/MD_5000/Cp/alternating_Cp/seed_42/train_10000/fold_04/metrics.json
polyBERT,MD_5000/Cp/alternating_Cp/seed_42,MD_5000,Cp,alternating,10000,4,val,127.00213085754629,94.98159157732408,16129.54124235731,2780,46.0,Models/polyBERT/scaling_results/MD_5000/Cp/alternating_Cp/seed_42/train_10000/fold_04/metrics.json
polymer_chemprop,MD_5000/Cp/alternating_Cp/seed_42,MD_5000,Cp,alternating,300,0,test,95.46664841129508,,,2780,,Models/polymer_chemprop/scaling_results/MD_5000/Cp/alternating_Cp/seed_42/train_300/fold_00/fold_0/test_scores.json
polymer_chemprop,MD_5000/Cp/alternating_Cp/seed_42,MD_5000,Cp,alternating,300,1,test,97.48583235635662,,,2780,,Models/polymer_chemprop/scaling_results/MD_5000/Cp/alternating_Cp/seed_42/train_300/fold_01/fold_0/test_scores.json
polymer_chemprop,MD_5000/Cp/alternating_Cp/seed_42,MD_5000,Cp,alternating,300,2,test,100.61518003628595,,,2780,,Models/polymer_chemprop/scaling_results/MD_5000/Cp/alternating_Cp/seed_42/train_300/fold_02/fold_0/test_scores.json
polymer_chemprop,MD_5000/Cp/alternating_Cp/seed_42,MD_5000,Cp,alternating,300,3,test,90.7976899807632,,,2780,,Models/polymer_chemprop/scaling_results/MD_5000/Cp/alternating_Cp/seed_42/train_300/fold_03/fold_0/test_scores.json
polymer_chemprop,MD_5000/Cp/alternating_Cp/seed_42,MD_5000,Cp,alternating,300,4,test,97.33394502157647,,,2780,,Models/polymer_chemprop/scaling_results/MD_5000/Cp/alternating_Cp/seed_42/train_300/fold_04/fold_0/test_scores.json
polymer_chemprop,MD_5000/Cp/alternating_Cp/seed_42,MD_5000,Cp,alternating,1000,0,test,74.78644839497898,,,2780,,Models/polymer_chemprop/scaling_results/MD_5000/Cp/alternating_Cp/seed_42/train_1000/fold_00/fold_0/test_scores.json
polymer_chemprop,MD_5000/Cp/alternating_Cp/seed_42,MD_5000,Cp,alternating,1000,1,test,75.31398019332384,,,2780,,Models/polymer_chemprop/scaling_results/MD_5000/Cp/alternating_Cp/seed_42/train_1000/fold_01/fold_0/test_scores.json
polymer_chemprop,MD_5000/Cp/alternating_Cp/seed_42,MD_5000,Cp,alternating,1000,2,test,77.36485193245487,,,2780,,Models/polymer_chemprop/scaling_results/MD_5000/Cp/alternating_Cp/seed_42/train_1000/fold_02/fold_0/test_scores.json
polymer_chemprop,MD_5000/Cp/alternating_Cp/seed_42,MD_5000,Cp,alternating,1000,3,test,74.74335163574742,,,2780,,Models/polymer_chemprop/scaling_results/MD_5000/Cp/alternating_Cp/seed_42/train_1000/fold_03/fold_0/test_scores.json
polymer_chemprop,MD_5000/Cp/alternating_Cp/seed_42,MD_5000,Cp,alternating,1000,4,test,73.13709783317574,,,2780,,Models/polymer_chemprop/scaling_results/MD_5000/Cp/alternating_Cp/seed_42/train_1000/fold_04/fold_0/test_scores.json
polymer_chemprop,MD_5000/Cp/alternating_Cp/seed_42,MD_5000,Cp,alternating,3000,0,test,68.99494757636859,,,2780,,Models/polymer_chemprop/scaling_results/MD_5000/Cp/alternating_Cp/seed_42/train_3000/fold_00/fold_0/test_scores.json
polymer_chemprop,MD_5000/Cp/alternating_Cp/seed_42,MD_5000,Cp,alternating,3000,1,test,69.92010362749849,,,2780,,Models/polymer_chemprop/scaling_results/MD_5000/Cp/alternating_Cp/seed_42/train_3000/fold_01/fold_0/test_scores.json
polymer_chemprop,MD_5000/Cp/alternating_Cp/seed_42,MD_5000,Cp,alternating,3000,2,test,69.89265769416403,,,2780,,Models/polymer_chemprop/scaling_results/MD_5000/Cp/alternating_Cp/seed_42/train_3000/fold_02/fold_0/test_scores.json
polymer_chemprop,MD_5000/Cp/alternating_Cp/seed_42,MD_5000,Cp,alternating,3000,3,test,70.37256945818046,,,2780,,Models/polymer_chemprop/scaling_results/MD_5000/Cp/alternating_Cp/seed_42/train_3000/fold_03/fold_0/test_scores.json
polymer_chemprop,MD_5000/Cp/alternating_Cp/seed_42,MD_5000,Cp,alternating,3000,4,test,69.60435178604762,,,2780,,Models/polymer_chemprop/scaling_results/MD_5000/Cp/alternating_Cp/seed_42/train_3000/fold_04/fold_0/test_scores.json
polymer_chemprop,MD_5000/Cp/alternating_Cp/seed_42,MD_5000,Cp,alternating,10000,0,test,68.39963900389586,,,2780,,Models/polymer_chemprop/scaling_results/MD_5000/Cp/alternating_Cp/seed_42/train_10000/fold_00/fold_0/test_scores.json
polymer_chemprop,MD_5000/Cp/alternating_Cp/seed_42,MD_5000,Cp,alternating,10000,1,test,67.90307469253646,,,2780,,Models/polymer_chemprop/scaling_results/MD_5000/Cp/alternating_Cp/seed_42/train_10000/fold_01/fold_0/test_scores.json
polymer_chemprop,MD_5000/Cp/alternating_Cp/seed_42,MD_5000,Cp,alternating,10000,2,test,68.34682700409282,,,2780,,Models/polymer_chemprop/scaling_results/MD_5000/Cp/alternating_Cp/seed_42/train_10000/fold_02/fold_0/test_scores.json
polymer_chemprop,MD_5000/Cp/alternating_Cp/seed_42,MD_5000,Cp,alternating,10000,3,test,68.93424658631545,,,2780,,Models/polymer_chemprop/scaling_results/MD_5000/Cp/alternating_Cp/seed_42/train_10000/fold_03/fold_0/test_scores.json
polymer_chemprop,MD_5000/Cp/alternating_Cp/seed_42,MD_5000,Cp,alternating,10000,4,test,68.34888851135369,,,2780,,Models/polymer_chemprop/scaling_results/MD_5000/Cp/alternating_Cp/seed_42/train_10000/fold_04/fold_0/test_scores.json
polymer_periodic_graph,MD_5000/Cp/alternating_Cp/seed_42,MD_5000,Cp,alternating,300,0,test,101.95082306760324,,,2780,,Models/polymer_periodic_graph/scaling_results/MD_5000/Cp/alternating_Cp/seed_42/train_300/fold_00/fold_0/test_scores.json
polymer_periodic_graph,MD_5000/Cp/alternating_Cp/seed_42,MD_5000,Cp,alternating,300,1,test,102.14203066865745,,,2780,,Models/polymer_periodic_graph/scaling_results/MD_5000/Cp/alternating_Cp/seed_42/train_300/fold_01/fold_0/test_scores.json
polymer_periodic_graph,MD_5000/Cp/alternating_Cp/seed_42,MD_5000,Cp,alternating,300,2,test,106.66195789850667,,,2780,,Models/polymer_periodic_graph/scaling_results/MD_5000/Cp/alternating_Cp/seed_42/train_300/fold_02/fold_0/test_scores.json
polymer_periodic_graph,MD_5000/Cp/alternating_Cp/seed_42,MD_5000,Cp,alternating,300,3,test,96.34311159289345,,,2780,,Models/polymer_periodic_graph/scaling_results/MD_5000/Cp/alternating_Cp/seed_42/train_300/fold_03/fold_0/test_scores.json
polymer_periodic_graph,MD_5000/Cp/alternating_Cp/seed_42,MD_5000,Cp,alternating,300,4,test,105.50284480695282,,,2780,,Models/polymer_periodic_graph/scaling_results/MD_5000/Cp/alternating_Cp/seed_42/train_300/fold_04/fold_0/test_scores.json
polymer_periodic_graph,MD_5000/Cp/alternating_Cp/seed_42,MD_5000,Cp,alternating,1000,0,test,72.4305496934634,,,2780,,Models/polymer_periodic_graph/scaling_results/MD_5000/Cp/alternating_Cp/seed_42/train_1000/fold_00/fold_0/test_scores.json
polymer_periodic_graph,MD_5000/Cp/alternating_Cp/seed_42,MD_5000,Cp,alternating,1000,1,test,71.66435062251871,,,2780,,Models/polymer_periodic_graph/scaling_results/MD_5000/Cp/alternating_Cp/seed_42/train_1000/fold_01/fold_0/test_scores.json
polymer_periodic_graph,MD_5000/Cp/alternating_Cp/seed_42,MD_5000,Cp,alternating,1000,2,test,72.8493689685115,,,2780,,Models/polymer_periodic_graph/scaling_results/MD_5000/Cp/alternating_Cp/seed_42/train_1000/fold_02/fold_0/test_scores.json
polymer_periodic_graph,MD_5000/Cp/alternating_Cp/seed_42,MD_5000,Cp,alternating,1000,3,test,74.42184057432308,,,2780,,Models/polymer_periodic_graph/scaling_results/MD_5000/Cp/alternating_Cp/seed_42/train_1000/fold_03/fold_0/test_scores.json
polymer_periodic_graph,MD_5000/Cp/alternating_Cp/seed_42,MD_5000,Cp,alternating,1000,4,test,75.12061869181403,,,2780,,Models/polymer_periodic_graph/scaling_results/MD_5000/Cp/alternating_Cp/seed_42/train_1000/fold_04/fold_0/test_scores.json
polymer_periodic_graph,MD_5000/Cp/alternating_Cp/seed_42,MD_5000,Cp,alternating,3000,0,test,67.99561848430817,,,2780,,Models/polymer_periodic_graph/scaling_results/MD_5000/Cp/alternating_Cp/seed_42/train_3000/fold_00/fold_0/test_scores.json
polymer_periodic_graph,MD_5000/Cp/alternating_Cp/seed_42,MD_5000,Cp,alternating,3000,1,test,69.4908127772461,,,2780,,Models/polymer_periodic_graph/scaling_results/MD_5000/Cp/alternating_Cp/seed_42/train_3000/fold_01/fold_0/test_scores.json
polymer_periodic_graph,MD_5000/Cp/alternating_Cp/seed_42,MD_5000,Cp,alternating,3000,2,test,69.66729099956383,,,2780,,Models/polymer_periodic_graph/scaling_results/MD_5000/Cp/alternating_Cp/seed_42/train_3000/fold_02/fold_0/test_scores.json
polymer_periodic_graph,MD_5000/Cp/alternating_Cp/seed_42,MD_5000,Cp,alternating,3000,3,test,69.91916729964996,,,2780,,Models/polymer_periodic_graph/scaling_results/MD_5000/Cp/alternating_Cp/seed_42/train_3000/fold_03/fold_0/test_scores.json
polymer_periodic_graph,MD_5000/Cp/alternating_Cp/seed_42,MD_5000,Cp,alternating,3000,4,test,69.89989984094444,,,2780,,Models/polymer_periodic_graph/scaling_results/MD_5000/Cp/alternating_Cp/seed_42/train_3000/fold_04/fold_0/test_scores.json
polymer_periodic_graph,MD_5000/Cp/alternating_Cp/seed_42,MD_5000,Cp,alternating,10000,0,test,67.39183122317667,,,2780,,Models/polymer_periodic_graph/scaling_results/MD_5000/Cp/alternating_Cp/seed_42/train_10000/fold_00/fold_0/test_scores.json
polymer_periodic_graph,MD_5000/Cp/alternating_Cp/seed_42,MD_5000,Cp,alternating,10000,1,test,67.35762836955641,,,2780,,Models/polymer_periodic_graph/scaling_results/MD_5000/Cp/alternating_Cp/seed_42/train_10000/fold_01/fold_0/test_scores.json
polymer_periodic_graph,MD_5000/Cp/alternating_Cp/seed_42,MD_5000,Cp,alternating,10000,2,test,68.21332305081404,,,2780,,Models/polymer_periodic_graph/scaling_results/MD_5000/Cp/alternating_Cp/seed_42/train_10000/fold_02/fold_0/test_scores.json
polymer_periodic_graph,MD_5000/Cp/alternating_Cp/seed_42,MD_5000,Cp,alternating,10000,3,test,69.22085675832044,,,2780,,Models/polymer_periodic_graph/scaling_results/MD_5000/Cp/alternating_Cp/seed_42/train_10000/fold_03/fold_0/test_scores.json
polymer_periodic_graph,MD_5000/Cp/alternating_Cp/seed_42,MD_5000,Cp,alternating,10000,4,test,68.72154922142197,,,2780,,Models/polymer_periodic_graph/scaling_results/MD_5000/Cp/alternating_Cp/seed_42/train_10000/fold_04/fold_0/test_scores.json
RDKit_RF,MD_5000/Cp/homopolymer_Cp/seed_42,MD_5000,Cp,homopolymer,300,0,test,209.67582050713096,157.28248848246952,43963.94970533861,180,42.0,Models/RDKit_RF/scaling_results/MD_5000/Cp/homopolymer_Cp/seed_42/train_300/fold_00/metrics.json
RDKit_RF,MD_5000/Cp/homopolymer_Cp/seed_42,MD_5000,Cp,homopolymer,300,0,train,93.49833480602739,61.63576306858938,8741.938611499992,300,42.0,Models/RDKit_RF/scaling_results/MD_5000/Cp/homopolymer_Cp/seed_42/train_300/fold_00/metrics.json
RDKit_RF,MD_5000/Cp/homopolymer_Cp/seed_42,MD_5000,Cp,homopolymer,300,0,val,246.9185789566449,165.56672107495868,60968.78463396888,180,42.0,Models/RDKit_RF/scaling_results/MD_5000/Cp/homopolymer_Cp/seed_42/train_300/fold_00/metrics.json
RDKit_RF,MD_5000/Cp/homopolymer_Cp/seed_42,MD_5000,Cp,homopolymer,300,1,test,214.10059918514335,148.87755350071197,45839.066571437404,180,43.0,Models/RDKit_RF/scaling_results/MD_5000/Cp/homopolymer_Cp/seed_42/train_300/fold_01/metrics.json
RDKit_RF,MD_5000/Cp/homopolymer_Cp/seed_42,MD_5000,Cp,homopolymer,300,1,train,76.78800370348954,56.032655963079186,5896.397512767123,300,43.0,Models/RDKit_RF/scaling_results/MD_5000/Cp/homopolymer_Cp/seed_42/train_300/fold_01/metrics.json
RDKit_RF,MD_5000/Cp/homopolymer_Cp/seed_42,MD_5000,Cp,homopolymer,300,1,val,218.58236838523973,150.08588126249265,47778.25176890065,180,43.0,Models/RDKit_RF/scaling_results/MD_5000/Cp/homopolymer_Cp/seed_42/train_300/fold_01/metrics.json
RDKit_RF,MD_5000/Cp/homopolymer_Cp/seed_42,MD_5000,Cp,homopolymer,300,2,test,276.9834914895267,180.6812332229596,76719.85455772873,180,44.0,Models/RDKit_RF/scaling_results/MD_5000/Cp/homopolymer_Cp/seed_42/train_300/fold_02/metrics.json
RDKit_RF,MD_5000/Cp/homopolymer_Cp/seed_42,MD_5000,Cp,homopolymer,300,2,train,82.64216040713627,55.47040252361742,6829.726676758843,300,44.0,Models/RDKit_RF/scaling_results/MD_5000/Cp/homopolymer_Cp/seed_42/train_300/fold_02/metrics.json
RDKit_RF,MD_5000/Cp/homopolymer_Cp/seed_42,MD_5000,Cp,homopolymer,300,2,val,252.75513467026806,175.53634807613074,63885.15810218535,180,44.0,Models/RDKit_RF/scaling_results/MD_5000/Cp/homopolymer_Cp/seed_42/train_300/fold_02/metrics.json
RDKit_RF,MD_5000/Cp/homopolymer_Cp/seed_42,MD_5000,Cp,homopolymer,300,3,test,235.69635134049423,173.0644740626614,55552.7700352217,180,45.0,Models/RDKit_RF/scaling_results/MD_5000/Cp/homopolymer_Cp/seed_42/train_300/fold_03/metrics.json
RDKit_RF,MD_5000/Cp/homopolymer_Cp/seed_42,MD_5000,Cp,homopolymer,300,3,train,87.48163274555186,58.58123478135483,7653.036067827611,300,45.0,Models/RDKit_RF/scaling_results/MD_5000/Cp/homopolymer_Cp/seed_42/train_300/fold_03/metrics.json
RDKit_RF,MD_5000/Cp/homopolymer_Cp/seed_42,MD_5000,Cp,homopolymer,300,3,val,233.28229131488587,177.3600627704338,54420.62744112327,180,45.0,Models/RDKit_RF/scaling_results/MD_5000/Cp/homopolymer_Cp/seed_42/train_300/fold_03/metrics.json
RDKit_RF,MD_5000/Cp/homopolymer_Cp/seed_42,MD_5000,Cp,homopolymer,300,4,test,254.2117124797667,175.1787873408167,64623.594761895576,180,46.0,Models/RDKit_RF/scaling_results/MD_5000/Cp/homopolymer_Cp/seed_42/train_300/fold_04/metrics.json
RDKit_RF,MD_5000/Cp/homopolymer_Cp/seed_42,MD_5000,Cp,homopolymer,300,4,train,84.75980082995595,59.32159698677132,7184.223836733801,300,46.0,Models/RDKit_RF/scaling_results/MD_5000/Cp/homopolymer_Cp/seed_42/train_300/fold_04/metrics.json
RDKit_RF,MD_5000/Cp/homopolymer_Cp/seed_42,MD_5000,Cp,homopolymer,300,4,val,225.49879834053343,161.29014823464095,50849.708053024566,180,46.0,Models/RDKit_RF/scaling_results/MD_5000/Cp/homopolymer_Cp/seed_42/train_300/fold_04/metrics.json
RDKit_RF,MD_5000/Cp/homopolymer_Cp/seed_42,MD_5000,Cp,homopolymer,1000,0,test,159.30085037598838,114.53230931495372,25376.76093051303,180,42.0,Models/RDKit_RF/scaling_results/MD_5000/Cp/homopolymer_Cp/seed_42/train_1000/fold_00/metrics.json
RDKit_RF,MD_5000/Cp/homopolymer_Cp/seed_42,MD_5000,Cp,homopolymer,1000,0,train,64.10281057881048,43.45596008547725,4109.170324102857,1000,42.0,Models/RDKit_RF/scaling_results/MD_5000/Cp/homopolymer_Cp/seed_42/train_1000/fold_00/metrics.json
RDKit_RF,MD_5000/Cp/homopolymer_Cp/seed_42,MD_5000,Cp,homopolymer,1000,0,val,163.78539251300782,110.70294666143022,26825.654800640037,180,42.0,Models/RDKit_RF/scaling_results/MD_5000/Cp/homopolymer_Cp/seed_42/train_1000/fold_00/metrics.json
RDKit_RF,MD_5000/Cp/homopolymer_Cp/seed_42,MD_5000,Cp,homopolymer,1000,1,test,142.31436595023615,105.56938430865763,20253.378755817732,180,43.0,Models/RDKit_RF/scaling_results/MD_5000/Cp/homopolymer_Cp/seed_42/train_1000/fold_01/metrics.json
RDKit_RF,MD_5000/Cp/homopolymer_Cp/seed_42,MD_5000,Cp,homopolymer,1000,1,train,66.79123915530208,45.391637425675114,4461.069627900757,1000,43.0,Models/RDKit_RF/scaling_results/MD_5000/Cp/homopolymer_Cp/seed_42/train_1000/fold_01/metrics.json
RDKit_RF,MD_5000/Cp/homopolymer_Cp/seed_42,MD_5000,Cp,homopolymer,1000,1,val,162.1529534535676,112.39071487893307,26293.580313714854,180,43.0,Models/RDKit_RF/scaling_results/MD_5000/Cp/homopolymer_Cp/seed_42/train_1000/fold_01/metrics.json
RDKit_RF,MD_5000/Cp/homopolymer_Cp/seed_42,MD_5000,Cp,homopolymer,1000,2,test,186.8695646377202,124.24836822073547,34920.23418789109,180,44.0,Models/RDKit_RF/scaling_results/MD_5000/Cp/homopolymer_Cp/seed_42/train_1000/fold_02/metrics.json
RDKit_RF,MD_5000/Cp/homopolymer_Cp/seed_42,MD_5000,Cp,homopolymer,1000,2,train,64.78524091523818,44.052669861870065,4197.127440445451,1000,44.0,Models/RDKit_RF/scaling_results/MD_5000/Cp/homopolymer_Cp/seed_42/train_1000/fold_02/metrics.json
RDKit_RF,MD_5000/Cp/homopolymer_Cp/seed_42,MD_5000,Cp,homopolymer,1000,2,val,173.1928260641031,117.16632390237315,29995.755000070665,180,44.0,Models/RDKit_RF/scaling_results/MD_5000/Cp/homopolymer_Cp/seed_42/train_1000/fold_02/metrics.json
RDKit_RF,MD_5000/Cp/homopolymer_Cp/seed_42,MD_5000,Cp,homopolymer,1000,3,test,171.11198850553131,124.32103178786004,29279.312610317083,180,45.0,Models/RDKit_RF/scaling_results/MD_5000/Cp/homopolymer_Cp/seed_42/train_1000/fold_03/metrics.json
RDKit_RF,MD_5000/Cp/homopolymer_Cp/seed_42,MD_5000,Cp,homopolymer,1000,3,train,64.29394975332997,43.20865564197747,4133.7119748837185,1000,45.0,Models/RDKit_RF/scaling_results/MD_5000/Cp/homopolymer_Cp/seed_42/train_1000/fold_03/metrics.json
RDKit_RF,MD_5000/Cp/homopolymer_Cp/seed_42,MD_5000,Cp,homopolymer,1000,3,val,181.15021226858596,127.13187481158084,32815.39940495375,180,45.0,Models/RDKit_RF/scaling_results/MD_5000/Cp/homopolymer_Cp/seed_42/train_1000/fold_03/metrics.json
RDKit_RF,MD_5000/Cp/homopolymer_Cp/seed_42,MD_5000,Cp,homopolymer,1000,4,test,171.2546013197674,120.52191142977172,29328.138473192477,180,46.0,Models/RDKit_RF/scaling_results/MD_5000/Cp/homopolymer_Cp/seed_42/train_1000/fold_04/metrics.json
RDKit_RF,MD_5000/Cp/homopolymer_Cp/seed_42,MD_5000,Cp,homopolymer,1000,4,train,63.30956959870593,43.074877705990595,4008.10160277339,1000,46.0,Models/RDKit_RF/scaling_results/MD_5000/Cp/homopolymer_Cp/seed_42/train_1000/fold_04/metrics.json
RDKit_RF,MD_5000/Cp/homopolymer_Cp/seed_42,MD_5000,Cp,homopolymer,1000,4,val,166.85109698830271,120.61604194773423,27839.2885662,180,46.0,Models/RDKit_RF/scaling_results/MD_5000/Cp/homopolymer_Cp/seed_42/train_1000/fold_04/metrics.json
polyBERT,MD_5000/Cp/homopolymer_Cp/seed_42,MD_5000,Cp,homopolymer,300,0,test,418.2795697591658,317.82911987304686,174957.79847791285,180,42.0,Models/polyBERT/scaling_results/MD_5000/Cp/homopolymer_Cp/seed_42/train_300/fold_00/metrics.json
polyBERT,MD_5000/Cp/homopolymer_Cp/seed_42,MD_5000,Cp,homopolymer,300,0,train,76.63596175504684,60.13317952473958,5873.070634121001,300,42.0,Models/polyBERT/scaling_results/MD_5000/Cp/homopolymer_Cp/seed_42/train_300/fold_00/metrics.json
polyBERT,MD_5000/Cp/homopolymer_Cp/seed_42,MD_5000,Cp,homopolymer,300,0,val,375.7951191036093,294.20363464355466,141221.9715420959,180,42.0,Models/polyBERT/scaling_results/MD_5000/Cp/homopolymer_Cp/seed_42/train_300/fold_00/metrics.json
polyBERT,MD_5000/Cp/homopolymer_Cp/seed_42,MD_5000,Cp,homopolymer,300,1,test,384.9705185742096,263.20884399414064,148202.30017129588,180,43.0,Models/polyBERT/scaling_results/MD_5000/Cp/homopolymer_Cp/seed_42/train_300/fold_01/metrics.json
polyBERT,MD_5000/Cp/homopolymer_Cp/seed_42,MD_5000,Cp,homopolymer,300,1,train,55.596366325041586,42.9666650390625,3090.9559485482177,300,43.0,Models/polyBERT/scaling_results/MD_5000/Cp/homopolymer_Cp/seed_42/train_300/fold_01/metrics.json
polyBERT,MD_5000/Cp/homopolymer_Cp/seed_42,MD_5000,Cp,homopolymer,300,1,val,426.8013297353674,313.3150604248047,182159.37506387781,180,43.0,Models/polyBERT/scaling_results/MD_5000/Cp/homopolymer_Cp/seed_42/train_300/fold_01/metrics.json
polyBERT,MD_5000/Cp/homopolymer_Cp/seed_42,MD_5000,Cp,homopolymer,300,2,test,417.23921046894964,309.6716495090061,174088.55875275243,180,44.0,Models/polyBERT/scaling_results/MD_5000/Cp/homopolymer_Cp/seed_42/train_300/fold_02/metrics.json
polyBERT,MD_5000/Cp/homopolymer_Cp/seed_42,MD_5000,Cp,homopolymer,300,2,train,83.67744200413344,61.787060546875,7001.914300355116,300,44.0,Models/polyBERT/scaling_results/MD_5000/Cp/homopolymer_Cp/seed_42/train_300/fold_02/metrics.json
polyBERT,MD_5000/Cp/homopolymer_Cp/seed_42,MD_5000,Cp,homopolymer,300,2,val,406.8129551292079,299.5829772949219,165496.78046095892,180,44.0,Models/polyBERT/scaling_results/MD_5000/Cp/homopolymer_Cp/seed_42/train_300/fold_02/metrics.json
polyBERT,MD_5000/Cp/homopolymer_Cp/seed_42,MD_5000,Cp,homopolymer,300,3,test,345.60860386525843,251.55364379882812,119445.30706569312,180,45.0,Models/polyBERT/scaling_results/MD_5000/Cp/homopolymer_Cp/seed_42/train_300/fold_03/metrics.json
polyBERT,MD_5000/Cp/homopolymer_Cp/seed_42,MD_5000,Cp,homopolymer,300,3,train,79.74985539262019,59.154876912434894,6360.039435143831,300,45.0,Models/polyBERT/scaling_results/MD_5000/Cp/homopolymer_Cp/seed_42/train_300/fold_03/metrics.json
polyBERT,MD_5000/Cp/homopolymer_Cp/seed_42,MD_5000,Cp,homopolymer,300,3,val,390.95813602182295,284.0616624620226,152848.2641216582,180,45.0,Models/polyBERT/scaling_results/MD_5000/Cp/homopolymer_Cp/seed_42/train_300/fold_03/metrics.json
polyBERT,MD_5000/Cp/homopolymer_Cp/seed_42,MD_5000,Cp,homopolymer,300,4,test,339.272248525523,261.6920193142361,115105.65861956427,180,46.0,Models/polyBERT/scaling_results/MD_5000/Cp/homopolymer_Cp/seed_42/train_300/fold_04/metrics.json
polyBERT,MD_5000/Cp/homopolymer_Cp/seed_42,MD_5000,Cp,homopolymer,300,4,train,75.23333955617277,56.83566528320313,5660.055380774389,300,46.0,Models/polyBERT/scaling_results/MD_5000/Cp/homopolymer_Cp/seed_42/train_300/fold_04/metrics.json
polyBERT,MD_5000/Cp/homopolymer_Cp/seed_42,MD_5000,Cp,homopolymer,300,4,val,371.6199588015517,274.64978773328994,138101.39377966698,180,46.0,Models/polyBERT/scaling_results/MD_5000/Cp/homopolymer_Cp/seed_42/train_300/fold_04/metrics.json
polyBERT,MD_5000/Cp/homopolymer_Cp/seed_42,MD_5000,Cp,homopolymer,1000,0,test,250.02944591365403,187.56620076497396,62514.723823888846,180,42.0,Models/polyBERT/scaling_results/MD_5000/Cp/homopolymer_Cp/seed_42/train_1000/fold_00/metrics.json
polyBERT,MD_5000/Cp/homopolymer_Cp/seed_42,MD_5000,Cp,homopolymer,1000,0,train,74.4685748122196,55.39527319335937,5545.568634563148,1000,42.0,Models/polyBERT/scaling_results/MD_5000/Cp/homopolymer_Cp/seed_42/train_1000/fold_00/metrics.json
polyBERT,MD_5000/Cp/homopolymer_Cp/seed_42,MD_5000,Cp,homopolymer,1000,0,val,225.38000161183226,161.08386060926648,50796.145126549505,180,42.0,Models/polyBERT/scaling_results/MD_5000/Cp/homopolymer_Cp/seed_42/train_1000/fold_00/metrics.json
polyBERT,MD_5000/Cp/homopolymer_Cp/seed_42,MD_5000,Cp,homopolymer,1000,1,test,219.38471172347968,160.1788818359375,48129.65173799429,180,43.0,Models/polyBERT/scaling_results/MD_5000/Cp/homopolymer_Cp/seed_42/train_1000/fold_01/metrics.json
polyBERT,MD_5000/Cp/homopolymer_Cp/seed_42,MD_5000,Cp,homopolymer,1000,1,train,50.1810830446859,35.38892358398437,2518.1410955376623,1000,43.0,Models/polyBERT/scaling_results/MD_5000/Cp/homopolymer_Cp/seed_42/train_1000/fold_01/metrics.json
polyBERT,MD_5000/Cp/homopolymer_Cp/seed_42,MD_5000,Cp,homopolymer,1000,1,val,238.85236396999596,182.68064914279515,57050.45177405543,180,43.0,Models/polyBERT/scaling_results/MD_5000/Cp/homopolymer_Cp/seed_42/train_1000/fold_01/metrics.json
polyBERT,MD_5000/Cp/homopolymer_Cp/seed_42,MD_5000,Cp,homopolymer,1000,2,test,242.28617190588855,170.21464199490018,58702.58909680978,180,44.0,Models/polyBERT/scaling_results/MD_5000/Cp/homopolymer_Cp/seed_42/train_1000/fold_02/metrics.json
polyBERT,MD_5000/Cp/homopolymer_Cp/seed_42,MD_5000,Cp,homopolymer,1000,2,train,52.413702200768654,38.50850048828125,2747.1961783908605,1000,44.0,Models/polyBERT/scaling_results/MD_5000/Cp/homopolymer_Cp/seed_42/train_1000/fold_02/metrics.json
polyBERT,MD_5000/Cp/homopolymer_Cp/seed_42,MD_5000,Cp,homopolymer,1000,2,val,232.46862613944634,178.5592780219184,54041.66213916168,180,44.0,Models/polyBERT/scaling_results/MD_5000/Cp/homopolymer_Cp/seed_42/train_1000/fold_02/metrics.json
polyBERT,MD_5000/Cp/homopolymer_Cp/seed_42,MD_5000,Cp,homopolymer,1000,3,test,241.2945804288047,181.66235758463543,58223.07454431289,180,45.0,Models/polyBERT/scaling_results/MD_5000/Cp/homopolymer_Cp/seed_42/train_1000/fold_03/metrics.json
polyBERT,MD_5000/Cp/homopolymer_Cp/seed_42,MD_5000,Cp,homopolymer,1000,3,train,49.96882684456757,35.54305450439453,2496.883656222377,1000,45.0,Models/polyBERT/scaling_results/MD_5000/Cp/homopolymer_Cp/seed_42/train_1000/fold_03/metrics.json
polyBERT,MD_5000/Cp/homopolymer_Cp/seed_42,MD_5000,Cp,homopolymer,1000,3,val,284.9703385539689,188.57098795572918,81208.09385556364,180,45.0,Models/polyBERT/scaling_results/MD_5000/Cp/homopolymer_Cp/seed_42/train_1000/fold_03/metrics.json
polyBERT,MD_5000/Cp/homopolymer_Cp/seed_42,MD_5000,Cp,homopolymer,1000,4,test,243.342010768661,177.51755710177952,59215.33420493512,180,46.0,Models/polyBERT/scaling_results/MD_5000/Cp/homopolymer_Cp/seed_42/train_1000/fold_04/metrics.json
polyBERT,MD_5000/Cp/homopolymer_Cp/seed_42,MD_5000,Cp,homopolymer,1000,4,train,50.62337456330115,35.37470281982422,2562.7260521762855,1000,46.0,Models/polyBERT/scaling_results/MD_5000/Cp/homopolymer_Cp/seed_42/train_1000/fold_04/metrics.json
polyBERT,MD_5000/Cp/homopolymer_Cp/seed_42,MD_5000,Cp,homopolymer,1000,4,val,227.24393945931743,170.75252007378472,51639.80802098993,180,46.0,Models/polyBERT/scaling_results/MD_5000/Cp/homopolymer_Cp/seed_42/train_1000/fold_04/metrics.json
polymer_chemprop,MD_5000/Cp/homopolymer_Cp/seed_42,MD_5000,Cp,homopolymer,300,0,test,123.08618362485181,,,180,,Models/polymer_chemprop/scaling_results/MD_5000/Cp/homopolymer_Cp/seed_42/train_300/fold_00/fold_0/test_scores.json
polymer_chemprop,MD_5000/Cp/homopolymer_Cp/seed_42,MD_5000,Cp,homopolymer,300,1,test,175.59165801817684,,,180,,Models/polymer_chemprop/scaling_results/MD_5000/Cp/homopolymer_Cp/seed_42/train_300/fold_01/fold_0/test_scores.json
polymer_chemprop,MD_5000/Cp/homopolymer_Cp/seed_42,MD_5000,Cp,homopolymer,300,2,test,122.03967935874061,,,180,,Models/polymer_chemprop/scaling_results/MD_5000/Cp/homopolymer_Cp/seed_42/train_300/fold_02/fold_0/test_scores.json
polymer_chemprop,MD_5000/Cp/homopolymer_Cp/seed_42,MD_5000,Cp,homopolymer,300,3,test,109.30890285402894,,,180,,Models/polymer_chemprop/scaling_results/MD_5000/Cp/homopolymer_Cp/seed_42/train_300/fold_03/fold_0/test_scores.json
polymer_chemprop,MD_5000/Cp/homopolymer_Cp/seed_42,MD_5000,Cp,homopolymer,300,4,test,131.41241569007477,,,180,,Models/polymer_chemprop/scaling_results/MD_5000/Cp/homopolymer_Cp/seed_42/train_300/fold_04/fold_0/test_scores.json
polymer_chemprop,MD_5000/Cp/homopolymer_Cp/seed_42,MD_5000,Cp,homopolymer,1000,0,test,91.11794701155992,,,180,,Models/polymer_chemprop/scaling_results/MD_5000/Cp/homopolymer_Cp/seed_42/train_1000/fold_00/fold_0/test_scores.json
polymer_chemprop,MD_5000/Cp/homopolymer_Cp/seed_42,MD_5000,Cp,homopolymer,1000,1,test,85.78078258120104,,,180,,Models/polymer_chemprop/scaling_results/MD_5000/Cp/homopolymer_Cp/seed_42/train_1000/fold_01/fold_0/test_scores.json
polymer_chemprop,MD_5000/Cp/homopolymer_Cp/seed_42,MD_5000,Cp,homopolymer,1000,2,test,79.72124644762202,,,180,,Models/polymer_chemprop/scaling_results/MD_5000/Cp/homopolymer_Cp/seed_42/train_1000/fold_02/fold_0/test_scores.json
polymer_chemprop,MD_5000/Cp/homopolymer_Cp/seed_42,MD_5000,Cp,homopolymer,1000,3,test,75.74038060662778,,,180,,Models/polymer_chemprop/scaling_results/MD_5000/Cp/homopolymer_Cp/seed_42/train_1000/fold_03/fold_0/test_scores.json
polymer_chemprop,MD_5000/Cp/homopolymer_Cp/seed_42,MD_5000,Cp,homopolymer,1000,4,test,84.24999557275558,,,180,,Models/polymer_chemprop/scaling_results/MD_5000/Cp/homopolymer_Cp/seed_42/train_1000/fold_04/fold_0/test_scores.json
polymer_periodic_graph,MD_5000/Cp/homopolymer_Cp/seed_42,MD_5000,Cp,homopolymer,300,0,test,129.38322036892953,,,180,,Models/polymer_periodic_graph/scaling_results/MD_5000/Cp/homopolymer_Cp/seed_42/train_300/fold_00/fold_0/test_scores.json
polymer_periodic_graph,MD_5000/Cp/homopolymer_Cp/seed_42,MD_5000,Cp,homopolymer,300,1,test,122.3288477367902,,,180,,Models/polymer_periodic_graph/scaling_results/MD_5000/Cp/homopolymer_Cp/seed_42/train_300/fold_01/fold_0/test_scores.json
polymer_periodic_graph,MD_5000/Cp/homopolymer_Cp/seed_42,MD_5000,Cp,homopolymer,300,2,test,128.06712948083765,,,180,,Models/polymer_periodic_graph/scaling_results/MD_5000/Cp/homopolymer_Cp/seed_42/train_300/fold_02/fold_0/test_scores.json
polymer_periodic_graph,MD_5000/Cp/homopolymer_Cp/seed_42,MD_5000,Cp,homopolymer,300,3,test,121.09373838100781,,,180,,Models/polymer_periodic_graph/scaling_results/MD_5000/Cp/homopolymer_Cp/seed_42/train_300/fold_03/fold_0/test_scores.json
polymer_periodic_graph,MD_5000/Cp/homopolymer_Cp/seed_42,MD_5000,Cp,homopolymer,300,4,test,133.1251475520725,,,180,,Models/polymer_periodic_graph/scaling_results/MD_5000/Cp/homopolymer_Cp/seed_42/train_300/fold_04/fold_0/test_scores.json
polymer_periodic_graph,MD_5000/Cp/homopolymer_Cp/seed_42,MD_5000,Cp,homopolymer,1000,0,test,96.55447648607647,,,180,,Models/polymer_periodic_graph/scaling_results/MD_5000/Cp/homopolymer_Cp/seed_42/train_1000/fold_00/fold_0/test_scores.json
polymer_periodic_graph,MD_5000/Cp/homopolymer_Cp/seed_42,MD_5000,Cp,homopolymer,1000,1,test,89.23088437090968,,,180,,Models/polymer_periodic_graph/scaling_results/MD_5000/Cp/homopolymer_Cp/seed_42/train_1000/fold_01/fold_0/test_scores.json
polymer_periodic_graph,MD_5000/Cp/homopolymer_Cp/seed_42,MD_5000,Cp,homopolymer,1000,2,test,80.07339513306714,,,180,,Models/polymer_periodic_graph/scaling_results/MD_5000/Cp/homopolymer_Cp/seed_42/train_1000/fold_02/fold_0/test_scores.json
polymer_periodic_graph,MD_5000/Cp/homopolymer_Cp/seed_42,MD_5000,Cp,homopolymer,1000,3,test,79.73286688670869,,,180,,Models/polymer_periodic_graph/scaling_results/MD_5000/Cp/homopolymer_Cp/seed_42/train_1000/fold_03/fold_0/test_scores.json
polymer_periodic_graph,MD_5000/Cp/homopolymer_Cp/seed_42,MD_5000,Cp,homopolymer,1000,4,test,81.3015908503965,,,180,,Models/polymer_periodic_graph/scaling_results/MD_5000/Cp/homopolymer_Cp/seed_42/train_1000/fold_04/fold_0/test_scores.json
RDKit_RF,MD_5000/Cv/homopolymer_Cv/seed_42,MD_5000,Cv,homopolymer,300,0,test,0.05279578292136775,0.038287738632088925,0.002787394694280187,179,42.0,Models/RDKit_RF/scaling_results/MD_5000/Cv/homopolymer_Cv/seed_42/train_300/fold_00/metrics.json
RDKit_RF,MD_5000/Cv/homopolymer_Cv/seed_42,MD_5000,Cv,homopolymer,300,0,train,0.018960281567723645,0.013840601782658411,0.00035949227712736104,300,42.0,Models/RDKit_RF/scaling_results/MD_5000/Cv/homopolymer_Cv/seed_42/train_300/fold_00/metrics.json
RDKit_RF,MD_5000/Cv/homopolymer_Cv/seed_42,MD_5000,Cv,homopolymer,300,0,val,0.05001860591305392,0.03358160068434571,0.0025018609374853925,179,42.0,Models/RDKit_RF/scaling_results/MD_5000/Cv/homopolymer_Cv/seed_42/train_300/fold_00/metrics.json
RDKit_RF,MD_5000/Cv/homopolymer_Cv/seed_42,MD_5000,Cv,homopolymer,300,1,test,0.06836854718456487,0.041929734851302816,0.0046742582441280725,179,43.0,Models/RDKit_RF/scaling_results/MD_5000/Cv/homopolymer_Cv/seed_42/train_300/fold_01/metrics.json
RDKit_RF,MD_5000/Cv/homopolymer_Cv/seed_42,MD_5000,Cv,homopolymer,300,1,train,0.02141630258031035,0.013988765153157043,0.00045865801621140773,300,43.0,Models/RDKit_RF/scaling_results/MD_5000/Cv/homopolymer_Cv/seed_42/train_300/fold_01/metrics.json
RDKit_RF,MD_5000/Cv/homopolymer_Cv/seed_42,MD_5000,Cv,homopolymer,300,1,val,0.05594977048132635,0.039864174122060905,0.0031303768169130973,179,43.0,Models/RDKit_RF/scaling_results/MD_5000/Cv/homopolymer_Cv/seed_42/train_300/fold_01/metrics.json
RDKit_RF,MD_5000/Cv/homopolymer_Cv/seed_42,MD_5000,Cv,homopolymer,300,2,test,0.03899799452385913,0.02899177711561646,0.0015208435768829466,179,44.0,Models/RDKit_RF/scaling_results/MD_5000/Cv/homopolymer_Cv/seed_42/train_300/fold_02/metrics.json
RDKit_RF,MD_5000/Cv/homopolymer_Cv/seed_42,MD_5000,Cv,homopolymer,300,2,train,0.020653563195096297,0.013980413328004652,0.0004265696726538363,300,44.0,Models/RDKit_RF/scaling_results/MD_5000/Cv/homopolymer_Cv/seed_42/train_300/fold_02/metrics.json
RDKit_RF,MD_5000/Cv/homopolymer_Cv/seed_42,MD_5000,Cv,homopolymer,300,2,val,0.05403406550651061,0.036590186917198377,0.00291968023516188,179,44.0,Models/RDKit_RF/scaling_results/MD_5000/Cv/homopolymer_Cv/seed_42/train_300/fold_02/metrics.json
RDKit_RF,MD_5000/Cv/homopolymer_Cv/seed_42,MD_5000,Cv,homopolymer,300,3,test,0.04950230796869555,0.035576421966963125,0.002450478494227579,179,45.0,Models/RDKit_RF/scaling_results/MD_5000/Cv/homopolymer_Cv/seed_42/train_300/fold_03/metrics.json
RDKit_RF,MD_5000/Cv/homopolymer_Cv/seed_42,MD_5000,Cv,homopolymer,300,3,train,0.019630412624499917,0.014282598519719573,0.0003853530998081257,300,45.0,Models/RDKit_RF/scaling_results/MD_5000/Cv/homopolymer_Cv/seed_42/train_300/fold_03/metrics.json
RDKit_RF,MD_5000/Cv/homopolymer_Cv/seed_42,MD_5000,Cv,homopolymer,300,3,val,0.054629074081916834,0.03916716250881341,0.002984335735047558,179,45.0,Models/RDKit_RF/scaling_results/MD_5000/Cv/homopolymer_Cv/seed_42/train_300/fold_03/metrics.json
RDKit_RF,MD_5000/Cv/homopolymer_Cv/seed_42,MD_5000,Cv,homopolymer,300,4,test,0.04865581860743109,0.033288036180645894,0.0023673886843592375,179,46.0,Models/RDKit_RF/scaling_results/MD_5000/Cv/homopolymer_Cv/seed_42/train_300/fold_04/metrics.json
RDKit_RF,MD_5000/Cv/homopolymer_Cv/seed_42,MD_5000,Cv,homopolymer,300,4,train,0.02013078921687005,0.013847207258584824,0.00040524867449405147,300,46.0,Models/RDKit_RF/scaling_results/MD_5000/Cv/homopolymer_Cv/seed_42/train_300/fold_04/metrics.json
RDKit_RF,MD_5000/Cv/homopolymer_Cv/seed_42,MD_5000,Cv,homopolymer,300,4,val,0.048919608360623444,0.03492942526883382,0.0023931280821567792,179,46.0,Models/RDKit_RF/scaling_results/MD_5000/Cv/homopolymer_Cv/seed_42/train_300/fold_04/metrics.json
RDKit_RF,MD_5000/Cv/homopolymer_Cv/seed_42,MD_5000,Cv,homopolymer,1000,0,test,0.04220583964359046,0.029325203395948005,0.001781332900020472,179,42.0,Models/RDKit_RF/scaling_results/MD_5000/Cv/homopolymer_Cv/seed_42/train_1000/fold_00/metrics.json
RDKit_RF,MD_5000/Cv/homopolymer_Cv/seed_42,MD_5000,Cv,homopolymer,1000,0,train,0.0140543477277339,0.009405155219576203,0.00019752469005205903,1000,42.0,Models/RDKit_RF/scaling_results/MD_5000/Cv/homopolymer_Cv/seed_42/train_1000/fold_00/metrics.json
RDKit_RF,MD_5000/Cv/homopolymer_Cv/seed_42,MD_5000,Cv,homopolymer,1000,0,val,0.03084591706490568,0.02160741562356898,0.0009514705995750394,179,42.0,Models/RDKit_RF/scaling_results/MD_5000/Cv/homopolymer_Cv/seed_42/train_1000/fold_00/metrics.json
RDKit_RF,MD_5000/Cv/homopolymer_Cv/seed_42,MD_5000,Cv,homopolymer,1000,1,test,0.04593100931954152,0.025227606793663634,0.00210965761711181,179,43.0,Models/RDKit_RF/scaling_results/MD_5000/Cv/homopolymer_Cv/seed_42/train_1000/fold_01/metrics.json
RDKit_RF,MD_5000/Cv/homopolymer_Cv/seed_42,MD_5000,Cv,homopolymer,1000,1,train,0.015756774394673937,0.009924931791584025,0.00024827593932465224,1000,43.0,Models/RDKit_RF/scaling_results/MD_5000/Cv/homopolymer_Cv/seed_42/train_1000/fold_01/metrics.json
RDKit_RF,MD_5000/Cv/homopolymer_Cv/seed_42,MD_5000,Cv,homopolymer,1000,1,val,0.035706083809320485,0.023869622788786644,0.0012749244209982183,179,43.0,Models/RDKit_RF/scaling_results/MD_5000/Cv/homopolymer_Cv/seed_42/train_1000/fold_01/metrics.json
RDKit_RF,MD_5000/Cv/homopolymer_Cv/seed_42,MD_5000,Cv,homopolymer,1000,2,test,0.03390501339696032,0.022537255107864276,0.0011495499334480592,179,44.0,Models/RDKit_RF/scaling_results/MD_5000/Cv/homopolymer_Cv/seed_42/train_1000/fold_02/metrics.json
RDKit_RF,MD_5000/Cv/homopolymer_Cv/seed_42,MD_5000,Cv,homopolymer,1000,2,train,0.01514963530884975,0.009462774748064227,0.00022951144999114705,1000,44.0,Models/RDKit_RF/scaling_results/MD_5000/Cv/homopolymer_Cv/seed_42/train_1000/fold_02/metrics.json
RDKit_RF,MD_5000/Cv/homopolymer_Cv/seed_42,MD_5000,Cv,homopolymer,1000,2,val,0.043082136952778405,0.026348636275659976,0.0018560705244179546,179,44.0,Models/RDKit_RF/scaling_results/MD_5000/Cv/homopolymer_Cv/seed_42/train_1000/fold_02/metrics.json
RDKit_RF,MD_5000/Cv/homopolymer_Cv/seed_42,MD_5000,Cv,homopolymer,1000,3,test,0.03074551666119694,0.021650353664106555,0.0009452867947639386,179,45.0,Models/RDKit_RF/scaling_results/MD_5000/Cv/homopolymer_Cv/seed_42/train_1000/fold_03/metrics.json
RDKit_RF,MD_5000/Cv/homopolymer_Cv/seed_42,MD_5000,Cv,homopolymer,1000,3,train,0.01458213339085697,0.009809073104209457,0.0002126386142287458,1000,45.0,Models/RDKit_RF/scaling_results/MD_5000/Cv/homopolymer_Cv/seed_42/train_1000/fold_03/metrics.json
RDKit_RF,MD_5000/Cv/homopolymer_Cv/seed_42,MD_5000,Cv,homopolymer,1000,3,val,0.03428281638886254,0.02439843621848007,0.0011753114995524622,179,45.0,Models/RDKit_RF/scaling_results/MD_5000/Cv/homopolymer_Cv/seed_42/train_1000/fold_03/metrics.json
RDKit_RF,MD_5000/Cv/homopolymer_Cv/seed_42,MD_5000,Cv,homopolymer,1000,4,test,0.035087782424334656,0.023374145563044308,0.0012311524754574478,179,46.0,Models/RDKit_RF/scaling_results/MD_5000/Cv/homopolymer_Cv/seed_42/train_1000/fold_04/metrics.json
RDKit_RF,MD_5000/Cv/homopolymer_Cv/seed_42,MD_5000,Cv,homopolymer,1000,4,train,0.01471744657755125,0.009585826534073798,0.000216603233763075,1000,46.0,Models/RDKit_RF/scaling_results/MD_5000/Cv/homopolymer_Cv/seed_42/train_1000/fold_04/metrics.json
RDKit_RF,MD_5000/Cv/homopolymer_Cv/seed_42,MD_5000,Cv,homopolymer,1000,4,val,0.02735529989331801,0.019594778748403274,0.0007483124322533643,179,46.0,Models/RDKit_RF/scaling_results/MD_5000/Cv/homopolymer_Cv/seed_42/train_1000/fold_04/metrics.json
polyBERT,MD_5000/Cv/homopolymer_Cv/seed_42,MD_5000,Cv,homopolymer,300,0,test,0.10255203693580445,0.07916955308541239,0.0105169202796826,179,42.0,Models/polyBERT/scaling_results/MD_5000/Cv/homopolymer_Cv/seed_42/train_300/fold_00/metrics.json
polyBERT,MD_5000/Cv/homopolymer_Cv/seed_42,MD_5000,Cv,homopolymer,300,0,train,0.02003791398441415,0.01564211110273997,0.0004015179968467801,300,42.0,Models/polyBERT/scaling_results/MD_5000/Cv/homopolymer_Cv/seed_42/train_300/fold_00/metrics.json
polyBERT,MD_5000/Cv/homopolymer_Cv/seed_42,MD_5000,Cv,homopolymer,300,0,val,0.09663275815031633,0.07410269675974074,0.009337889947737528,179,42.0,Models/polyBERT/scaling_results/MD_5000/Cv/homopolymer_Cv/seed_42/train_300/fold_00/metrics.json
polyBERT,MD_5000/Cv/homopolymer_Cv/seed_42,MD_5000,Cv,homopolymer,300,1,test,0.09618320848452779,0.0733377427362197,0.009251209594378137,179,43.0,Models/polyBERT/scaling_results/MD_5000/Cv/homopolymer_Cv/seed_42/train_300/fold_01/metrics.json
polyBERT,MD_5000/Cv/homopolymer_Cv/seed_42,MD_5000,Cv,homopolymer,300,1,train,0.003256300445916961,0.0018189082543055217,1.0603492594079e-05,300,43.0,Models/polyBERT/scaling_results/MD_5000/Cv/homopolymer_Cv/seed_42/train_300/fold_01/metrics.json
polyBERT,MD_5000/Cv/homopolymer_Cv/seed_42,MD_5000,Cv,homopolymer,300,1,val,0.09029990790177274,0.06994525014355196,0.008154073367068639,179,43.0,Models/polyBERT/scaling_results/MD_5000/Cv/homopolymer_Cv/seed_42/train_300/fold_01/metrics.json
polyBERT,MD_5000/Cv/homopolymer_Cv/seed_42,MD_5000,Cv,homopolymer,300,2,test,0.11076654340379254,0.08086828279761629,0.012269227137624256,179,44.0,Models/polyBERT/scaling_results/MD_5000/Cv/homopolymer_Cv/seed_42/train_300/fold_02/metrics.json
polyBERT,MD_5000/Cv/homopolymer_Cv/seed_42,MD_5000,Cv,homopolymer,300,2,train,0.004832842403239885,0.0035063890616099038,2.335636569455346e-05,300,44.0,Models/polyBERT/scaling_results/MD_5000/Cv/homopolymer_Cv/seed_42/train_300/fold_02/metrics.json
polyBERT,MD_5000/Cv/homopolymer_Cv/seed_42,MD_5000,Cv,homopolymer,300,2,val,0.0941749305773973,0.07279425093581557,0.0088689175492576,179,44.0,Models/polyBERT/scaling_results/MD_5000/Cv/homopolymer_Cv/seed_42/train_300/fold_02/metrics.json
polyBERT,MD_5000/Cv/homopolymer_Cv/seed_42,MD_5000,Cv,homopolymer,300,3,test,0.09509560675418015,0.07164091337992493,0.009043174423945673,179,45.0,Models/polyBERT/scaling_results/MD_5000/Cv/homopolymer_Cv/seed_42/train_300/fold_03/metrics.json
polyBERT,MD_5000/Cv/homopolymer_Cv/seed_42,MD_5000,Cv,homopolymer,300,3,train,0.004227619432086733,0.0029241243998209634,1.787276606255735e-05,300,45.0,Models/polyBERT/scaling_results/MD_5000/Cv/homopolymer_Cv/seed_42/train_300/fold_03/metrics.json
polyBERT,MD_5000/Cv/homopolymer_Cv/seed_42,MD_5000,Cv,homopolymer,300,3,val,0.09148755157889289,0.07269868637596429,0.008369972093900587,179,45.0,Models/polyBERT/scaling_results/MD_5000/Cv/homopolymer_Cv/seed_42/train_300/fold_03/metrics.json
polyBERT,MD_5000/Cv/homopolymer_Cv/seed_42,MD_5000,Cv,homopolymer,300,4,test,0.08496414694079128,0.06147085055292652,0.007218906265376373,179,46.0,Models/polyBERT/scaling_results/MD_5000/Cv/homopolymer_Cv/seed_42/train_300/fold_04/metrics.json
polyBERT,MD_5000/Cv/homopolymer_Cv/seed_42,MD_5000,Cv,homopolymer,300,4,train,0.0028131609778511077,0.0015384387969970704,7.913874687304202e-06,300,46.0,Models/polyBERT/scaling_results/MD_5000/Cv/homopolymer_Cv/seed_42/train_300/fold_04/metrics.json
polyBERT,MD_5000/Cv/homopolymer_Cv/seed_42,MD_5000,Cv,homopolymer,300,4,val,0.09455185201181683,0.07088238566947383,0.00894005271886451,179,46.0,Models/polyBERT/scaling_results/MD_5000/Cv/homopolymer_Cv/seed_42/train_300/fold_04/metrics.json
polyBERT,MD_5000/Cv/homopolymer_Cv/seed_42,MD_5000,Cv,homopolymer,1000,0,test,0.06665506102651925,0.051000121918470497,0.004442897160449005,179,42.0,Models/polyBERT/scaling_results/MD_5000/Cv/homopolymer_Cv/seed_42/train_1000/fold_00/metrics.json
polyBERT,MD_5000/Cv/homopolymer_Cv/seed_42,MD_5000,Cv,homopolymer,1000,0,train,0.002759216587692289,0.0019526963829994202,7.6132761777962795e-06,1000,42.0,Models/polyBERT/scaling_results/MD_5000/Cv/homopolymer_Cv/seed_42/train_1000/fold_00/metrics.json
polyBERT,MD_5000/Cv/homopolymer_Cv/seed_42,MD_5000,Cv,homopolymer,1000,0,val,0.06292967043029327,0.047522167919734334,0.003960143420465326,179,42.0,Models/polyBERT/scaling_results/MD_5000/Cv/homopolymer_Cv/seed_42/train_1000/fold_00/metrics.json
polyBERT,MD_5000/Cv/homopolymer_Cv/seed_42,MD_5000,Cv,homopolymer,1000,1,test,0.06335037646437183,0.047702641460482635,0.004013270198177637,179,43.0,Models/polyBERT/scaling_results/MD_5000/Cv/homopolymer_Cv/seed_42/train_1000/fold_01/metrics.json
polyBERT,MD_5000/Cv/homopolymer_Cv/seed_42,MD_5000,Cv,homopolymer,1000,1,train,0.0026915631465651234,0.0019925958514213564,7.244512171947548e-06,1000,43.0,Models/polyBERT/scaling_results/MD_5000/Cv/homopolymer_Cv/seed_42/train_1000/fold_01/metrics.json
polyBERT,MD_5000/Cv/homopolymer_Cv/seed_42,MD_5000,Cv,homopolymer,1000,1,val,0.05481631559046565,0.04133746544076078,0.0030048284549135276,179,43.0,Models/polyBERT/scaling_results/MD_5000/Cv/homopolymer_Cv/seed_42/train_1000/fold_01/metrics.json
polyBERT,MD_5000/Cv/homopolymer_Cv/seed_42,MD_5000,Cv,homopolymer,1000,2,test,0.07494684667450328,0.05269217357955165,0.005617029826451504,179,44.0,Models/polyBERT/scaling_results/MD_5000/Cv/homopolymer_Cv/seed_42/train_1000/fold_02/metrics.json
polyBERT,MD_5000/Cv/homopolymer_Cv/seed_42,MD_5000,Cv,homopolymer,1000,2,train,0.005276547506843934,0.003921980738639832,2.784195359198094e-05,1000,44.0,Models/polyBERT/scaling_results/MD_5000/Cv/homopolymer_Cv/seed_42/train_1000/fold_02/metrics.json
polyBERT,MD_5000/Cv/homopolymer_Cv/seed_42,MD_5000,Cv,homopolymer,1000,2,val,0.06370403367005824,0.04490285545754033,0.004058203905835914,179,44.0,Models/polyBERT/scaling_results/MD_5000/Cv/homopolymer_Cv/seed_42/train_1000/fold_02/metrics.json
polyBERT,MD_5000/Cv/homopolymer_Cv/seed_42,MD_5000,Cv,homopolymer,1000,3,test,0.0648416295849471,0.04772165401021861,0.0042044369272314875,179,45.0,Models/polyBERT/scaling_results/MD_5000/Cv/homopolymer_Cv/seed_42/train_1000/fold_03/metrics.json
polyBERT,MD_5000/Cv/homopolymer_Cv/seed_42,MD_5000,Cv,homopolymer,1000,3,train,0.005699968670568478,0.004420929074287414,3.2489642845462185e-05,1000,45.0,Models/polyBERT/scaling_results/MD_5000/Cv/homopolymer_Cv/seed_42/train_1000/fold_03/metrics.json
polyBERT,MD_5000/Cv/homopolymer_Cv/seed_42,MD_5000,Cv,homopolymer,1000,3,val,0.0636096725766146,0.04517081496435837,0.0040461904453041155,179,45.0,Models/polyBERT/scaling_results/MD_5000/Cv/homopolymer_Cv/seed_42/train_1000/fold_03/metrics.json
polyBERT,MD_5000/Cv/homopolymer_Cv/seed_42,MD_5000,Cv,homopolymer,1000,4,test,0.049794919228657405,0.0378897629636626,0.0024795339809885147,179,46.0,Models/polyBERT/scaling_results/MD_5000/Cv/homopolymer_Cv/seed_42/train_1000/fold_04/metrics.json
polyBERT,MD_5000/Cv/homopolymer_Cv/seed_42,MD_5000,Cv,homopolymer,1000,4,train,0.0029666654973283142,0.0019953032732009887,8.801104173038254e-06,1000,46.0,Models/polyBERT/scaling_results/MD_5000/Cv/homopolymer_Cv/seed_42/train_1000/fold_04/metrics.json
polyBERT,MD_5000/Cv/homopolymer_Cv/seed_42,MD_5000,Cv,homopolymer,1000,4,val,0.0594441530466301,0.04726422432414646,0.003533607331431183,179,46.0,Models/polyBERT/scaling_results/MD_5000/Cv/homopolymer_Cv/seed_42/train_1000/fold_04/metrics.json
polymer_chemprop,MD_5000/Cv/homopolymer_Cv/seed_42,MD_5000,Cv,homopolymer,300,0,test,0.026163195256372136,,,179,,Models/polymer_chemprop/scaling_results/MD_5000/Cv/homopolymer_Cv/seed_42/train_300/fold_00/fold_0/test_scores.json
polymer_chemprop,MD_5000/Cv/homopolymer_Cv/seed_42,MD_5000,Cv,homopolymer,300,1,test,0.04229400917279993,,,179,,Models/polymer_chemprop/scaling_results/MD_5000/Cv/homopolymer_Cv/seed_42/train_300/fold_01/fold_0/test_scores.json
polymer_chemprop,MD_5000/Cv/homopolymer_Cv/seed_42,MD_5000,Cv,homopolymer,300,2,test,0.028163004858753556,,,179,,Models/polymer_chemprop/scaling_results/MD_5000/Cv/homopolymer_Cv/seed_42/train_300/fold_02/fold_0/test_scores.json
polymer_chemprop,MD_5000/Cv/homopolymer_Cv/seed_42,MD_5000,Cv,homopolymer,300,3,test,0.024834395911196103,,,179,,Models/polymer_chemprop/scaling_results/MD_5000/Cv/homopolymer_Cv/seed_42/train_300/fold_03/fold_0/test_scores.json
polymer_chemprop,MD_5000/Cv/homopolymer_Cv/seed_42,MD_5000,Cv,homopolymer,300,4,test,0.027126836129883963,,,179,,Models/polymer_chemprop/scaling_results/MD_5000/Cv/homopolymer_Cv/seed_42/train_300/fold_04/fold_0/test_scores.json
polymer_chemprop,MD_5000/Cv/homopolymer_Cv/seed_42,MD_5000,Cv,homopolymer,1000,0,test,0.010950405373708663,,,179,,Models/polymer_chemprop/scaling_results/MD_5000/Cv/homopolymer_Cv/seed_42/train_1000/fold_00/fold_0/test_scores.json
polymer_chemprop,MD_5000/Cv/homopolymer_Cv/seed_42,MD_5000,Cv,homopolymer,1000,1,test,0.01870904495599779,,,179,,Models/polymer_chemprop/scaling_results/MD_5000/Cv/homopolymer_Cv/seed_42/train_1000/fold_01/fold_0/test_scores.json
polymer_chemprop,MD_5000/Cv/homopolymer_Cv/seed_42,MD_5000,Cv,homopolymer,1000,2,test,0.011959923768860067,,,179,,Models/polymer_chemprop/scaling_results/MD_5000/Cv/homopolymer_Cv/seed_42/train_1000/fold_02/fold_0/test_scores.json
polymer_chemprop,MD_5000/Cv/homopolymer_Cv/seed_42,MD_5000,Cv,homopolymer,1000,3,test,0.010206882142664577,,,179,,Models/polymer_chemprop/scaling_results/MD_5000/Cv/homopolymer_Cv/seed_42/train_1000/fold_03/fold_0/test_scores.json
polymer_chemprop,MD_5000/Cv/homopolymer_Cv/seed_42,MD_5000,Cv,homopolymer,1000,4,test,0.011197307767798441,,,179,,Models/polymer_chemprop/scaling_results/MD_5000/Cv/homopolymer_Cv/seed_42/train_1000/fold_04/fold_0/test_scores.json
polymer_periodic_graph,MD_5000/Cv/homopolymer_Cv/seed_42,MD_5000,Cv,homopolymer,300,0,test,0.030010411809284716,,,179,,Models/polymer_periodic_graph/scaling_results/MD_5000/Cv/homopolymer_Cv/seed_42/train_300/fold_00/fold_0/test_scores.json
polymer_periodic_graph,MD_5000/Cv/homopolymer_Cv/seed_42,MD_5000,Cv,homopolymer,300,1,test,0.044389779872360126,,,179,,Models/polymer_periodic_graph/scaling_results/MD_5000/Cv/homopolymer_Cv/seed_42/train_300/fold_01/fold_0/test_scores.json
polymer_periodic_graph,MD_5000/Cv/homopolymer_Cv/seed_42,MD_5000,Cv,homopolymer,300,2,test,0.029770728969484454,,,179,,Models/polymer_periodic_graph/scaling_results/MD_5000/Cv/homopolymer_Cv/seed_42/train_300/fold_02/fold_0/test_scores.json
polymer_periodic_graph,MD_5000/Cv/homopolymer_Cv/seed_42,MD_5000,Cv,homopolymer,300,3,test,0.027778066897430797,,,179,,Models/polymer_periodic_graph/scaling_results/MD_5000/Cv/homopolymer_Cv/seed_42/train_300/fold_03/fold_0/test_scores.json
polymer_periodic_graph,MD_5000/Cv/homopolymer_Cv/seed_42,MD_5000,Cv,homopolymer,300,4,test,0.027046272407524174,,,179,,Models/polymer_periodic_graph/scaling_results/MD_5000/Cv/homopolymer_Cv/seed_42/train_300/fold_04/fold_0/test_scores.json
polymer_periodic_graph,MD_5000/Cv/homopolymer_Cv/seed_42,MD_5000,Cv,homopolymer,1000,0,test,0.011179019980408572,,,179,,Models/polymer_periodic_graph/scaling_results/MD_5000/Cv/homopolymer_Cv/seed_42/train_1000/fold_00/fold_0/test_scores.json
polymer_periodic_graph,MD_5000/Cv/homopolymer_Cv/seed_42,MD_5000,Cv,homopolymer,1000,1,test,0.01652450598233221,,,179,,Models/polymer_periodic_graph/scaling_results/MD_5000/Cv/homopolymer_Cv/seed_42/train_1000/fold_01/fold_0/test_scores.json
polymer_periodic_graph,MD_5000/Cv/homopolymer_Cv/seed_42,MD_5000,Cv,homopolymer,1000,2,test,0.011732931818900096,,,179,,Models/polymer_periodic_graph/scaling_results/MD_5000/Cv/homopolymer_Cv/seed_42/train_1000/fold_02/fold_0/test_scores.json
polymer_periodic_graph,MD_5000/Cv/homopolymer_Cv/seed_42,MD_5000,Cv,homopolymer,1000,3,test,0.01125577307485577,,,179,,Models/polymer_periodic_graph/scaling_results/MD_5000/Cv/homopolymer_Cv/seed_42/train_1000/fold_03/fold_0/test_scores.json
polymer_periodic_graph,MD_5000/Cv/homopolymer_Cv/seed_42,MD_5000,Cv,homopolymer,1000,4,test,0.011551873255108081,,,179,,Models/polymer_periodic_graph/scaling_results/MD_5000/Cv/homopolymer_Cv/seed_42/train_1000/fold_04/fold_0/test_scores.json
RDKit_RF,MD_5000/Rg/alternating_Rg/seed_42,MD_5000,Rg,alternating,300,0,test,4.1143767673364735,2.312869790299383,16.92809618359813,2780,42.0,Models/RDKit_RF/scaling_results/MD_5000/Rg/alternating_Rg/seed_42/train_300/fold_00/metrics.json
RDKit_RF,MD_5000/Rg/alternating_Rg/seed_42,MD_5000,Rg,alternating,300,0,train,1.8937172127910586,1.0169709636586162,3.586164882021136,300,42.0,Models/RDKit_RF/scaling_results/MD_5000/Rg/alternating_Rg/seed_42/train_300/fold_00/metrics.json
RDKit_RF,MD_5000/Rg/alternating_Rg/seed_42,MD_5000,Rg,alternating,300,0,val,4.153120095493617,2.368994041197741,17.248406527592913,2780,42.0,Models/RDKit_RF/scaling_results/MD_5000/Rg/alternating_Rg/seed_42/train_300/fold_00/metrics.json
RDKit_RF,MD_5000/Rg/alternating_Rg/seed_42,MD_5000,Rg,alternating,300,1,test,4.186654342468973,2.3411980021282166,17.52807458331431,2780,43.0,Models/RDKit_RF/scaling_results/MD_5000/Rg/alternating_Rg/seed_42/train_300/fold_01/metrics.json
RDKit_RF,MD_5000/Rg/alternating_Rg/seed_42,MD_5000,Rg,alternating,300,1,train,1.7252650966716712,0.9227479260025325,2.976539653793511,300,43.0,Models/RDKit_RF/scaling_results/MD_5000/Rg/alternating_Rg/seed_42/train_300/fold_01/metrics.json
RDKit_RF,MD_5000/Rg/alternating_Rg/seed_42,MD_5000,Rg,alternating,300,1,val,3.8185781805625267,2.197969958968,14.581539321068217,2780,43.0,Models/RDKit_RF/scaling_results/MD_5000/Rg/alternating_Rg/seed_42/train_300/fold_01/metrics.json
RDKit_RF,MD_5000/Rg/alternating_Rg/seed_42,MD_5000,Rg,alternating,300,2,test,3.934135102344744,2.125368303813658,15.47741900350109,2780,44.0,Models/RDKit_RF/scaling_results/MD_5000/Rg/alternating_Rg/seed_42/train_300/fold_02/metrics.json
RDKit_RF,MD_5000/Rg/alternating_Rg/seed_42,MD_5000,Rg,alternating,300,2,train,1.2251035371997958,0.7308148447756339,1.5008786768594515,300,44.0,Models/RDKit_RF/scaling_results/MD_5000/Rg/alternating_Rg/seed_42/train_300/fold_02/metrics.json
RDKit_RF,MD_5000/Rg/alternating_Rg/seed_42,MD_5000,Rg,alternating,300,2,val,4.3128468171397385,2.2064750235930934,18.60064766811237,2780,44.0,Models/RDKit_RF/scaling_results/MD_5000/Rg/alternating_Rg/seed_42/train_300/fold_02/metrics.json
RDKit_RF,MD_5000/Rg/alternating_Rg/seed_42,MD_5000,Rg,alternating,300,3,test,3.936072072845396,2.075920174413611,15.492663362633454,2780,45.0,Models/RDKit_RF/scaling_results/MD_5000/Rg/alternating_Rg/seed_42/train_300/fold_03/metrics.json
RDKit_RF,MD_5000/Rg/alternating_Rg/seed_42,MD_5000,Rg,alternating,300,3,train,1.34770337471242,0.7406483447396335,1.8163043862112458,300,45.0,Models/RDKit_RF/scaling_results/MD_5000/Rg/alternating_Rg/seed_42/train_300/fold_03/metrics.json
RDKit_RF,MD_5000/Rg/alternating_Rg/seed_42,MD_5000,Rg,alternating,300,3,val,4.1417940732074054,2.1899870377875343,17.154458144855994,2780,45.0,Models/RDKit_RF/scaling_results/MD_5000/Rg/alternating_Rg/seed_42/train_300/fold_03/metrics.json
RDKit_RF,MD_5000/Rg/alternating_Rg/seed_42,MD_5000,Rg,alternating,300,4,test,4.0583583267995955,2.2410241863027407,16.47027230870361,2780,46.0,Models/RDKit_RF/scaling_results/MD_5000/Rg/alternating_Rg/seed_42/train_300/fold_04/metrics.json
RDKit_RF,MD_5000/Rg/alternating_Rg/seed_42,MD_5000,Rg,alternating,300,4,train,1.6801478693820038,0.9028657480577336,2.8228968629888866,300,46.0,Models/RDKit_RF/scaling_results/MD_5000/Rg/alternating_Rg/seed_42/train_300/fold_04/metrics.json
RDKit_RF,MD_5000/Rg/alternating_Rg/seed_42,MD_5000,Rg,alternating,300,4,val,4.253755947977099,2.3077251130306276,18.09443966495055,2780,46.0,Models/RDKit_RF/scaling_results/MD_5000/Rg/alternating_Rg/seed_42/train_300/fold_04/metrics.json
RDKit_RF,MD_5000/Rg/alternating_Rg/seed_42,MD_5000,Rg,alternating,1000,0,test,4.081286134235971,2.2162023649946203,16.6568965095068,2780,42.0,Models/RDKit_RF/scaling_results/MD_5000/Rg/alternating_Rg/seed_42/train_1000/fold_00/metrics.json
RDKit_RF,MD_5000/Rg/alternating_Rg/seed_42,MD_5000,Rg,alternating,1000,0,train,1.6221981478606367,0.8751357214122597,2.63152683092248,1000,42.0,Models/RDKit_RF/scaling_results/MD_5000/Rg/alternating_Rg/seed_42/train_1000/fold_00/metrics.json
RDKit_RF,MD_5000/Rg/alternating_Rg/seed_42,MD_5000,Rg,alternating,1000,0,val,4.139554233592173,2.2715912928216326,17.13590925285088,2780,42.0,Models/RDKit_RF/scaling_results/MD_5000/Rg/alternating_Rg/seed_42/train_1000/fold_00/metrics.json
RDKit_RF,MD_5000/Rg/alternating_Rg/seed_42,MD_5000,Rg,alternating,1000,1,test,4.055041775749914,2.2292793814692917,16.443363803077016,2780,43.0,Models/RDKit_RF/scaling_results/MD_5000/Rg/alternating_Rg/seed_42/train_1000/fold_01/metrics.json
RDKit_RF,MD_5000/Rg/alternating_Rg/seed_42,MD_5000,Rg,alternating,1000,1,train,1.6240866560378588,0.8516630277391946,2.6376574663202343,1000,43.0,Models/RDKit_RF/scaling_results/MD_5000/Rg/alternating_Rg/seed_42/train_1000/fold_01/metrics.json
RDKit_RF,MD_5000/Rg/alternating_Rg/seed_42,MD_5000,Rg,alternating,1000,1,val,3.8024472572292485,2.1207501817409606,14.458605144010233,2780,43.0,Models/RDKit_RF/scaling_results/MD_5000/Rg/alternating_Rg/seed_42/train_1000/fold_01/metrics.json
RDKit_RF,MD_5000/Rg/alternating_Rg/seed_42,MD_5000,Rg,alternating,1000,2,test,3.9070089689061747,2.1489575392934785,15.26471908311329,2780,44.0,Models/RDKit_RF/scaling_results/MD_5000/Rg/alternating_Rg/seed_42/train_1000/fold_02/metrics.json
RDKit_RF,MD_5000/Rg/alternating_Rg/seed_42,MD_5000,Rg,alternating,1000,2,train,1.5432717776304705,0.8064377374518205,2.3816877796307128,1000,44.0,Models/RDKit_RF/scaling_results/MD_5000/Rg/alternating_Rg/seed_42/train_1000/fold_02/metrics.json
RDKit_RF,MD_5000/Rg/alternating_Rg/seed_42,MD_5000,Rg,alternating,1000,2,val,4.047414586057981,2.1646526033195843,16.381564831434893,2780,44.0,Models/RDKit_RF/scaling_results/MD_5000/Rg/alternating_Rg/seed_42/train_1000/fold_02/metrics.json
RDKit_RF,MD_5000/Rg/alternating_Rg/seed_42,MD_5000,Rg,alternating,1000,3,test,3.7799981592833647,1.9998816683208758,14.288386084185625,2780,45.0,Models/RDKit_RF/scaling_results/MD_5000/Rg/alternating_Rg/seed_42/train_1000/fold_03/metrics.json
RDKit_RF,MD_5000/Rg/alternating_Rg/seed_42,MD_5000,Rg,alternating,1000,3,train,1.3194089670907325,0.7418416267712448,1.7408400224394336,1000,45.0,Models/RDKit_RF/scaling_results/MD_5000/Rg/alternating_Rg/seed_42/train_1000/fold_03/metrics.json
RDKit_RF,MD_5000/Rg/alternating_Rg/seed_42,MD_5000,Rg,alternating,1000,3,val,4.107821938858393,2.190732152248453,16.874201081366326,2780,45.0,Models/RDKit_RF/scaling_results/MD_5000/Rg/alternating_Rg/seed_42/train_1000/fold_03/metrics.json
RDKit_RF,MD_5000/Rg/alternating_Rg/seed_42,MD_5000,Rg,alternating,1000,4,test,3.8854842480204774,2.1102168076642918,15.096987841615256,2780,46.0,Models/RDKit_RF/scaling_results/MD_5000/Rg/alternating_Rg/seed_42/train_1000/fold_04/metrics.json
RDKit_RF,MD_5000/Rg/alternating_Rg/seed_42,MD_5000,Rg,alternating,1000,4,train,1.3768872524760534,0.7369591111954953,1.8958185060310553,1000,46.0,Models/RDKit_RF/scaling_results/MD_5000/Rg/alternating_Rg/seed_42/train_1000/fold_04/metrics.json
RDKit_RF,MD_5000/Rg/alternating_Rg/seed_42,MD_5000,Rg,alternating,1000,4,val,4.154966337500785,2.179372249850781,17.263745265764683,2780,46.0,Models/RDKit_RF/scaling_results/MD_5000/Rg/alternating_Rg/seed_42/train_1000/fold_04/metrics.json
RDKit_RF,MD_5000/Rg/alternating_Rg/seed_42,MD_5000,Rg,alternating,3000,0,test,3.759389112241171,1.9995637136614048,14.133006497237462,2780,42.0,Models/RDKit_RF/scaling_results/MD_5000/Rg/alternating_Rg/seed_42/train_3000/fold_00/metrics.json
RDKit_RF,MD_5000/Rg/alternating_Rg/seed_42,MD_5000,Rg,alternating,3000,0,train,1.4599707168687732,0.7724917989903048,2.13151449411432,3000,42.0,Models/RDKit_RF/scaling_results/MD_5000/Rg/alternating_Rg/seed_42/train_3000/fold_00/metrics.json
RDKit_RF,MD_5000/Rg/alternating_Rg/seed_42,MD_5000,Rg,alternating,3000,0,val,3.945118213782814,2.1137710160069316,15.563957720720902,2780,42.0,Models/RDKit_RF/scaling_results/MD_5000/Rg/alternating_Rg/seed_42/train_3000/fold_00/metrics.json
RDKit_RF,MD_5000/Rg/alternating_Rg/seed_42,MD_5000,Rg,alternating,3000,1,test,3.9093098174763887,2.139161272809684,15.282703249017274,2780,43.0,Models/RDKit_RF/scaling_results/MD_5000/Rg/alternating_Rg/seed_42/train_3000/fold_01/metrics.json
RDKit_RF,MD_5000/Rg/alternating_Rg/seed_42,MD_5000,Rg,alternating,3000,1,train,1.5135726781009515,0.801352953290588,2.290902251893687,3000,43.0,Models/RDKit_RF/scaling_results/MD_5000/Rg/alternating_Rg/seed_42/train_3000/fold_01/metrics.json
RDKit_RF,MD_5000/Rg/alternating_Rg/seed_42,MD_5000,Rg,alternating,3000,1,val,3.63540410755768,2.021374878112081,13.216163025247251,2780,43.0,Models/RDKit_RF/scaling_results/MD_5000/Rg/alternating_Rg/seed_42/train_3000/fold_01/metrics.json
RDKit_RF,MD_5000/Rg/alternating_Rg/seed_42,MD_5000,Rg,alternating,3000,2,test,3.736640529495527,2.032236331579455,13.962482446668613,2780,44.0,Models/RDKit_RF/scaling_results/MD_5000/Rg/alternating_Rg/seed_42/train_3000/fold_02/metrics.json
RDKit_RF,MD_5000/Rg/alternating_Rg/seed_42,MD_5000,Rg,alternating,3000,2,train,1.4215911963849188,0.7516333556689436,2.020921529639105,3000,44.0,Models/RDKit_RF/scaling_results/MD_5000/Rg/alternating_Rg/seed_42/train_3000/fold_02/metrics.json
RDKit_RF,MD_5000/Rg/alternating_Rg/seed_42,MD_5000,Rg,alternating,3000,2,val,3.851125172353416,2.029218971810941,14.83116509313413,2780,44.0,Models/RDKit_RF/scaling_results/MD_5000/Rg/alternating_Rg/seed_42/train_3000/fold_02/metrics.json
RDKit_RF,MD_5000/Rg/alternating_Rg/seed_42,MD_5000,Rg,alternating,3000,3,test,3.6911854648017957,1.9177569160799282,13.624850135564047,2780,45.0,Models/RDKit_RF/scaling_results/MD_5000/Rg/alternating_Rg/seed_42/train_3000/fold_03/metrics.json
RDKit_RF,MD_5000/Rg/alternating_Rg/seed_42,MD_5000,Rg,alternating,3000,3,train,1.3167414672754716,0.7216788624112319,1.7338080916427618,3000,45.0,Models/RDKit_RF/scaling_results/MD_5000/Rg/alternating_Rg/seed_42/train_3000/fold_03/metrics.json
RDKit_RF,MD_5000/Rg/alternating_Rg/seed_42,MD_5000,Rg,alternating,3000,3,val,4.009440384518646,2.0874357739811744,16.075612197009026,2780,45.0,Models/RDKit_RF/scaling_results/MD_5000/Rg/alternating_Rg/seed_42/train_3000/fold_03/metrics.json
RDKit_RF,MD_5000/Rg/alternating_Rg/seed_42,MD_5000,Rg,alternating,3000,4,test,3.8162545193307285,2.002645601090644,14.56379855631221,2780,46.0,Models/RDKit_RF/scaling_results/MD_5000/Rg/alternating_Rg/seed_42/train_3000/fold_04/metrics.json
RDKit_RF,MD_5000/Rg/alternating_Rg/seed_42,MD_5000,Rg,alternating,3000,4,train,1.3760506613247505,0.7314246485897153,1.893515422532283,3000,46.0,Models/RDKit_RF/scaling_results/MD_5000/Rg/alternating_Rg/seed_42/train_3000/fold_04/metrics.json
RDKit_RF,MD_5000/Rg/alternating_Rg/seed_42,MD_5000,Rg,alternating,3000,4,val,3.9820865964279286,2.043181032357862,15.857013661450964,2780,46.0,Models/RDKit_RF/scaling_results/MD_5000/Rg/alternating_Rg/seed_42/train_3000/fold_04/metrics.json
RDKit_RF,MD_5000/Rg/alternating_Rg/seed_42,MD_5000,Rg,alternating,10000,0,test,3.685442457648564,1.9189971217921022,13.582486108638689,2780,42.0,Models/RDKit_RF/scaling_results/MD_5000/Rg/alternating_Rg/seed_42/train_10000/fold_00/metrics.json
RDKit_RF,MD_5000/Rg/alternating_Rg/seed_42,MD_5000,Rg,alternating,10000,0,train,1.4061976247203074,0.7397262678510633,1.9773917597690347,10000,42.0,Models/RDKit_RF/scaling_results/MD_5000/Rg/alternating_Rg/seed_42/train_10000/fold_00/metrics.json
RDKit_RF,MD_5000/Rg/alternating_Rg/seed_42,MD_5000,Rg,alternating,10000,0,val,3.870512230540701,2.027946682915817,14.98086492676515,2780,42.0,Models/RDKit_RF/scaling_results/MD_5000/Rg/alternating_Rg/seed_42/train_10000/fold_00/metrics.json
RDKit_RF,MD_5000/Rg/alternating_Rg/seed_42,MD_5000,Rg,alternating,10000,1,test,3.8242160538094687,2.021242793803137,14.624628426214066,2780,43.0,Models/RDKit_RF/scaling_results/MD_5000/Rg/alternating_Rg/seed_42/train_10000/fold_01/metrics.json
RDKit_RF,MD_5000/Rg/alternating_Rg/seed_42,MD_5000,Rg,alternating,10000,1,train,1.407582366006319,0.7312630761009407,1.9812881170919467,10000,43.0,Models/RDKit_RF/scaling_results/MD_5000/Rg/alternating_Rg/seed_42/train_10000/fold_01/metrics.json
RDKit_RF,MD_5000/Rg/alternating_Rg/seed_42,MD_5000,Rg,alternating,10000,1,val,3.3936634929643072,1.8540412838560743,11.516951903478704,2780,43.0,Models/RDKit_RF/scaling_results/MD_5000/Rg/alternating_Rg/seed_42/train_10000/fold_01/metrics.json
RDKit_RF,MD_5000/Rg/alternating_Rg/seed_42,MD_5000,Rg,alternating,10000,2,test,3.5209393195823684,1.9211869806525592,12.397013692181153,2780,44.0,Models/RDKit_RF/scaling_results/MD_5000/Rg/alternating_Rg/seed_42/train_10000/fold_02/metrics.json
RDKit_RF,MD_5000/Rg/alternating_Rg/seed_42,MD_5000,Rg,alternating,10000,2,train,1.3752647396429283,0.7193731342327052,1.8913531041051312,10000,44.0,Models/RDKit_RF/scaling_results/MD_5000/Rg/alternating_Rg/seed_42/train_10000/fold_02/metrics.json
RDKit_RF,MD_5000/Rg/alternating_Rg/seed_42,MD_5000,Rg,alternating,10000,2,val,3.6433708577804924,1.9192888476759178,13.274151207324161,2780,44.0,Models/RDKit_RF/scaling_results/MD_5000/Rg/alternating_Rg/seed_42/train_10000/fold_02/metrics.json
RDKit_RF,MD_5000/Rg/alternating_Rg/seed_42,MD_5000,Rg,alternating,10000,3,test,3.478499808882669,1.8246582842386516,12.099960920396766,2780,45.0,Models/RDKit_RF/scaling_results/MD_5000/Rg/alternating_Rg/seed_42/train_10000/fold_03/metrics.json
RDKit_RF,MD_5000/Rg/alternating_Rg/seed_42,MD_5000,Rg,alternating,10000,3,train,1.3548616705339869,0.7140089254143474,1.8356501462821455,10000,45.0,Models/RDKit_RF/scaling_results/MD_5000/Rg/alternating_Rg/seed_42/train_10000/fold_03/metrics.json
RDKit_RF,MD_5000/Rg/alternating_Rg/seed_42,MD_5000,Rg,alternating,10000,3,val,3.816157046092586,1.9689586483448647,14.563054600442092,2780,45.0,Models/RDKit_RF/scaling_results/MD_5000/Rg/alternating_Rg/seed_42/train_10000/fold_03/metrics.json
RDKit_RF,MD_5000/Rg/alternating_Rg/seed_42,MD_5000,Rg,alternating,10000,4,test,3.6938172347173457,1.9470368682055739,13.644285763494898,2780,46.0,Models/RDKit_RF/scaling_results/MD_5000/Rg/alternating_Rg/seed_42/train_10000/fold_04/metrics.json
RDKit_RF,MD_5000/Rg/alternating_Rg/seed_42,MD_5000,Rg,alternating,10000,4,train,1.345780406219722,0.708954118748537,1.8111249017649202,10000,46.0,Models/RDKit_RF/scaling_results/MD_5000/Rg/alternating_Rg/seed_42/train_10000/fold_04/metrics.json
RDKit_RF,MD_5000/Rg/alternating_Rg/seed_42,MD_5000,Rg,alternating,10000,4,val,3.7949341887679853,1.9493890091840163,14.401525497080128,2780,46.0,Models/RDKit_RF/scaling_results/MD_5000/Rg/alternating_Rg/seed_42/train_10000/fold_04/metrics.json
polyBERT,MD_5000/Rg/alternating_Rg/seed_42,MD_5000,Rg,alternating,300,0,test,4.120014102814283,2.584629869804108,16.97451620738858,2780,42.0,Models/polyBERT/scaling_results/MD_5000/Rg/alternating_Rg/seed_42/train_300/fold_00/metrics.json
polyBERT,MD_5000/Rg/alternating_Rg/seed_42,MD_5000,Rg,alternating,300,0,train,3.4731600426688214,2.1159433714548745,12.06284068199129,300,42.0,Models/polyBERT/scaling_results/MD_5000/Rg/alternating_Rg/seed_42/train_300/fold_00/metrics.json
polyBERT,MD_5000/Rg/alternating_Rg/seed_42,MD_5000,Rg,alternating,300,0,val,4.2305504367741165,2.629712861733471,17.897556998089666,2780,42.0,Models/polyBERT/scaling_results/MD_5000/Rg/alternating_Rg/seed_42/train_300/fold_00/metrics.json
polyBERT,MD_5000/Rg/alternating_Rg/seed_42,MD_5000,Rg,alternating,300,1,test,4.315218170454848,2.6304500723914277,18.621107858623684,2780,43.0,Models/polyBERT/scaling_results/MD_5000/Rg/alternating_Rg/seed_42/train_300/fold_01/metrics.json
polyBERT,MD_5000/Rg/alternating_Rg/seed_42,MD_5000,Rg,alternating,300,1,train,3.684727882514268,2.2781776062647503,13.57721956817808,300,43.0,Models/polyBERT/scaling_results/MD_5000/Rg/alternating_Rg/seed_42/train_300/fold_01/metrics.json
polyBERT,MD_5000/Rg/alternating_Rg/seed_42,MD_5000,Rg,alternating,300,1,val,4.020376742764696,2.4995413258778965,16.163429153763264,2780,43.0,Models/polyBERT/scaling_results/MD_5000/Rg/alternating_Rg/seed_42/train_300/fold_01/metrics.json
polyBERT,MD_5000/Rg/alternating_Rg/seed_42,MD_5000,Rg,alternating,300,2,test,4.110141226471265,2.4303882928203335,16.893260901538717,2780,44.0,Models/polyBERT/scaling_results/MD_5000/Rg/alternating_Rg/seed_42/train_300/fold_02/metrics.json
polyBERT,MD_5000/Rg/alternating_Rg/seed_42,MD_5000,Rg,alternating,300,2,train,1.7201018459930588,1.1651658248901366,2.958750360588729,300,44.0,Models/polyBERT/scaling_results/MD_5000/Rg/alternating_Rg/seed_42/train_300/fold_02/metrics.json
polyBERT,MD_5000/Rg/alternating_Rg/seed_42,MD_5000,Rg,alternating,300,2,val,4.39279042012399,2.533345304461692,19.2966076751331,2780,44.0,Models/polyBERT/scaling_results/MD_5000/Rg/alternating_Rg/seed_42/train_300/fold_02/metrics.json
polyBERT,MD_5000/Rg/alternating_Rg/seed_42,MD_5000,Rg,alternating,300,3,test,4.098986613649821,2.5251030674941246,16.801691258880425,2780,45.0,Models/polyBERT/scaling_results/MD_5000/Rg/alternating_Rg/seed_42/train_300/fold_03/metrics.json
polyBERT,MD_5000/Rg/alternating_Rg/seed_42,MD_5000,Rg,alternating,300,3,train,3.088783521967697,2.013154560724894,9.540583645579169,300,45.0,Models/polyBERT/scaling_results/MD_5000/Rg/alternating_Rg/seed_42/train_300/fold_03/metrics.json
polyBERT,MD_5000/Rg/alternating_Rg/seed_42,MD_5000,Rg,alternating,300,3,val,4.230857050613397,2.6079473514351057,17.9001513827251,2780,45.0,Models/polyBERT/scaling_results/MD_5000/Rg/alternating_Rg/seed_42/train_300/fold_03/metrics.json
polyBERT,MD_5000/Rg/alternating_Rg/seed_42,MD_5000,Rg,alternating,300,4,test,4.036985429441849,2.4350220373208575,16.29725135752579,2780,46.0,Models/polyBERT/scaling_results/MD_5000/Rg/alternating_Rg/seed_42/train_300/fold_04/metrics.json
polyBERT,MD_5000/Rg/alternating_Rg/seed_42,MD_5000,Rg,alternating,300,4,train,2.585536312399515,1.6017911005020142,6.684998022736482,300,46.0,Models/polyBERT/scaling_results/MD_5000/Rg/alternating_Rg/seed_42/train_300/fold_04/metrics.json
polyBERT,MD_5000/Rg/alternating_Rg/seed_42,MD_5000,Rg,alternating,300,4,val,4.289424343544373,2.496128842298933,18.399161198991074,2780,46.0,Models/polyBERT/scaling_results/MD_5000/Rg/alternating_Rg/seed_42/train_300/fold_04/metrics.json
polyBERT,MD_5000/Rg/alternating_Rg/seed_42,MD_5000,Rg,alternating,1000,0,test,3.9292108646092827,2.294584551818079,15.438698018563626,2780,42.0,Models/polyBERT/scaling_results/MD_5000/Rg/alternating_Rg/seed_42/train_1000/fold_00/metrics.json
polyBERT,MD_5000/Rg/alternating_Rg/seed_42,MD_5000,Rg,alternating,1000,0,train,1.4977501764525942,0.9451834764480591,2.2432555910637775,1000,42.0,Models/polyBERT/scaling_results/MD_5000/Rg/alternating_Rg/seed_42/train_1000/fold_00/metrics.json
polyBERT,MD_5000/Rg/alternating_Rg/seed_42,MD_5000,Rg,alternating,1000,0,val,3.8312375968072026,2.342082504231295,14.678381523189028,2780,42.0,Models/polyBERT/scaling_results/MD_5000/Rg/alternating_Rg/seed_42/train_1000/fold_00/metrics.json
polyBERT,MD_5000/Rg/alternating_Rg/seed_42,MD_5000,Rg,alternating,1000,1,test,4.091929822079077,2.3543464773850475,16.74388966882011,2780,43.0,Models/polyBERT/scaling_results/MD_5000/Rg/alternating_Rg/seed_42/train_1000/fold_01/metrics.json
polyBERT,MD_5000/Rg/alternating_Rg/seed_42,MD_5000,Rg,alternating,1000,1,train,3.0778360773651947,1.7942054576873778,9.473074919130768,1000,43.0,Models/polyBERT/scaling_results/MD_5000/Rg/alternating_Rg/seed_42/train_1000/fold_01/metrics.json
polyBERT,MD_5000/Rg/alternating_Rg/seed_42,MD_5000,Rg,alternating,1000,1,val,3.796280484972686,2.1991125122248696,14.411745520584452,2780,43.0,Models/polyBERT/scaling_results/MD_5000/Rg/alternating_Rg/seed_42/train_1000/fold_01/metrics.json
polyBERT,MD_5000/Rg/alternating_Rg/seed_42,MD_5000,Rg,alternating,1000,2,test,4.006764582712344,2.351687376447719,16.054162421278022,2780,44.0,Models/polyBERT/scaling_results/MD_5000/Rg/alternating_Rg/seed_42/train_1000/fold_02/metrics.json
polyBERT,MD_5000/Rg/alternating_Rg/seed_42,MD_5000,Rg,alternating,1000,2,train,2.0240480382312867,1.3197745933532714,4.096770461067919,1000,44.0,Models/polyBERT/scaling_results/MD_5000/Rg/alternating_Rg/seed_42/train_1000/fold_02/metrics.json
polyBERT,MD_5000/Rg/alternating_Rg/seed_42,MD_5000,Rg,alternating,1000,2,val,3.91095253519529,2.3362157801072376,15.295549732550466,2780,44.0,Models/polyBERT/scaling_results/MD_5000/Rg/alternating_Rg/seed_42/train_1000/fold_02/metrics.json
polyBERT,MD_5000/Rg/alternating_Rg/seed_42,MD_5000,Rg,alternating,1000,3,test,3.73697465772977,2.1913802071440993,13.964979592514533,2780,45.0,Models/polyBERT/scaling_results/MD_5000/Rg/alternating_Rg/seed_42/train_1000/fold_03/metrics.json
polyBERT,MD_5000/Rg/alternating_Rg/seed_42,MD_5000,Rg,alternating,1000,3,train,2.515479538532903,1.549032642364502,6.3276373087777085,1000,45.0,Models/polyBERT/scaling_results/MD_5000/Rg/alternating_Rg/seed_42/train_1000/fold_03/metrics.json
polyBERT,MD_5000/Rg/alternating_Rg/seed_42,MD_5000,Rg,alternating,1000,3,val,4.029985547397066,2.347894648339251,16.240783512229235,2780,45.0,Models/polyBERT/scaling_results/MD_5000/Rg/alternating_Rg/seed_42/train_1000/fold_03/metrics.json
polyBERT,MD_5000/Rg/alternating_Rg/seed_42,MD_5000,Rg,alternating,1000,4,test,3.8368610618687313,2.2889608129322956,14.72150280808445,2780,46.0,Models/polyBERT/scaling_results/MD_5000/Rg/alternating_Rg/seed_42/train_1000/fold_04/metrics.json
polyBERT,MD_5000/Rg/alternating_Rg/seed_42,MD_5000,Rg,alternating,1000,4,train,2.6821080101763326,1.6236952028274536,7.193703378252046,1000,46.0,Models/polyBERT/scaling_results/MD_5000/Rg/alternating_Rg/seed_42/train_1000/fold_04/metrics.json
polyBERT,MD_5000/Rg/alternating_Rg/seed_42,MD_5000,Rg,alternating,1000,4,val,3.979246618627603,2.283940936507081,15.834403651859216,2780,46.0,Models/polyBERT/scaling_results/MD_5000/Rg/alternating_Rg/seed_42/train_1000/fold_04/metrics.json
polyBERT,MD_5000/Rg/alternating_Rg/seed_42,MD_5000,Rg,alternating,3000,0,test,3.440543670730846,1.933071833548786,11.837340750206083,2780,42.0,Models/polyBERT/scaling_results/MD_5000/Rg/alternating_Rg/seed_42/train_3000/fold_00/metrics.json
polyBERT,MD_5000/Rg/alternating_Rg/seed_42,MD_5000,Rg,alternating,3000,0,train,1.4313699889085416,0.9780232632954915,2.0488200451480383,3000,42.0,Models/polyBERT/scaling_results/MD_5000/Rg/alternating_Rg/seed_42/train_3000/fold_00/metrics.json
polyBERT,MD_5000/Rg/alternating_Rg/seed_42,MD_5000,Rg,alternating,3000,0,val,3.4090556169340083,1.9518510760163232,11.62166019934931,2780,42.0,Models/polyBERT/scaling_results/MD_5000/Rg/alternating_Rg/seed_42/train_3000/fold_00/metrics.json
polyBERT,MD_5000/Rg/alternating_Rg/seed_42,MD_5000,Rg,alternating,3000,1,test,3.352610112865671,1.8731963929512518,11.239994568889168,2780,43.0,Models/polyBERT/scaling_results/MD_5000/Rg/alternating_Rg/seed_42/train_3000/fold_01/metrics.json
polyBERT,MD_5000/Rg/alternating_Rg/seed_42,MD_5000,Rg,alternating,3000,1,train,1.0078423246809716,0.7611847712198894,1.015746151418345,3000,43.0,Models/polyBERT/scaling_results/MD_5000/Rg/alternating_Rg/seed_42/train_3000/fold_01/metrics.json
polyBERT,MD_5000/Rg/alternating_Rg/seed_42,MD_5000,Rg,alternating,3000,1,val,3.162068949398037,1.7353196919393197,9.998680040747207,2780,43.0,Models/polyBERT/scaling_results/MD_5000/Rg/alternating_Rg/seed_42/train_3000/fold_01/metrics.json
polyBERT,MD_5000/Rg/alternating_Rg/seed_42,MD_5000,Rg,alternating,3000,2,test,3.1679038501666934,1.8422147126506558,10.035614803900959,2780,44.0,Models/polyBERT/scaling_results/MD_5000/Rg/alternating_Rg/seed_42/train_3000/fold_02/metrics.json
polyBERT,MD_5000/Rg/alternating_Rg/seed_42,MD_5000,Rg,alternating,3000,2,train,1.4189237937616508,0.9540585435231527,2.0133447325029556,3000,44.0,Models/polyBERT/scaling_results/MD_5000/Rg/alternating_Rg/seed_42/train_3000/fold_02/metrics.json
polyBERT,MD_5000/Rg/alternating_Rg/seed_42,MD_5000,Rg,alternating,3000,2,val,3.264604397941857,1.8362664483434006,10.657641875061316,2780,44.0,Models/polyBERT/scaling_results/MD_5000/Rg/alternating_Rg/seed_42/train_3000/fold_02/metrics.json
polyBERT,MD_5000/Rg/alternating_Rg/seed_42,MD_5000,Rg,alternating,3000,3,test,3.3294410482193544,1.8356534014502874,11.085177693567992,2780,45.0,Models/polyBERT/scaling_results/MD_5000/Rg/alternating_Rg/seed_42/train_3000/fold_03/metrics.json
polyBERT,MD_5000/Rg/alternating_Rg/seed_42,MD_5000,Rg,alternating,3000,3,train,0.9972495460312192,0.728493976910909,0.9945066570594727,3000,45.0,Models/polyBERT/scaling_results/MD_5000/Rg/alternating_Rg/seed_42/train_3000/fold_03/metrics.json
polyBERT,MD_5000/Rg/alternating_Rg/seed_42,MD_5000,Rg,alternating,3000,3,val,3.5549032838057486,1.941277327468927,12.637337357212896,2780,45.0,Models/polyBERT/scaling_results/MD_5000/Rg/alternating_Rg/seed_42/train_3000/fold_03/metrics.json
polyBERT,MD_5000/Rg/alternating_Rg/seed_42,MD_5000,Rg,alternating,3000,4,test,3.324038030006192,1.8725434109461394,11.049228824927445,2780,46.0,Models/polyBERT/scaling_results/MD_5000/Rg/alternating_Rg/seed_42/train_3000/fold_04/metrics.json
polyBERT,MD_5000/Rg/alternating_Rg/seed_42,MD_5000,Rg,alternating,3000,4,train,1.2689677138771909,0.9224870347976685,1.610279058862704,3000,46.0,Models/polyBERT/scaling_results/MD_5000/Rg/alternating_Rg/seed_42/train_3000/fold_04/metrics.json
polyBERT,MD_5000/Rg/alternating_Rg/seed_42,MD_5000,Rg,alternating,3000,4,val,3.313337793308039,1.8721245504969315,10.978207332563384,2780,46.0,Models/polyBERT/scaling_results/MD_5000/Rg/alternating_Rg/seed_42/train_3000/fold_04/metrics.json
polyBERT,MD_5000/Rg/alternating_Rg/seed_42,MD_5000,Rg,alternating,10000,0,test,2.4383566258969087,1.4262817550906175,5.945583035055357,2780,42.0,Models/polyBERT/scaling_results/MD_5000/Rg/alternating_Rg/seed_42/train_10000/fold_00/metrics.json
polyBERT,MD_5000/Rg/alternating_Rg/seed_42,MD_5000,Rg,alternating,10000,0,train,1.0260881364941907,0.7747532341957092,1.052856863854121,10000,42.0,Models/polyBERT/scaling_results/MD_5000/Rg/alternating_Rg/seed_42/train_10000/fold_00/metrics.json
polyBERT,MD_5000/Rg/alternating_Rg/seed_42,MD_5000,Rg,alternating,10000,0,val,2.512583187205237,1.462122113070042,6.3130742726264275,2780,42.0,Models/polyBERT/scaling_results/MD_5000/Rg/alternating_Rg/seed_42/train_10000/fold_00/metrics.json
polyBERT,MD_5000/Rg/alternating_Rg/seed_42,MD_5000,Rg,alternating,10000,1,test,2.4146641329547767,1.4559941689745128,5.830602874978243,2780,43.0,Models/polyBERT/scaling_results/MD_5000/Rg/alternating_Rg/seed_42/train_10000/fold_01/metrics.json
polyBERT,MD_5000/Rg/alternating_Rg/seed_42,MD_5000,Rg,alternating,10000,1,train,0.9897254403490436,0.7448327360153199,0.9795564472741084,10000,43.0,Models/polyBERT/scaling_results/MD_5000/Rg/alternating_Rg/seed_42/train_10000/fold_01/metrics.json
polyBERT,MD_5000/Rg/alternating_Rg/seed_42,MD_5000,Rg,alternating,10000,1,val,2.3057381370552648,1.3665800749826775,5.316428356671082,2780,43.0,Models/polyBERT/scaling_results/MD_5000/Rg/alternating_Rg/seed_42/train_10000/fold_01/metrics.json
polyBERT,MD_5000/Rg/alternating_Rg/seed_42,MD_5000,Rg,alternating,10000,2,test,2.4428328003809714,1.442754235713602,5.967432090617139,2780,44.0,Models/polyBERT/scaling_results/MD_5000/Rg/alternating_Rg/seed_42/train_10000/fold_02/metrics.json
polyBERT,MD_5000/Rg/alternating_Rg/seed_42,MD_5000,Rg,alternating,10000,2,train,1.0228009067072572,0.7679510913848877,1.0461216947611873,10000,44.0,Models/polyBERT/scaling_results/MD_5000/Rg/alternating_Rg/seed_42/train_10000/fold_02/metrics.json
polyBERT,MD_5000/Rg/alternating_Rg/seed_42,MD_5000,Rg,alternating,10000,2,val,2.397814494701038,1.4063219262541626,5.749514350998393,2780,44.0,Models/polyBERT/scaling_results/MD_5000/Rg/alternating_Rg/seed_42/train_10000/fold_02/metrics.json
polyBERT,MD_5000/Rg/alternating_Rg/seed_42,MD_5000,Rg,alternating,10000,3,test,2.5278470363366754,1.4263062741259018,6.390010639116112,2780,45.0,Models/polyBERT/scaling_results/MD_5000/Rg/alternating_Rg/seed_42/train_10000/fold_03/metrics.json
polyBERT,MD_5000/Rg/alternating_Rg/seed_42,MD_5000,Rg,alternating,10000,3,train,0.8232078749746387,0.619743646144867,0.6776712054202603,10000,45.0,Models/polyBERT/scaling_results/MD_5000/Rg/alternating_Rg/seed_42/train_10000/fold_03/metrics.json
polyBERT,MD_5000/Rg/alternating_Rg/seed_42,MD_5000,Rg,alternating,10000,3,val,2.3496779044101785,1.3958605097352172,5.520986254473408,2780,45.0,Models/polyBERT/scaling_results/MD_5000/Rg/alternating_Rg/seed_42/train_10000/fold_03/metrics.json
polyBERT,MD_5000/Rg/alternating_Rg/seed_42,MD_5000,Rg,alternating,10000,4,test,2.6175445428918,1.507439484699167,6.8515394340226425,2780,46.0,Models/polyBERT/scaling_results/MD_5000/Rg/alternating_Rg/seed_42/train_10000/fold_04/metrics.json
polyBERT,MD_5000/Rg/alternating_Rg/seed_42,MD_5000,Rg,alternating,10000,4,train,1.0657779119623518,0.8009167990684509,1.1358825576268308,10000,46.0,Models/polyBERT/scaling_results/MD_5000/Rg/alternating_Rg/seed_42/train_10000/fold_04/metrics.json
polyBERT,MD_5000/Rg/alternating_Rg/seed_42,MD_5000,Rg,alternating,10000,4,val,2.453852435875879,1.4374649679060463,6.021391777053985,2780,46.0,Models/polyBERT/scaling_results/MD_5000/Rg/alternating_Rg/seed_42/train_10000/fold_04/metrics.json
polymer_chemprop,MD_5000/Rg/alternating_Rg/seed_42,MD_5000,Rg,alternating,300,0,test,3.8274610763037633,,,2780,,Models/polymer_chemprop/scaling_results/MD_5000/Rg/alternating_Rg/seed_42/train_300/fold_00/fold_0/test_scores.json
polymer_chemprop,MD_5000/Rg/alternating_Rg/seed_42,MD_5000,Rg,alternating,300,1,test,4.008553678325613,,,2780,,Models/polymer_chemprop/scaling_results/MD_5000/Rg/alternating_Rg/seed_42/train_300/fold_01/fold_0/test_scores.json
polymer_chemprop,MD_5000/Rg/alternating_Rg/seed_42,MD_5000,Rg,alternating,300,2,test,3.948499414068982,,,2780,,Models/polymer_chemprop/scaling_results/MD_5000/Rg/alternating_Rg/seed_42/train_300/fold_02/fold_0/test_scores.json
polymer_chemprop,MD_5000/Rg/alternating_Rg/seed_42,MD_5000,Rg,alternating,300,3,test,3.9771088043164924,,,2780,,Models/polymer_chemprop/scaling_results/MD_5000/Rg/alternating_Rg/seed_42/train_300/fold_03/fold_0/test_scores.json
polymer_chemprop,MD_5000/Rg/alternating_Rg/seed_42,MD_5000,Rg,alternating,300,4,test,3.9047093940934112,,,2780,,Models/polymer_chemprop/scaling_results/MD_5000/Rg/alternating_Rg/seed_42/train_300/fold_04/fold_0/test_scores.json
polymer_chemprop,MD_5000/Rg/alternating_Rg/seed_42,MD_5000,Rg,alternating,1000,0,test,2.3688746590924543,,,2780,,Models/polymer_chemprop/scaling_results/MD_5000/Rg/alternating_Rg/seed_42/train_1000/fold_00/fold_0/test_scores.json
polymer_chemprop,MD_5000/Rg/alternating_Rg/seed_42,MD_5000,Rg,alternating,1000,1,test,2.336257077449863,,,2780,,Models/polymer_chemprop/scaling_results/MD_5000/Rg/alternating_Rg/seed_42/train_1000/fold_01/fold_0/test_scores.json
polymer_chemprop,MD_5000/Rg/alternating_Rg/seed_42,MD_5000,Rg,alternating,1000,2,test,2.467666430157258,,,2780,,Models/polymer_chemprop/scaling_results/MD_5000/Rg/alternating_Rg/seed_42/train_1000/fold_02/fold_0/test_scores.json
polymer_chemprop,MD_5000/Rg/alternating_Rg/seed_42,MD_5000,Rg,alternating,1000,3,test,2.548301420072555,,,2780,,Models/polymer_chemprop/scaling_results/MD_5000/Rg/alternating_Rg/seed_42/train_1000/fold_03/fold_0/test_scores.json
polymer_chemprop,MD_5000/Rg/alternating_Rg/seed_42,MD_5000,Rg,alternating,1000,4,test,2.38361945230591,,,2780,,Models/polymer_chemprop/scaling_results/MD_5000/Rg/alternating_Rg/seed_42/train_1000/fold_04/fold_0/test_scores.json
polymer_chemprop,MD_5000/Rg/alternating_Rg/seed_42,MD_5000,Rg,alternating,3000,0,test,1.643172563196674,,,2780,,Models/polymer_chemprop/scaling_results/MD_5000/Rg/alternating_Rg/seed_42/train_3000/fold_00/fold_0/test_scores.json
polymer_chemprop,MD_5000/Rg/alternating_Rg/seed_42,MD_5000,Rg,alternating,3000,1,test,1.7002606712742474,,,2780,,Models/polymer_chemprop/scaling_results/MD_5000/Rg/alternating_Rg/seed_42/train_3000/fold_01/fold_0/test_scores.json
polymer_chemprop,MD_5000/Rg/alternating_Rg/seed_42,MD_5000,Rg,alternating,3000,2,test,1.6732172857291105,,,2780,,Models/polymer_chemprop/scaling_results/MD_5000/Rg/alternating_Rg/seed_42/train_3000/fold_02/fold_0/test_scores.json
polymer_chemprop,MD_5000/Rg/alternating_Rg/seed_42,MD_5000,Rg,alternating,3000,3,test,1.8026175599300613,,,2780,,Models/polymer_chemprop/scaling_results/MD_5000/Rg/alternating_Rg/seed_42/train_3000/fold_03/fold_0/test_scores.json
polymer_chemprop,MD_5000/Rg/alternating_Rg/seed_42,MD_5000,Rg,alternating,3000,4,test,1.6992574947783299,,,2780,,Models/polymer_chemprop/scaling_results/MD_5000/Rg/alternating_Rg/seed_42/train_3000/fold_04/fold_0/test_scores.json
polymer_chemprop,MD_5000/Rg/alternating_Rg/seed_42,MD_5000,Rg,alternating,10000,0,test,1.286094242649861,,,2780,,Models/polymer_chemprop/scaling_results/MD_5000/Rg/alternating_Rg/seed_42/train_10000/fold_00/fold_0/test_scores.json
polymer_chemprop,MD_5000/Rg/alternating_Rg/seed_42,MD_5000,Rg,alternating,10000,1,test,1.321328884118062,,,2780,,Models/polymer_chemprop/scaling_results/MD_5000/Rg/alternating_Rg/seed_42/train_10000/fold_01/fold_0/test_scores.json
polymer_chemprop,MD_5000/Rg/alternating_Rg/seed_42,MD_5000,Rg,alternating,10000,2,test,1.3111600343184902,,,2780,,Models/polymer_chemprop/scaling_results/MD_5000/Rg/alternating_Rg/seed_42/train_10000/fold_02/fold_0/test_scores.json
polymer_chemprop,MD_5000/Rg/alternating_Rg/seed_42,MD_5000,Rg,alternating,10000,3,test,1.3061587969583535,,,2780,,Models/polymer_chemprop/scaling_results/MD_5000/Rg/alternating_Rg/seed_42/train_10000/fold_03/fold_0/test_scores.json
polymer_chemprop,MD_5000/Rg/alternating_Rg/seed_42,MD_5000,Rg,alternating,10000,4,test,1.2999770736364404,,,2780,,Models/polymer_chemprop/scaling_results/MD_5000/Rg/alternating_Rg/seed_42/train_10000/fold_04/fold_0/test_scores.json
polymer_periodic_graph,MD_5000/Rg/alternating_Rg/seed_42,MD_5000,Rg,alternating,300,0,test,3.921251274708392,,,2780,,Models/polymer_periodic_graph/scaling_results/MD_5000/Rg/alternating_Rg/seed_42/train_300/fold_00/fold_0/test_scores.json
polymer_periodic_graph,MD_5000/Rg/alternating_Rg/seed_42,MD_5000,Rg,alternating,300,1,test,4.119915451419594,,,2780,,Models/polymer_periodic_graph/scaling_results/MD_5000/Rg/alternating_Rg/seed_42/train_300/fold_01/fold_0/test_scores.json
polymer_periodic_graph,MD_5000/Rg/alternating_Rg/seed_42,MD_5000,Rg,alternating,300,2,test,3.913491955845593,,,2780,,Models/polymer_periodic_graph/scaling_results/MD_5000/Rg/alternating_Rg/seed_42/train_300/fold_02/fold_0/test_scores.json
polymer_periodic_graph,MD_5000/Rg/alternating_Rg/seed_42,MD_5000,Rg,alternating,300,3,test,3.9686298675011153,,,2780,,Models/polymer_periodic_graph/scaling_results/MD_5000/Rg/alternating_Rg/seed_42/train_300/fold_03/fold_0/test_scores.json
polymer_periodic_graph,MD_5000/Rg/alternating_Rg/seed_42,MD_5000,Rg,alternating,300,4,test,3.9366311405908867,,,2780,,Models/polymer_periodic_graph/scaling_results/MD_5000/Rg/alternating_Rg/seed_42/train_300/fold_04/fold_0/test_scores.json
polymer_periodic_graph,MD_5000/Rg/alternating_Rg/seed_42,MD_5000,Rg,alternating,1000,0,test,2.9785030175262053,,,2780,,Models/polymer_periodic_graph/scaling_results/MD_5000/Rg/alternating_Rg/seed_42/train_1000/fold_00/fold_0/test_scores.json
polymer_periodic_graph,MD_5000/Rg/alternating_Rg/seed_42,MD_5000,Rg,alternating,1000,1,test,3.720948078447311,,,2780,,Models/polymer_periodic_graph/scaling_results/MD_5000/Rg/alternating_Rg/seed_42/train_1000/fold_01/fold_0/test_scores.json
polymer_periodic_graph,MD_5000/Rg/alternating_Rg/seed_42,MD_5000,Rg,alternating,1000,2,test,3.314260930578027,,,2780,,Models/polymer_periodic_graph/scaling_results/MD_5000/Rg/alternating_Rg/seed_42/train_1000/fold_02/fold_0/test_scores.json
polymer_periodic_graph,MD_5000/Rg/alternating_Rg/seed_42,MD_5000,Rg,alternating,1000,3,test,3.716397883928089,,,2780,,Models/polymer_periodic_graph/scaling_results/MD_5000/Rg/alternating_Rg/seed_42/train_1000/fold_03/fold_0/test_scores.json
polymer_periodic_graph,MD_5000/Rg/alternating_Rg/seed_42,MD_5000,Rg,alternating,1000,4,test,3.5433321268456393,,,2780,,Models/polymer_periodic_graph/scaling_results/MD_5000/Rg/alternating_Rg/seed_42/train_1000/fold_04/fold_0/test_scores.json
polymer_periodic_graph,MD_5000/Rg/alternating_Rg/seed_42,MD_5000,Rg,alternating,3000,0,test,1.9794486002426108,,,2780,,Models/polymer_periodic_graph/scaling_results/MD_5000/Rg/alternating_Rg/seed_42/train_3000/fold_00/fold_0/test_scores.json
polymer_periodic_graph,MD_5000/Rg/alternating_Rg/seed_42,MD_5000,Rg,alternating,3000,1,test,1.8848749190984064,,,2780,,Models/polymer_periodic_graph/scaling_results/MD_5000/Rg/alternating_Rg/seed_42/train_3000/fold_01/fold_0/test_scores.json
polymer_periodic_graph,MD_5000/Rg/alternating_Rg/seed_42,MD_5000,Rg,alternating,3000,2,test,2.1047317159442067,,,2780,,Models/polymer_periodic_graph/scaling_results/MD_5000/Rg/alternating_Rg/seed_42/train_3000/fold_02/fold_0/test_scores.json
polymer_periodic_graph,MD_5000/Rg/alternating_Rg/seed_42,MD_5000,Rg,alternating,3000,3,test,1.9938482244244906,,,2780,,Models/polymer_periodic_graph/scaling_results/MD_5000/Rg/alternating_Rg/seed_42/train_3000/fold_03/fold_0/test_scores.json
polymer_periodic_graph,MD_5000/Rg/alternating_Rg/seed_42,MD_5000,Rg,alternating,3000,4,test,1.870436673868492,,,2780,,Models/polymer_periodic_graph/scaling_results/MD_5000/Rg/alternating_Rg/seed_42/train_3000/fold_04/fold_0/test_scores.json
polymer_periodic_graph,MD_5000/Rg/alternating_Rg/seed_42,MD_5000,Rg,alternating,10000,0,test,1.3722883845438516,,,2780,,Models/polymer_periodic_graph/scaling_results/MD_5000/Rg/alternating_Rg/seed_42/train_10000/fold_00/fold_0/test_scores.json
polymer_periodic_graph,MD_5000/Rg/alternating_Rg/seed_42,MD_5000,Rg,alternating,10000,1,test,1.4964142120324526,,,2780,,Models/polymer_periodic_graph/scaling_results/MD_5000/Rg/alternating_Rg/seed_42/train_10000/fold_01/fold_0/test_scores.json
polymer_periodic_graph,MD_5000/Rg/alternating_Rg/seed_42,MD_5000,Rg,alternating,10000,2,test,1.3521852853050995,,,2780,,Models/polymer_periodic_graph/scaling_results/MD_5000/Rg/alternating_Rg/seed_42/train_10000/fold_02/fold_0/test_scores.json
polymer_periodic_graph,MD_5000/Rg/alternating_Rg/seed_42,MD_5000,Rg,alternating,10000,3,test,1.3467540743302953,,,2780,,Models/polymer_periodic_graph/scaling_results/MD_5000/Rg/alternating_Rg/seed_42/train_10000/fold_03/fold_0/test_scores.json
polymer_periodic_graph,MD_5000/Rg/alternating_Rg/seed_42,MD_5000,Rg,alternating,10000,4,test,1.5082838094703792,,,2780,,Models/polymer_periodic_graph/scaling_results/MD_5000/Rg/alternating_Rg/seed_42/train_10000/fold_04/fold_0/test_scores.json
RDKit_RF,MD_5000/Rg/homopolymer_Rg/seed_42,MD_5000,Rg,homopolymer,300,0,test,5.465240661528166,3.1378649401369976,29.86885548842083,180,42.0,Models/RDKit_RF/scaling_results/MD_5000/Rg/homopolymer_Rg/seed_42/train_300/fold_00/metrics.json
RDKit_RF,MD_5000/Rg/homopolymer_Rg/seed_42,MD_5000,Rg,homopolymer,300,0,train,2.252676705516211,1.320090581371277,5.074552339575369,300,42.0,Models/RDKit_RF/scaling_results/MD_5000/Rg/homopolymer_Rg/seed_42/train_300/fold_00/metrics.json
RDKit_RF,MD_5000/Rg/homopolymer_Rg/seed_42,MD_5000,Rg,homopolymer,300,0,val,6.575351528900016,3.7419102660295165,43.235247728607774,180,42.0,Models/RDKit_RF/scaling_results/MD_5000/Rg/homopolymer_Rg/seed_42/train_300/fold_00/metrics.json
RDKit_RF,MD_5000/Rg/homopolymer_Rg/seed_42,MD_5000,Rg,homopolymer,300,1,test,7.638428804296221,4.2314307471286385,58.3455945983022,180,43.0,Models/RDKit_RF/scaling_results/MD_5000/Rg/homopolymer_Rg/seed_42/train_300/fold_01/metrics.json
RDKit_RF,MD_5000/Rg/homopolymer_Rg/seed_42,MD_5000,Rg,homopolymer,300,1,train,2.184951772436366,1.3300432903081654,4.774014247872816,300,43.0,Models/RDKit_RF/scaling_results/MD_5000/Rg/homopolymer_Rg/seed_42/train_300/fold_01/metrics.json
RDKit_RF,MD_5000/Rg/homopolymer_Rg/seed_42,MD_5000,Rg,homopolymer,300,1,val,7.342803479380297,3.912974565902474,53.916762936799394,180,43.0,Models/RDKit_RF/scaling_results/MD_5000/Rg/homopolymer_Rg/seed_42/train_300/fold_01/metrics.json
RDKit_RF,MD_5000/Rg/homopolymer_Rg/seed_42,MD_5000,Rg,homopolymer,300,2,test,6.976247085240432,4.158427987607944,48.66802339432562,180,44.0,Models/RDKit_RF/scaling_results/MD_5000/Rg/homopolymer_Rg/seed_42/train_300/fold_02/metrics.json
RDKit_RF,MD_5000/Rg/homopolymer_Rg/seed_42,MD_5000,Rg,homopolymer,300,2,train,2.631478246737539,1.4783862978573261,6.9246777630528715,300,44.0,Models/RDKit_RF/scaling_results/MD_5000/Rg/homopolymer_Rg/seed_42/train_300/fold_02/metrics.json
RDKit_RF,MD_5000/Rg/homopolymer_Rg/seed_42,MD_5000,Rg,homopolymer,300,2,val,8.325336431443905,4.82764043209913,69.31122669672713,180,44.0,Models/RDKit_RF/scaling_results/MD_5000/Rg/homopolymer_Rg/seed_42/train_300/fold_02/metrics.json
RDKit_RF,MD_5000/Rg/homopolymer_Rg/seed_42,MD_5000,Rg,homopolymer,300,3,test,6.599019347925037,4.174564469646805,43.54705635428899,180,45.0,Models/RDKit_RF/scaling_results/MD_5000/Rg/homopolymer_Rg/seed_42/train_300/fold_03/metrics.json
RDKit_RF,MD_5000/Rg/homopolymer_Rg/seed_42,MD_5000,Rg,homopolymer,300,3,train,2.392567692519437,1.4205935387282338,5.724380163287784,300,45.0,Models/RDKit_RF/scaling_results/MD_5000/Rg/homopolymer_Rg/seed_42/train_300/fold_03/metrics.json
RDKit_RF,MD_5000/Rg/homopolymer_Rg/seed_42,MD_5000,Rg,homopolymer,300,3,val,6.274666610667086,3.5284715570193144,39.37144107502037,180,45.0,Models/RDKit_RF/scaling_results/MD_5000/Rg/homopolymer_Rg/seed_42/train_300/fold_03/metrics.json
RDKit_RF,MD_5000/Rg/homopolymer_Rg/seed_42,MD_5000,Rg,homopolymer,300,4,test,6.3206077094656195,3.6596546637086376,39.95008181695623,180,46.0,Models/RDKit_RF/scaling_results/MD_5000/Rg/homopolymer_Rg/seed_42/train_300/fold_04/metrics.json
RDKit_RF,MD_5000/Rg/homopolymer_Rg/seed_42,MD_5000,Rg,homopolymer,300,4,train,2.605997797432559,1.5683450843755677,6.791224520223349,300,46.0,Models/RDKit_RF/scaling_results/MD_5000/Rg/homopolymer_Rg/seed_42/train_300/fold_04/metrics.json
RDKit_RF,MD_5000/Rg/homopolymer_Rg/seed_42,MD_5000,Rg,homopolymer,300,4,val,6.48444082830272,3.656882248750748,42.04797285575926,180,46.0,Models/RDKit_RF/scaling_results/MD_5000/Rg/homopolymer_Rg/seed_42/train_300/fold_04/metrics.json
RDKit_RF,MD_5000/Rg/homopolymer_Rg/seed_42,MD_5000,Rg,homopolymer,1000,0,test,5.329679248880222,3.1866781048709982,28.405480895944443,180,42.0,Models/RDKit_RF/scaling_results/MD_5000/Rg/homopolymer_Rg/seed_42/train_1000/fold_00/metrics.json
RDKit_RF,MD_5000/Rg/homopolymer_Rg/seed_42,MD_5000,Rg,homopolymer,1000,0,train,2.4663125236822108,1.4425819902880246,6.082697464471716,1000,42.0,Models/RDKit_RF/scaling_results/MD_5000/Rg/homopolymer_Rg/seed_42/train_1000/fold_00/metrics.json
RDKit_RF,MD_5000/Rg/homopolymer_Rg/seed_42,MD_5000,Rg,homopolymer,1000,0,val,6.574816862241546,3.751684433629051,43.22821677201576,180,42.0,Models/RDKit_RF/scaling_results/MD_5000/Rg/homopolymer_Rg/seed_42/train_1000/fold_00/metrics.json
RDKit_RF,MD_5000/Rg/homopolymer_Rg/seed_42,MD_5000,Rg,homopolymer,1000,1,test,6.714387176445118,3.9262221987987775,45.082995155210654,180,43.0,Models/RDKit_RF/scaling_results/MD_5000/Rg/homopolymer_Rg/seed_42/train_1000/fold_01/metrics.json
RDKit_RF,MD_5000/Rg/homopolymer_Rg/seed_42,MD_5000,Rg,homopolymer,1000,1,train,2.5601111705633266,1.4553491688972917,6.5541692056431256,1000,43.0,Models/RDKit_RF/scaling_results/MD_5000/Rg/homopolymer_Rg/seed_42/train_1000/fold_01/metrics.json
RDKit_RF,MD_5000/Rg/homopolymer_Rg/seed_42,MD_5000,Rg,homopolymer,1000,1,val,6.565336589064998,3.5778009330675222,43.10364452771562,180,43.0,Models/RDKit_RF/scaling_results/MD_5000/Rg/homopolymer_Rg/seed_42/train_1000/fold_01/metrics.json
RDKit_RF,MD_5000/Rg/homopolymer_Rg/seed_42,MD_5000,Rg,homopolymer,1000,2,test,6.644745555166779,3.721696694502304,44.15264349290866,180,44.0,Models/RDKit_RF/scaling_results/MD_5000/Rg/homopolymer_Rg/seed_42/train_1000/fold_02/metrics.json
RDKit_RF,MD_5000/Rg/homopolymer_Rg/seed_42,MD_5000,Rg,homopolymer,1000,2,train,2.4708645934089266,1.379341367748611,6.105171838961859,1000,44.0,Models/RDKit_RF/scaling_results/MD_5000/Rg/homopolymer_Rg/seed_42/train_1000/fold_02/metrics.json
RDKit_RF,MD_5000/Rg/homopolymer_Rg/seed_42,MD_5000,Rg,homopolymer,1000,2,val,7.425561073733503,4.276959735667732,55.13895725974625,180,44.0,Models/RDKit_RF/scaling_results/MD_5000/Rg/homopolymer_Rg/seed_42/train_1000/fold_02/metrics.json
RDKit_RF,MD_5000/Rg/homopolymer_Rg/seed_42,MD_5000,Rg,homopolymer,1000,3,test,6.466538575508169,3.9577424384040154,41.816121148535224,180,45.0,Models/RDKit_RF/scaling_results/MD_5000/Rg/homopolymer_Rg/seed_42/train_1000/fold_03/metrics.json
RDKit_RF,MD_5000/Rg/homopolymer_Rg/seed_42,MD_5000,Rg,homopolymer,1000,3,train,2.4885154110491583,1.4182671521319516,6.192708951029161,1000,45.0,Models/RDKit_RF/scaling_results/MD_5000/Rg/homopolymer_Rg/seed_42/train_1000/fold_03/metrics.json
RDKit_RF,MD_5000/Rg/homopolymer_Rg/seed_42,MD_5000,Rg,homopolymer,1000,3,val,5.280294964856159,3.1900967230823944,27.881514915885308,180,45.0,Models/RDKit_RF/scaling_results/MD_5000/Rg/homopolymer_Rg/seed_42/train_1000/fold_03/metrics.json
RDKit_RF,MD_5000/Rg/homopolymer_Rg/seed_42,MD_5000,Rg,homopolymer,1000,4,test,6.606648198527238,3.8055271817392446,43.6478004191032,180,46.0,Models/RDKit_RF/scaling_results/MD_5000/Rg/homopolymer_Rg/seed_42/train_1000/fold_04/metrics.json
RDKit_RF,MD_5000/Rg/homopolymer_Rg/seed_42,MD_5000,Rg,homopolymer,1000,4,train,2.3168084529127624,1.3267592229450151,5.367601407488027,1000,46.0,Models/RDKit_RF/scaling_results/MD_5000/Rg/homopolymer_Rg/seed_42/train_1000/fold_04/metrics.json
RDKit_RF,MD_5000/Rg/homopolymer_Rg/seed_42,MD_5000,Rg,homopolymer,1000,4,val,6.325314427883673,3.4131725627402703,40.00960261159336,180,46.0,Models/RDKit_RF/scaling_results/MD_5000/Rg/homopolymer_Rg/seed_42/train_1000/fold_04/metrics.json
polyBERT,MD_5000/Rg/homopolymer_Rg/seed_42,MD_5000,Rg,homopolymer,300,0,test,5.396769570344764,3.369229573673672,29.125121795399213,180,42.0,Models/polyBERT/scaling_results/MD_5000/Rg/homopolymer_Rg/seed_42/train_300/fold_00/metrics.json
polyBERT,MD_5000/Rg/homopolymer_Rg/seed_42,MD_5000,Rg,homopolymer,300,0,train,0.3523509182408784,0.19217607498168945,0.12415116958519017,300,42.0,Models/polyBERT/scaling_results/MD_5000/Rg/homopolymer_Rg/seed_42/train_300/fold_00/metrics.json
polyBERT,MD_5000/Rg/homopolymer_Rg/seed_42,MD_5000,Rg,homopolymer,300,0,val,6.489971934555051,3.7041274282667374,42.119735711312224,180,42.0,Models/polyBERT/scaling_results/MD_5000/Rg/homopolymer_Rg/seed_42/train_300/fold_00/metrics.json
polyBERT,MD_5000/Rg/homopolymer_Rg/seed_42,MD_5000,Rg,homopolymer,300,1,test,6.477004230844547,3.968013636271159,41.95158380637817,180,43.0,Models/polyBERT/scaling_results/MD_5000/Rg/homopolymer_Rg/seed_42/train_300/fold_01/metrics.json
polyBERT,MD_5000/Rg/homopolymer_Rg/seed_42,MD_5000,Rg,homopolymer,300,1,train,0.6897527271189019,0.21881501197814943,0.4757588245679623,300,43.0,Models/polyBERT/scaling_results/MD_5000/Rg/homopolymer_Rg/seed_42/train_300/fold_01/metrics.json
polyBERT,MD_5000/Rg/homopolymer_Rg/seed_42,MD_5000,Rg,homopolymer,300,1,val,5.920517230536714,3.49455349445343,35.05252427708213,180,43.0,Models/polyBERT/scaling_results/MD_5000/Rg/homopolymer_Rg/seed_42/train_300/fold_01/metrics.json
polyBERT,MD_5000/Rg/homopolymer_Rg/seed_42,MD_5000,Rg,homopolymer,300,2,test,5.741267926303704,4.01145601272583,32.96215740160363,180,44.0,Models/polyBERT/scaling_results/MD_5000/Rg/homopolymer_Rg/seed_42/train_300/fold_02/metrics.json
polyBERT,MD_5000/Rg/homopolymer_Rg/seed_42,MD_5000,Rg,homopolymer,300,2,train,1.1654789586842305,0.8683628908793132,1.3583412031356783,300,44.0,Models/polyBERT/scaling_results/MD_5000/Rg/homopolymer_Rg/seed_42/train_300/fold_02/metrics.json
polyBERT,MD_5000/Rg/homopolymer_Rg/seed_42,MD_5000,Rg,homopolymer,300,2,val,6.213843523398641,4.134063000149197,38.611851333283234,180,44.0,Models/polyBERT/scaling_results/MD_5000/Rg/homopolymer_Rg/seed_42/train_300/fold_02/metrics.json
polyBERT,MD_5000/Rg/homopolymer_Rg/seed_42,MD_5000,Rg,homopolymer,300,3,test,5.533201668732003,3.8154256105422975,30.616320706858627,180,45.0,Models/polyBERT/scaling_results/MD_5000/Rg/homopolymer_Rg/seed_42/train_300/fold_03/metrics.json
polyBERT,MD_5000/Rg/homopolymer_Rg/seed_42,MD_5000,Rg,homopolymer,300,3,train,2.9982329678015183,2.0782926019032795,8.9894009292119,300,45.0,Models/polyBERT/scaling_results/MD_5000/Rg/homopolymer_Rg/seed_42/train_300/fold_03/metrics.json
polyBERT,MD_5000/Rg/homopolymer_Rg/seed_42,MD_5000,Rg,homopolymer,300,3,val,6.1793275658043,4.040642086664835,38.184089165508894,180,45.0,Models/polyBERT/scaling_results/MD_5000/Rg/homopolymer_Rg/seed_42/train_300/fold_03/metrics.json
polyBERT,MD_5000/Rg/homopolymer_Rg/seed_42,MD_5000,Rg,homopolymer,300,4,test,6.028890180728785,3.7984806166754828,36.34751681128797,180,46.0,Models/polyBERT/scaling_results/MD_5000/Rg/homopolymer_Rg/seed_42/train_300/fold_04/metrics.json
polyBERT,MD_5000/Rg/homopolymer_Rg/seed_42,MD_5000,Rg,homopolymer,300,4,train,3.0153925946205136,2.012742867469788,9.092592499692234,300,46.0,Models/polyBERT/scaling_results/MD_5000/Rg/homopolymer_Rg/seed_42/train_300/fold_04/metrics.json
polyBERT,MD_5000/Rg/homopolymer_Rg/seed_42,MD_5000,Rg,homopolymer,300,4,val,5.95863661294918,3.516448047426012,35.50535028517847,180,46.0,Models/polyBERT/scaling_results/MD_5000/Rg/homopolymer_Rg/seed_42/train_300/fold_04/metrics.json
polyBERT,MD_5000/Rg/homopolymer_Rg/seed_42,MD_5000,Rg,homopolymer,1000,0,test,4.0088941163106,2.631055476930406,16.07123203578975,180,42.0,Models/polyBERT/scaling_results/MD_5000/Rg/homopolymer_Rg/seed_42/train_1000/fold_00/metrics.json
polyBERT,MD_5000/Rg/homopolymer_Rg/seed_42,MD_5000,Rg,homopolymer,1000,0,train,0.5984444892527979,0.383410177230835,0.3581358067170422,1000,42.0,Models/polyBERT/scaling_results/MD_5000/Rg/homopolymer_Rg/seed_42/train_1000/fold_00/metrics.json
polyBERT,MD_5000/Rg/homopolymer_Rg/seed_42,MD_5000,Rg,homopolymer,1000,0,val,4.981312169373405,2.8522301197052,24.81347092874758,180,42.0,Models/polyBERT/scaling_results/MD_5000/Rg/homopolymer_Rg/seed_42/train_1000/fold_00/metrics.json
polyBERT,MD_5000/Rg/homopolymer_Rg/seed_42,MD_5000,Rg,homopolymer,1000,1,test,5.19894222645999,3.172164633538988,27.029000274068757,180,43.0,Models/polyBERT/scaling_results/MD_5000/Rg/homopolymer_Rg/seed_42/train_1000/fold_01/metrics.json
polyBERT,MD_5000/Rg/homopolymer_Rg/seed_42,MD_5000,Rg,homopolymer,1000,1,train,0.8503517069810888,0.5541695203781128,0.7230980255656514,1000,43.0,Models/polyBERT/scaling_results/MD_5000/Rg/homopolymer_Rg/seed_42/train_1000/fold_01/metrics.json
polyBERT,MD_5000/Rg/homopolymer_Rg/seed_42,MD_5000,Rg,homopolymer,1000,1,val,4.507586336501326,2.728692979282803,20.31833458101345,180,43.0,Models/polyBERT/scaling_results/MD_5000/Rg/homopolymer_Rg/seed_42/train_1000/fold_01/metrics.json
polyBERT,MD_5000/Rg/homopolymer_Rg/seed_42,MD_5000,Rg,homopolymer,1000,2,test,4.31462621143972,2.866066755188836,18.61599934444267,180,44.0,Models/polyBERT/scaling_results/MD_5000/Rg/homopolymer_Rg/seed_42/train_1000/fold_02/metrics.json
polyBERT,MD_5000/Rg/homopolymer_Rg/seed_42,MD_5000,Rg,homopolymer,1000,2,train,1.1625089661507302,0.8063245449066162,1.3514270963808395,1000,44.0,Models/polyBERT/scaling_results/MD_5000/Rg/homopolymer_Rg/seed_42/train_1000/fold_02/metrics.json
polyBERT,MD_5000/Rg/homopolymer_Rg/seed_42,MD_5000,Rg,homopolymer,1000,2,val,4.730337514526638,3.1411344395743477,22.376093001338045,180,44.0,Models/polyBERT/scaling_results/MD_5000/Rg/homopolymer_Rg/seed_42/train_1000/fold_02/metrics.json
polyBERT,MD_5000/Rg/homopolymer_Rg/seed_42,MD_5000,Rg,homopolymer,1000,3,test,4.655790988974759,3.0302804787953694,21.676389733018564,180,45.0,Models/polyBERT/scaling_results/MD_5000/Rg/homopolymer_Rg/seed_42/train_1000/fold_03/metrics.json
polyBERT,MD_5000/Rg/homopolymer_Rg/seed_42,MD_5000,Rg,homopolymer,1000,3,train,0.7630420687221563,0.5019623427391052,0.5822331986397878,1000,45.0,Models/polyBERT/scaling_results/MD_5000/Rg/homopolymer_Rg/seed_42/train_1000/fold_03/metrics.json
polyBERT,MD_5000/Rg/homopolymer_Rg/seed_42,MD_5000,Rg,homopolymer,1000,3,val,3.946469982248129,2.7069102075364855,15.574625320785547,180,45.0,Models/polyBERT/scaling_results/MD_5000/Rg/homopolymer_Rg/seed_42/train_1000/fold_03/metrics.json
polyBERT,MD_5000/Rg/homopolymer_Rg/seed_42,MD_5000,Rg,homopolymer,1000,4,test,4.772056830915906,2.9465012338426377,22.77252639749116,180,46.0,Models/polyBERT/scaling_results/MD_5000/Rg/homopolymer_Rg/seed_42/train_1000/fold_04/metrics.json
polyBERT,MD_5000/Rg/homopolymer_Rg/seed_42,MD_5000,Rg,homopolymer,1000,4,train,0.7904731829369627,0.49113324069976805,0.6248478529424929,1000,46.0,Models/polyBERT/scaling_results/MD_5000/Rg/homopolymer_Rg/seed_42/train_1000/fold_04/metrics.json
polyBERT,MD_5000/Rg/homopolymer_Rg/seed_42,MD_5000,Rg,homopolymer,1000,4,val,4.038387448164695,2.558338483174642,16.308573181494154,180,46.0,Models/polyBERT/scaling_results/MD_5000/Rg/homopolymer_Rg/seed_42/train_1000/fold_04/metrics.json
polymer_chemprop,MD_5000/Rg/homopolymer_Rg/seed_42,MD_5000,Rg,homopolymer,300,0,test,4.495373559521381,,,180,,Models/polymer_chemprop/scaling_results/MD_5000/Rg/homopolymer_Rg/seed_42/train_300/fold_00/fold_0/test_scores.json
polymer_chemprop,MD_5000/Rg/homopolymer_Rg/seed_42,MD_5000,Rg,homopolymer,300,1,test,5.60801235268011,,,180,,Models/polymer_chemprop/scaling_results/MD_5000/Rg/homopolymer_Rg/seed_42/train_300/fold_01/fold_0/test_scores.json
polymer_chemprop,MD_5000/Rg/homopolymer_Rg/seed_42,MD_5000,Rg,homopolymer,300,2,test,3.9691179560378256,,,180,,Models/polymer_chemprop/scaling_results/MD_5000/Rg/homopolymer_Rg/seed_42/train_300/fold_02/fold_0/test_scores.json
polymer_chemprop,MD_5000/Rg/homopolymer_Rg/seed_42,MD_5000,Rg,homopolymer,300,3,test,4.240947165241533,,,180,,Models/polymer_chemprop/scaling_results/MD_5000/Rg/homopolymer_Rg/seed_42/train_300/fold_03/fold_0/test_scores.json
polymer_chemprop,MD_5000/Rg/homopolymer_Rg/seed_42,MD_5000,Rg,homopolymer,300,4,test,4.821051335542466,,,180,,Models/polymer_chemprop/scaling_results/MD_5000/Rg/homopolymer_Rg/seed_42/train_300/fold_04/fold_0/test_scores.json
polymer_chemprop,MD_5000/Rg/homopolymer_Rg/seed_42,MD_5000,Rg,homopolymer,1000,0,test,2.8670970465704366,,,180,,Models/polymer_chemprop/scaling_results/MD_5000/Rg/homopolymer_Rg/seed_42/train_1000/fold_00/fold_0/test_scores.json
polymer_chemprop,MD_5000/Rg/homopolymer_Rg/seed_42,MD_5000,Rg,homopolymer,1000,1,test,3.7968746759637177,,,180,,Models/polymer_chemprop/scaling_results/MD_5000/Rg/homopolymer_Rg/seed_42/train_1000/fold_01/fold_0/test_scores.json
polymer_chemprop,MD_5000/Rg/homopolymer_Rg/seed_42,MD_5000,Rg,homopolymer,1000,2,test,2.5642915138089224,,,180,,Models/polymer_chemprop/scaling_results/MD_5000/Rg/homopolymer_Rg/seed_42/train_1000/fold_02/fold_0/test_scores.json
polymer_chemprop,MD_5000/Rg/homopolymer_Rg/seed_42,MD_5000,Rg,homopolymer,1000,3,test,2.7905234125930285,,,180,,Models/polymer_chemprop/scaling_results/MD_5000/Rg/homopolymer_Rg/seed_42/train_1000/fold_03/fold_0/test_scores.json
polymer_chemprop,MD_5000/Rg/homopolymer_Rg/seed_42,MD_5000,Rg,homopolymer,1000,4,test,3.686829006501354,,,180,,Models/polymer_chemprop/scaling_results/MD_5000/Rg/homopolymer_Rg/seed_42/train_1000/fold_04/fold_0/test_scores.json
polymer_periodic_graph,MD_5000/Rg/homopolymer_Rg/seed_42,MD_5000,Rg,homopolymer,300,0,test,5.670895583704005,,,180,,Models/polymer_periodic_graph/scaling_results/MD_5000/Rg/homopolymer_Rg/seed_42/train_300/fold_00/fold_0/test_scores.json
polymer_periodic_graph,MD_5000/Rg/homopolymer_Rg/seed_42,MD_5000,Rg,homopolymer,300,1,test,7.288291543692189,,,180,,Models/polymer_periodic_graph/scaling_results/MD_5000/Rg/homopolymer_Rg/seed_42/train_300/fold_01/fold_0/test_scores.json
polymer_periodic_graph,MD_5000/Rg/homopolymer_Rg/seed_42,MD_5000,Rg,homopolymer,300,2,test,5.58331136620446,,,180,,Models/polymer_periodic_graph/scaling_results/MD_5000/Rg/homopolymer_Rg/seed_42/train_300/fold_02/fold_0/test_scores.json
polymer_periodic_graph,MD_5000/Rg/homopolymer_Rg/seed_42,MD_5000,Rg,homopolymer,300,3,test,6.053557843758616,,,180,,Models/polymer_periodic_graph/scaling_results/MD_5000/Rg/homopolymer_Rg/seed_42/train_300/fold_03/fold_0/test_scores.json
polymer_periodic_graph,MD_5000/Rg/homopolymer_Rg/seed_42,MD_5000,Rg,homopolymer,300,4,test,6.1598588896296755,,,180,,Models/polymer_periodic_graph/scaling_results/MD_5000/Rg/homopolymer_Rg/seed_42/train_300/fold_04/fold_0/test_scores.json
polymer_periodic_graph,MD_5000/Rg/homopolymer_Rg/seed_42,MD_5000,Rg,homopolymer,1000,0,test,2.9803382163707504,,,180,,Models/polymer_periodic_graph/scaling_results/MD_5000/Rg/homopolymer_Rg/seed_42/train_1000/fold_00/fold_0/test_scores.json
polymer_periodic_graph,MD_5000/Rg/homopolymer_Rg/seed_42,MD_5000,Rg,homopolymer,1000,1,test,3.817288100326328,,,180,,Models/polymer_periodic_graph/scaling_results/MD_5000/Rg/homopolymer_Rg/seed_42/train_1000/fold_01/fold_0/test_scores.json
polymer_periodic_graph,MD_5000/Rg/homopolymer_Rg/seed_42,MD_5000,Rg,homopolymer,1000,2,test,3.325562753821667,,,180,,Models/polymer_periodic_graph/scaling_results/MD_5000/Rg/homopolymer_Rg/seed_42/train_1000/fold_02/fold_0/test_scores.json
polymer_periodic_graph,MD_5000/Rg/homopolymer_Rg/seed_42,MD_5000,Rg,homopolymer,1000,3,test,2.9136295311816163,,,180,,Models/polymer_periodic_graph/scaling_results/MD_5000/Rg/homopolymer_Rg/seed_42/train_1000/fold_03/fold_0/test_scores.json
polymer_periodic_graph,MD_5000/Rg/homopolymer_Rg/seed_42,MD_5000,Rg,homopolymer,1000,4,test,4.594143771162687,,,180,,Models/polymer_periodic_graph/scaling_results/MD_5000/Rg/homopolymer_Rg/seed_42/train_1000/fold_04/fold_0/test_scores.json
RDKit_RF,MD_5000/density/alternating_density/seed_42,MD_5000,density,alternating,300,0,test,0.051961191064645244,0.035581688350916234,0.002699965376856569,2780,42.0,Models/RDKit_RF/scaling_results/MD_5000/density/alternating_density/seed_42/train_300/fold_00/metrics.json
RDKit_RF,MD_5000/density/alternating_density/seed_42,MD_5000,density,alternating,300,0,train,0.01939007127512484,0.013693958958588942,0.00037597486405442155,300,42.0,Models/RDKit_RF/scaling_results/MD_5000/density/alternating_density/seed_42/train_300/fold_00/metrics.json
RDKit_RF,MD_5000/density/alternating_density/seed_42,MD_5000,density,alternating,300,0,val,0.049541380656927224,0.03456777887979519,0.002454348397394563,2780,42.0,Models/RDKit_RF/scaling_results/MD_5000/density/alternating_density/seed_42/train_300/fold_00/metrics.json
RDKit_RF,MD_5000/density/alternating_density/seed_42,MD_5000,density,alternating,300,1,test,0.05848162140368103,0.040023673301211905,0.003420100042003483,2780,43.0,Models/RDKit_RF/scaling_results/MD_5000/density/alternating_density/seed_42/train_300/fold_01/metrics.json
RDKit_RF,MD_5000/density/alternating_density/seed_42,MD_5000,density,alternating,300,1,train,0.01948689538542298,0.013255703793966298,0.0003797390917624194,300,43.0,Models/RDKit_RF/scaling_results/MD_5000/density/alternating_density/seed_42/train_300/fold_01/metrics.json
RDKit_RF,MD_5000/density/alternating_density/seed_42,MD_5000,density,alternating,300,1,val,0.05724302286650129,0.03996596672205668,0.0032767636668947896,2780,43.0,Models/RDKit_RF/scaling_results/MD_5000/density/alternating_density/seed_42/train_300/fold_01/metrics.json
RDKit_RF,MD_5000/density/alternating_density/seed_42,MD_5000,density,alternating,300,2,test,0.053270131626543975,0.03788440776886802,0.002837706923509321,2780,44.0,Models/RDKit_RF/scaling_results/MD_5000/density/alternating_density/seed_42/train_300/fold_02/metrics.json
RDKit_RF,MD_5000/density/alternating_density/seed_42,MD_5000,density,alternating,300,2,train,0.017730522727043337,0.012117742304399643,0.0003143714361742003,300,44.0,Models/RDKit_RF/scaling_results/MD_5000/density/alternating_density/seed_42/train_300/fold_02/metrics.json
RDKit_RF,MD_5000/density/alternating_density/seed_42,MD_5000,density,alternating,300,2,val,0.05414624335419412,0.038354293925899764,0.0029318156693716115,2780,44.0,Models/RDKit_RF/scaling_results/MD_5000/density/alternating_density/seed_42/train_300/fold_02/metrics.json
RDKit_RF,MD_5000/density/alternating_density/seed_42,MD_5000,density,alternating,300,3,test,0.049976180583756274,0.03416628175288441,0.0024976186257402175,2780,45.0,Models/RDKit_RF/scaling_results/MD_5000/density/alternating_density/seed_42/train_300/fold_03/metrics.json
RDKit_RF,MD_5000/density/alternating_density/seed_42,MD_5000,density,alternating,300,3,train,0.02468304141228649,0.013576357006630542,0.0006092525333606497,300,45.0,Models/RDKit_RF/scaling_results/MD_5000/density/alternating_density/seed_42/train_300/fold_03/metrics.json
RDKit_RF,MD_5000/density/alternating_density/seed_42,MD_5000,density,alternating,300,3,val,0.05006609500827893,0.03394837459474607,0.0025066138693780127,2780,45.0,Models/RDKit_RF/scaling_results/MD_5000/density/alternating_density/seed_42/train_300/fold_03/metrics.json
RDKit_RF,MD_5000/density/alternating_density/seed_42,MD_5000,density,alternating,300,4,test,0.05623694133885571,0.03876194068227163,0.0031625935711498986,2780,46.0,Models/RDKit_RF/scaling_results/MD_5000/density/alternating_density/seed_42/train_300/fold_04/metrics.json
RDKit_RF,MD_5000/density/alternating_density/seed_42,MD_5000,density,alternating,300,4,train,0.023278745042873035,0.01424592618272797,0.0005418999707710859,300,46.0,Models/RDKit_RF/scaling_results/MD_5000/density/alternating_density/seed_42/train_300/fold_04/metrics.json
RDKit_RF,MD_5000/density/alternating_density/seed_42,MD_5000,density,alternating,300,4,val,0.056284032725585326,0.03814812295733859,0.00316789233985476,2780,46.0,Models/RDKit_RF/scaling_results/MD_5000/density/alternating_density/seed_42/train_300/fold_04/metrics.json
RDKit_RF,MD_5000/density/alternating_density/seed_42,MD_5000,density,alternating,1000,0,test,0.04510481427340227,0.029976376359905712,0.0020344442706381133,2780,42.0,Models/RDKit_RF/scaling_results/MD_5000/density/alternating_density/seed_42/train_1000/fold_00/metrics.json
RDKit_RF,MD_5000/density/alternating_density/seed_42,MD_5000,density,alternating,1000,0,train,0.01577593807122533,0.010927740256695146,0.00024888022202713684,1000,42.0,Models/RDKit_RF/scaling_results/MD_5000/density/alternating_density/seed_42/train_1000/fold_00/metrics.json
RDKit_RF,MD_5000/density/alternating_density/seed_42,MD_5000,density,alternating,1000,0,val,0.042361721672419715,0.02869382163027131,0.001794515463051554,2780,42.0,Models/RDKit_RF/scaling_results/MD_5000/density/alternating_density/seed_42/train_1000/fold_00/metrics.json
RDKit_RF,MD_5000/density/alternating_density/seed_42,MD_5000,density,alternating,1000,1,test,0.04551794814128643,0.031098785213803652,0.0020718836029928406,2780,43.0,Models/RDKit_RF/scaling_results/MD_5000/density/alternating_density/seed_42/train_1000/fold_01/metrics.json
RDKit_RF,MD_5000/density/alternating_density/seed_42,MD_5000,density,alternating,1000,1,train,0.015518192532546814,0.010812186837639886,0.00024081429947719172,1000,43.0,Models/RDKit_RF/scaling_results/MD_5000/density/alternating_density/seed_42/train_1000/fold_01/metrics.json
RDKit_RF,MD_5000/density/alternating_density/seed_42,MD_5000,density,alternating,1000,1,val,0.04395215115083804,0.03041250789471518,0.0019317915907861136,2780,43.0,Models/RDKit_RF/scaling_results/MD_5000/density/alternating_density/seed_42/train_1000/fold_01/metrics.json
RDKit_RF,MD_5000/density/alternating_density/seed_42,MD_5000,density,alternating,1000,2,test,0.04457038528758026,0.030855698642511267,0.001986519244683351,2780,44.0,Models/RDKit_RF/scaling_results/MD_5000/density/alternating_density/seed_42/train_1000/fold_02/metrics.json
RDKit_RF,MD_5000/density/alternating_density/seed_42,MD_5000,density,alternating,1000,2,train,0.015216143503773772,0.010662564150994012,0.00023153102312743678,1000,44.0,Models/RDKit_RF/scaling_results/MD_5000/density/alternating_density/seed_42/train_1000/fold_02/metrics.json
RDKit_RF,MD_5000/density/alternating_density/seed_42,MD_5000,density,alternating,1000,2,val,0.04530251955882577,0.031278707088804876,0.0020523182783777913,2780,44.0,Models/RDKit_RF/scaling_results/MD_5000/density/alternating_density/seed_42/train_1000/fold_02/metrics.json
RDKit_RF,MD_5000/density/alternating_density/seed_42,MD_5000,density,alternating,1000,3,test,0.039905323031286924,0.027771898061736546,0.0015924348062313588,2780,45.0,Models/RDKit_RF/scaling_results/MD_5000/density/alternating_density/seed_42/train_1000/fold_03/metrics.json
RDKit_RF,MD_5000/density/alternating_density/seed_42,MD_5000,density,alternating,1000,3,train,0.016655425887394115,0.010583970052539539,0.0002774032114904781,1000,45.0,Models/RDKit_RF/scaling_results/MD_5000/density/alternating_density/seed_42/train_1000/fold_03/metrics.json
RDKit_RF,MD_5000/density/alternating_density/seed_42,MD_5000,density,alternating,1000,3,val,0.04090881348467561,0.027835946894676916,0.001673531020723977,2780,45.0,Models/RDKit_RF/scaling_results/MD_5000/density/alternating_density/seed_42/train_1000/fold_03/metrics.json
RDKit_RF,MD_5000/density/alternating_density/seed_42,MD_5000,density,alternating,1000,4,test,0.044698348191222974,0.030274281308412494,0.0019979423310238064,2780,46.0,Models/RDKit_RF/scaling_results/MD_5000/density/alternating_density/seed_42/train_1000/fold_04/metrics.json
RDKit_RF,MD_5000/density/alternating_density/seed_42,MD_5000,density,alternating,1000,4,train,0.015954762617982326,0.01081514208019279,0.0002545544501961662,1000,46.0,Models/RDKit_RF/scaling_results/MD_5000/density/alternating_density/seed_42/train_1000/fold_04/metrics.json
RDKit_RF,MD_5000/density/alternating_density/seed_42,MD_5000,density,alternating,1000,4,val,0.043527950148507466,0.029330982281273975,0.0018946824441309512,2780,46.0,Models/RDKit_RF/scaling_results/MD_5000/density/alternating_density/seed_42/train_1000/fold_04/metrics.json
RDKit_RF,MD_5000/density/alternating_density/seed_42,MD_5000,density,alternating,3000,0,test,0.03688890859619096,0.024606711891547523,0.0013607915774181316,2780,42.0,Models/RDKit_RF/scaling_results/MD_5000/density/alternating_density/seed_42/train_3000/fold_00/metrics.json
RDKit_RF,MD_5000/density/alternating_density/seed_42,MD_5000,density,alternating,3000,0,train,0.013832436937283888,0.009209268361500203,0.00019133631162393568,3000,42.0,Models/RDKit_RF/scaling_results/MD_5000/density/alternating_density/seed_42/train_3000/fold_00/metrics.json
RDKit_RF,MD_5000/density/alternating_density/seed_42,MD_5000,density,alternating,3000,0,val,0.03481151996881953,0.02378028077373621,0.0012118419225395209,2780,42.0,Models/RDKit_RF/scaling_results/MD_5000/density/alternating_density/seed_42/train_3000/fold_00/metrics.json
RDKit_RF,MD_5000/density/alternating_density/seed_42,MD_5000,density,alternating,3000,1,test,0.03807909899302432,0.025495465515247437,0.0014500177801205461,2780,43.0,Models/RDKit_RF/scaling_results/MD_5000/density/alternating_density/seed_42/train_3000/fold_01/metrics.json
RDKit_RF,MD_5000/density/alternating_density/seed_42,MD_5000,density,alternating,3000,1,train,0.013483664069585472,0.009134302717484912,0.00018180919674143026,3000,43.0,Models/RDKit_RF/scaling_results/MD_5000/density/alternating_density/seed_42/train_3000/fold_01/metrics.json
RDKit_RF,MD_5000/density/alternating_density/seed_42,MD_5000,density,alternating,3000,1,val,0.0365482316068717,0.025278318582722815,0.0013357732335895353,2780,43.0,Models/RDKit_RF/scaling_results/MD_5000/density/alternating_density/seed_42/train_3000/fold_01/metrics.json
RDKit_RF,MD_5000/density/alternating_density/seed_42,MD_5000,density,alternating,3000,2,test,0.03470269492938922,0.024347872007514138,0.001204277035362256,2780,44.0,Models/RDKit_RF/scaling_results/MD_5000/density/alternating_density/seed_42/train_3000/fold_02/metrics.json
RDKit_RF,MD_5000/density/alternating_density/seed_42,MD_5000,density,alternating,3000,2,train,0.013024448263903244,0.00882228602081243,0.00016963625257909222,3000,44.0,Models/RDKit_RF/scaling_results/MD_5000/density/alternating_density/seed_42/train_3000/fold_02/metrics.json
RDKit_RF,MD_5000/density/alternating_density/seed_42,MD_5000,density,alternating,3000,2,val,0.03629662047118552,0.024821161251729434,0.0013174446576292838,2780,44.0,Models/RDKit_RF/scaling_results/MD_5000/density/alternating_density/seed_42/train_3000/fold_02/metrics.json
RDKit_RF,MD_5000/density/alternating_density/seed_42,MD_5000,density,alternating,3000,3,test,0.03484876171374486,0.023913050566159496,0.0012144361929813698,2780,45.0,Models/RDKit_RF/scaling_results/MD_5000/density/alternating_density/seed_42/train_3000/fold_03/metrics.json
RDKit_RF,MD_5000/density/alternating_density/seed_42,MD_5000,density,alternating,3000,3,train,0.013928863907935863,0.008999298164162279,0.00019401324976579834,3000,45.0,Models/RDKit_RF/scaling_results/MD_5000/density/alternating_density/seed_42/train_3000/fold_03/metrics.json
RDKit_RF,MD_5000/density/alternating_density/seed_42,MD_5000,density,alternating,3000,3,val,0.03564230334309057,0.02385684865994127,0.001270373787600885,2780,45.0,Models/RDKit_RF/scaling_results/MD_5000/density/alternating_density/seed_42/train_3000/fold_03/metrics.json
RDKit_RF,MD_5000/density/alternating_density/seed_42,MD_5000,density,alternating,3000,4,test,0.036406633472599106,0.02474224543345404,0.0013254429608081737,2780,46.0,Models/RDKit_RF/scaling_results/MD_5000/density/alternating_density/seed_42/train_3000/fold_04/metrics.json
RDKit_RF,MD_5000/density/alternating_density/seed_42,MD_5000,density,alternating,3000,4,train,0.014654030644368739,0.00936783708056503,0.00021474061412609806,3000,46.0,Models/RDKit_RF/scaling_results/MD_5000/density/alternating_density/seed_42/train_3000/fold_04/metrics.json
RDKit_RF,MD_5000/density/alternating_density/seed_42,MD_5000,density,alternating,3000,4,val,0.035841592466811005,0.024114610254985788,0.0012846197505569632,2780,46.0,Models/RDKit_RF/scaling_results/MD_5000/density/alternating_density/seed_42/train_3000/fold_04/metrics.json
RDKit_RF,MD_5000/density/alternating_density/seed_42,MD_5000,density,alternating,10000,0,test,0.030165889681705797,0.019900265436718686,0.0009099809002888444,2780,42.0,Models/RDKit_RF/scaling_results/MD_5000/density/alternating_density/seed_42/train_10000/fold_00/metrics.json
RDKit_RF,MD_5000/density/alternating_density/seed_42,MD_5000,density,alternating,10000,0,train,0.010601438483840592,0.007334024530662496,0.00011239049792665631,10000,42.0,Models/RDKit_RF/scaling_results/MD_5000/density/alternating_density/seed_42/train_10000/fold_00/metrics.json
RDKit_RF,MD_5000/density/alternating_density/seed_42,MD_5000,density,alternating,10000,0,val,0.02803052858155438,0.019163486291819114,0.0007857105325613371,2780,42.0,Models/RDKit_RF/scaling_results/MD_5000/density/alternating_density/seed_42/train_10000/fold_00/metrics.json
RDKit_RF,MD_5000/density/alternating_density/seed_42,MD_5000,density,alternating,10000,1,test,0.029333862948102637,0.020149269241521665,0.0008604755154580688,2780,43.0,Models/RDKit_RF/scaling_results/MD_5000/density/alternating_density/seed_42/train_10000/fold_01/metrics.json
RDKit_RF,MD_5000/density/alternating_density/seed_42,MD_5000,density,alternating,10000,1,train,0.011027829595859037,0.007391534011293544,0.0001216130255953045,10000,43.0,Models/RDKit_RF/scaling_results/MD_5000/density/alternating_density/seed_42/train_10000/fold_01/metrics.json
RDKit_RF,MD_5000/density/alternating_density/seed_42,MD_5000,density,alternating,10000,1,val,0.029824257276084322,0.020240671132108205,0.0008894863220700685,2780,43.0,Models/RDKit_RF/scaling_results/MD_5000/density/alternating_density/seed_42/train_10000/fold_01/metrics.json
RDKit_RF,MD_5000/density/alternating_density/seed_42,MD_5000,density,alternating,10000,2,test,0.0280783821990422,0.01970124346786256,0.0007883955469154898,2780,44.0,Models/RDKit_RF/scaling_results/MD_5000/density/alternating_density/seed_42/train_10000/fold_02/metrics.json
RDKit_RF,MD_5000/density/alternating_density/seed_42,MD_5000,density,alternating,10000,2,train,0.010904465672009511,0.007403034801207316,0.00011890737159203384,10000,44.0,Models/RDKit_RF/scaling_results/MD_5000/density/alternating_density/seed_42/train_10000/fold_02/metrics.json
RDKit_RF,MD_5000/density/alternating_density/seed_42,MD_5000,density,alternating,10000,2,val,0.029595008146965196,0.020089046900475176,0.0008758645072189363,2780,44.0,Models/RDKit_RF/scaling_results/MD_5000/density/alternating_density/seed_42/train_10000/fold_02/metrics.json
RDKit_RF,MD_5000/density/alternating_density/seed_42,MD_5000,density,alternating,10000,3,test,0.028442294913380264,0.019520408387773962,0.0008089641399396968,2780,45.0,Models/RDKit_RF/scaling_results/MD_5000/density/alternating_density/seed_42/train_10000/fold_03/metrics.json
RDKit_RF,MD_5000/density/alternating_density/seed_42,MD_5000,density,alternating,10000,3,train,0.010934636735459895,0.007466937569910007,0.00011956628053646906,10000,45.0,Models/RDKit_RF/scaling_results/MD_5000/density/alternating_density/seed_42/train_10000/fold_03/metrics.json
RDKit_RF,MD_5000/density/alternating_density/seed_42,MD_5000,density,alternating,10000,3,val,0.030184457319630296,0.019855057014905017,0.0009111014636805829,2780,45.0,Models/RDKit_RF/scaling_results/MD_5000/density/alternating_density/seed_42/train_10000/fold_03/metrics.json
RDKit_RF,MD_5000/density/alternating_density/seed_42,MD_5000,density,alternating,10000,4,test,0.028821072806890204,0.019888821769324376,0.000830654237740066,2780,46.0,Models/RDKit_RF/scaling_results/MD_5000/density/alternating_density/seed_42/train_10000/fold_04/metrics.json
RDKit_RF,MD_5000/density/alternating_density/seed_42,MD_5000,density,alternating,10000,4,train,0.011252169162897204,0.007555875966469175,0.00012661131087045476,10000,46.0,Models/RDKit_RF/scaling_results/MD_5000/density/alternating_density/seed_42/train_10000/fold_04/metrics.json
RDKit_RF,MD_5000/density/alternating_density/seed_42,MD_5000,density,alternating,10000,4,val,0.029679518430289764,0.020038055724429408,0.0008808738142539097,2780,46.0,Models/RDKit_RF/scaling_results/MD_5000/density/alternating_density/seed_42/train_10000/fold_04/metrics.json
polyBERT,MD_5000/density/alternating_density/seed_42,MD_5000,density,alternating,300,0,test,0.09406968180488479,0.07245619980980167,0.008849105034872271,2780,42.0,Models/polyBERT/scaling_results/MD_5000/density/alternating_density/seed_42/train_300/fold_00/metrics.json
polyBERT,MD_5000/density/alternating_density/seed_42,MD_5000,density,alternating,300,0,train,0.01753092768688337,0.01319899578889211,0.00030733342556273394,300,42.0,Models/polyBERT/scaling_results/MD_5000/density/alternating_density/seed_42/train_300/fold_00/metrics.json
polyBERT,MD_5000/density/alternating_density/seed_42,MD_5000,density,alternating,300,0,val,0.0930681221127826,0.07074391826880064,0.008661675353599815,2780,42.0,Models/polyBERT/scaling_results/MD_5000/density/alternating_density/seed_42/train_300/fold_00/metrics.json
polyBERT,MD_5000/density/alternating_density/seed_42,MD_5000,density,alternating,300,1,test,0.08999100299743282,0.0686357601297845,0.008098380620483963,2780,43.0,Models/polyBERT/scaling_results/MD_5000/density/alternating_density/seed_42/train_300/fold_01/metrics.json
polyBERT,MD_5000/density/alternating_density/seed_42,MD_5000,density,alternating,300,1,train,0.010042214153086832,0.006953551769256592,0.00010084606509645747,300,43.0,Models/polyBERT/scaling_results/MD_5000/density/alternating_density/seed_42/train_300/fold_01/metrics.json
polyBERT,MD_5000/density/alternating_density/seed_42,MD_5000,density,alternating,300,1,val,0.08736612063669455,0.06609899144378498,0.007632839035105466,2780,43.0,Models/polyBERT/scaling_results/MD_5000/density/alternating_density/seed_42/train_300/fold_01/metrics.json
polyBERT,MD_5000/density/alternating_density/seed_42,MD_5000,density,alternating,300,2,test,0.09200641332307077,0.07117459681823099,0.008465180092575735,2780,44.0,Models/polyBERT/scaling_results/MD_5000/density/alternating_density/seed_42/train_300/fold_02/metrics.json
polyBERT,MD_5000/density/alternating_density/seed_42,MD_5000,density,alternating,300,2,train,0.015906376591548393,0.011717633207639059,0.00025301281627215864,300,44.0,Models/polyBERT/scaling_results/MD_5000/density/alternating_density/seed_42/train_300/fold_02/metrics.json
polyBERT,MD_5000/density/alternating_density/seed_42,MD_5000,density,alternating,300,2,val,0.09504915366252982,0.07268717760662381,0.009034341611963207,2780,44.0,Models/polyBERT/scaling_results/MD_5000/density/alternating_density/seed_42/train_300/fold_02/metrics.json
polyBERT,MD_5000/density/alternating_density/seed_42,MD_5000,density,alternating,300,3,test,0.09567094359195036,0.07217825089427207,0.009152929447774148,2780,45.0,Models/polyBERT/scaling_results/MD_5000/density/alternating_density/seed_42/train_300/fold_03/metrics.json
polyBERT,MD_5000/density/alternating_density/seed_42,MD_5000,density,alternating,300,3,train,0.02021287090056739,0.014091248313585917,0.000408560150043004,300,45.0,Models/polyBERT/scaling_results/MD_5000/density/alternating_density/seed_42/train_300/fold_03/metrics.json
polyBERT,MD_5000/density/alternating_density/seed_42,MD_5000,density,alternating,300,3,val,0.09366555253996264,0.0702531310508577,0.008773235732616501,2780,45.0,Models/polyBERT/scaling_results/MD_5000/density/alternating_density/seed_42/train_300/fold_03/metrics.json
polyBERT,MD_5000/density/alternating_density/seed_42,MD_5000,density,alternating,300,4,test,0.09278132692132117,0.07153185929754655,0.008608374625281077,2780,46.0,Models/polyBERT/scaling_results/MD_5000/density/alternating_density/seed_42/train_300/fold_04/metrics.json
polyBERT,MD_5000/density/alternating_density/seed_42,MD_5000,density,alternating,300,4,train,0.009021173256400093,0.006567484736442566,8.138156692198825e-05,300,46.0,Models/polyBERT/scaling_results/MD_5000/density/alternating_density/seed_42/train_300/fold_04/metrics.json
polyBERT,MD_5000/density/alternating_density/seed_42,MD_5000,density,alternating,300,4,val,0.09196526543100342,0.07113999732964331,0.008457610045794912,2780,46.0,Models/polyBERT/scaling_results/MD_5000/density/alternating_density/seed_42/train_300/fold_04/metrics.json
polyBERT,MD_5000/density/alternating_density/seed_42,MD_5000,density,alternating,1000,0,test,0.06521177004496576,0.04946723110813031,0.004252574952397493,2780,42.0,Models/polyBERT/scaling_results/MD_5000/density/alternating_density/seed_42/train_1000/fold_00/metrics.json
polyBERT,MD_5000/density/alternating_density/seed_42,MD_5000,density,alternating,1000,0,train,0.007127500817437671,0.004309037744998932,5.080126790257467e-05,1000,42.0,Models/polyBERT/scaling_results/MD_5000/density/alternating_density/seed_42/train_1000/fold_00/metrics.json
polyBERT,MD_5000/density/alternating_density/seed_42,MD_5000,density,alternating,1000,0,val,0.06162122152241964,0.047668792789788555,0.0037971749419151136,2780,42.0,Models/polyBERT/scaling_results/MD_5000/density/alternating_density/seed_42/train_1000/fold_00/metrics.json
polyBERT,MD_5000/density/alternating_density/seed_42,MD_5000,density,alternating,1000,1,test,0.06781957346546516,0.05219034604031405,0.004599494545037627,2780,43.0,Models/polyBERT/scaling_results/MD_5000/density/alternating_density/seed_42/train_1000/fold_01/metrics.json
polyBERT,MD_5000/density/alternating_density/seed_42,MD_5000,density,alternating,1000,1,train,0.009399862400071398,0.0065302374958992005,8.835741314027601e-05,1000,43.0,Models/polyBERT/scaling_results/MD_5000/density/alternating_density/seed_42/train_1000/fold_01/metrics.json
polyBERT,MD_5000/density/alternating_density/seed_42,MD_5000,density,alternating,1000,1,val,0.06717121052928586,0.05108870986125452,0.004511971523969643,2780,43.0,Models/polyBERT/scaling_results/MD_5000/density/alternating_density/seed_42/train_1000/fold_01/metrics.json
polyBERT,MD_5000/density/alternating_density/seed_42,MD_5000,density,alternating,1000,2,test,0.062379775296426396,0.04841974002423046,0.003891236366032649,2780,44.0,Models/polyBERT/scaling_results/MD_5000/density/alternating_density/seed_42/train_1000/fold_02/metrics.json
polyBERT,MD_5000/density/alternating_density/seed_42,MD_5000,density,alternating,1000,2,train,0.007018875825814726,0.0050629831552505495,4.926461785820635e-05,1000,44.0,Models/polyBERT/scaling_results/MD_5000/density/alternating_density/seed_42/train_1000/fold_02/metrics.json
polyBERT,MD_5000/density/alternating_density/seed_42,MD_5000,density,alternating,1000,2,val,0.06602686085007246,0.049833224853165714,0.0043595463537148315,2780,44.0,Models/polyBERT/scaling_results/MD_5000/density/alternating_density/seed_42/train_1000/fold_02/metrics.json
polyBERT,MD_5000/density/alternating_density/seed_42,MD_5000,density,alternating,1000,3,test,0.0671634930613033,0.05023155413943229,0.004510934800195737,2780,45.0,Models/polyBERT/scaling_results/MD_5000/density/alternating_density/seed_42/train_1000/fold_03/metrics.json
polyBERT,MD_5000/density/alternating_density/seed_42,MD_5000,density,alternating,1000,3,train,0.0160130198521492,0.012009658217430115,0.00025641680478532435,1000,45.0,Models/polyBERT/scaling_results/MD_5000/density/alternating_density/seed_42/train_1000/fold_03/metrics.json
polyBERT,MD_5000/density/alternating_density/seed_42,MD_5000,density,alternating,1000,3,val,0.06623084817414014,0.049761729875056865,0.004386525249866002,2780,45.0,Models/polyBERT/scaling_results/MD_5000/density/alternating_density/seed_42/train_1000/fold_03/metrics.json
polyBERT,MD_5000/density/alternating_density/seed_42,MD_5000,density,alternating,1000,4,test,0.06438628745959646,0.04924784144051641,0.004145594012829787,2780,46.0,Models/polyBERT/scaling_results/MD_5000/density/alternating_density/seed_42/train_1000/fold_04/metrics.json
polyBERT,MD_5000/density/alternating_density/seed_42,MD_5000,density,alternating,1000,4,train,0.00664454860263988,0.005079566538333893,4.415002613284358e-05,1000,46.0,Models/polyBERT/scaling_results/MD_5000/density/alternating_density/seed_42/train_1000/fold_04/metrics.json
polyBERT,MD_5000/density/alternating_density/seed_42,MD_5000,density,alternating,1000,4,val,0.06459315679343233,0.0489738861862704,0.004172275904540934,2780,46.0,Models/polyBERT/scaling_results/MD_5000/density/alternating_density/seed_42/train_1000/fold_04/metrics.json
polyBERT,MD_5000/density/alternating_density/seed_42,MD_5000,density,alternating,3000,0,test,0.05042895281259852,0.03838100669195326,0.002543079281775288,2780,42.0,Models/polyBERT/scaling_results/MD_5000/density/alternating_density/seed_42/train_3000/fold_00/metrics.json
polyBERT,MD_5000/density/alternating_density/seed_42,MD_5000,density,alternating,3000,0,train,0.010163580029144678,0.006987849811712901,0.00010329835900882855,3000,42.0,Models/polyBERT/scaling_results/MD_5000/density/alternating_density/seed_42/train_3000/fold_00/metrics.json
polyBERT,MD_5000/density/alternating_density/seed_42,MD_5000,density,alternating,3000,0,val,0.049033986382749424,0.03761938499460975,0.002404331820583656,2780,42.0,Models/polyBERT/scaling_results/MD_5000/density/alternating_density/seed_42/train_3000/fold_00/metrics.json
polyBERT,MD_5000/density/alternating_density/seed_42,MD_5000,density,alternating,3000,1,test,0.0511682219727736,0.038551902835317654,0.002618186939855031,2780,43.0,Models/polyBERT/scaling_results/MD_5000/density/alternating_density/seed_42/train_3000/fold_01/metrics.json
polyBERT,MD_5000/density/alternating_density/seed_42,MD_5000,density,alternating,3000,1,train,0.012225089362270073,0.009188379426797231,0.0001494528099154889,3000,43.0,Models/polyBERT/scaling_results/MD_5000/density/alternating_density/seed_42/train_3000/fold_01/metrics.json
polyBERT,MD_5000/density/alternating_density/seed_42,MD_5000,density,alternating,3000,1,val,0.05072488606936411,0.038461114455470076,0.002573014066749969,2780,43.0,Models/polyBERT/scaling_results/MD_5000/density/alternating_density/seed_42/train_3000/fold_01/metrics.json
polyBERT,MD_5000/density/alternating_density/seed_42,MD_5000,density,alternating,3000,2,test,0.049291155694468104,0.03804080503450023,0.0024296180296962955,2780,44.0,Models/polyBERT/scaling_results/MD_5000/density/alternating_density/seed_42/train_3000/fold_02/metrics.json
polyBERT,MD_5000/density/alternating_density/seed_42,MD_5000,density,alternating,3000,2,train,0.015369191134310171,0.012048226495583852,0.00023621203612295835,3000,44.0,Models/polyBERT/scaling_results/MD_5000/density/alternating_density/seed_42/train_3000/fold_02/metrics.json
polyBERT,MD_5000/density/alternating_density/seed_42,MD_5000,density,alternating,3000,2,val,0.050911712772873804,0.03853063098818278,0.0025920024974676018,2780,44.0,Models/polyBERT/scaling_results/MD_5000/density/alternating_density/seed_42/train_3000/fold_02/metrics.json
polyBERT,MD_5000/density/alternating_density/seed_42,MD_5000,density,alternating,3000,3,test,0.050549108660097576,0.037815117342866585,0.0025552123863303517,2780,45.0,Models/polyBERT/scaling_results/MD_5000/density/alternating_density/seed_42/train_3000/fold_03/metrics.json
polyBERT,MD_5000/density/alternating_density/seed_42,MD_5000,density,alternating,3000,3,train,0.009942772780821224,0.007440576732158661,9.885873057103941e-05,3000,45.0,Models/polyBERT/scaling_results/MD_5000/density/alternating_density/seed_42/train_3000/fold_03/metrics.json
polyBERT,MD_5000/density/alternating_density/seed_42,MD_5000,density,alternating,3000,3,val,0.05003227452932582,0.03813397185407954,0.0025032284945778254,2780,45.0,Models/polyBERT/scaling_results/MD_5000/density/alternating_density/seed_42/train_3000/fold_03/metrics.json
polyBERT,MD_5000/density/alternating_density/seed_42,MD_5000,density,alternating,3000,4,test,0.05119247584138722,0.03846793093269677,0.0026206695827710137,2780,46.0,Models/polyBERT/scaling_results/MD_5000/density/alternating_density/seed_42/train_3000/fold_04/metrics.json
polyBERT,MD_5000/density/alternating_density/seed_42,MD_5000,density,alternating,3000,4,train,0.010030388929806424,0.007547325332959493,0.00010060870208318325,3000,46.0,Models/polyBERT/scaling_results/MD_5000/density/alternating_density/seed_42/train_3000/fold_04/metrics.json
polyBERT,MD_5000/density/alternating_density/seed_42,MD_5000,density,alternating,3000,4,val,0.05141406026705138,0.03845822761813514,0.002643405593143991,2780,46.0,Models/polyBERT/scaling_results/MD_5000/density/alternating_density/seed_42/train_3000/fold_04/metrics.json
polyBERT,MD_5000/density/alternating_density/seed_42,MD_5000,density,alternating,10000,0,test,0.03919426342931334,0.029608395245435428,0.001536190285766409,2780,42.0,Models/polyBERT/scaling_results/MD_5000/density/alternating_density/seed_42/train_10000/fold_00/metrics.json
polyBERT,MD_5000/density/alternating_density/seed_42,MD_5000,density,alternating,10000,0,train,0.01289349239010067,0.00921848201751709,0.00016624214601358389,10000,42.0,Models/polyBERT/scaling_results/MD_5000/density/alternating_density/seed_42/train_10000/fold_00/metrics.json
polyBERT,MD_5000/density/alternating_density/seed_42,MD_5000,density,alternating,10000,0,val,0.03976338721313745,0.0303725756115193,0.0015811269626619026,2780,42.0,Models/polyBERT/scaling_results/MD_5000/density/alternating_density/seed_42/train_10000/fold_00/metrics.json
polyBERT,MD_5000/density/alternating_density/seed_42,MD_5000,density,alternating,10000,1,test,0.04052519763200825,0.030419557900737516,0.0016422916431133273,2780,43.0,Models/polyBERT/scaling_results/MD_5000/density/alternating_density/seed_42/train_10000/fold_01/metrics.json
polyBERT,MD_5000/density/alternating_density/seed_42,MD_5000,density,alternating,10000,1,train,0.013356032017026249,0.009850575733184815,0.00017838359123983026,10000,43.0,Models/polyBERT/scaling_results/MD_5000/density/alternating_density/seed_42/train_10000/fold_01/metrics.json
polyBERT,MD_5000/density/alternating_density/seed_42,MD_5000,density,alternating,10000,1,val,0.039392328059471196,0.02980898481478794,0.0015517555099450015,2780,43.0,Models/polyBERT/scaling_results/MD_5000/density/alternating_density/seed_42/train_10000/fold_01/metrics.json
polyBERT,MD_5000/density/alternating_density/seed_42,MD_5000,density,alternating,10000,2,test,0.039295883628123134,0.030030920222508823,0.0015441664701149956,2780,44.0,Models/polyBERT/scaling_results/MD_5000/density/alternating_density/seed_42/train_10000/fold_02/metrics.json
polyBERT,MD_5000/density/alternating_density/seed_42,MD_5000,density,alternating,10000,2,train,0.01268840054369295,0.009241365242004395,0.00016099550835718758,10000,44.0,Models/polyBERT/scaling_results/MD_5000/density/alternating_density/seed_42/train_10000/fold_02/metrics.json
polyBERT,MD_5000/density/alternating_density/seed_42,MD_5000,density,alternating,10000,2,val,0.038838013568875264,0.02970987343959671,0.0015083912979761392,2780,44.0,Models/polyBERT/scaling_results/MD_5000/density/alternating_density/seed_42/train_10000/fold_02/metrics.json
polyBERT,MD_5000/density/alternating_density/seed_42,MD_5000,density,alternating,10000,3,test,0.03954209577224887,0.029426816320247788,0.0015635773380617017,2780,45.0,Models/polyBERT/scaling_results/MD_5000/density/alternating_density/seed_42/train_10000/fold_03/metrics.json
polyBERT,MD_5000/density/alternating_density/seed_42,MD_5000,density,alternating,10000,3,train,0.011070706830166433,0.007929763358831405,0.00012256054971949374,10000,45.0,Models/polyBERT/scaling_results/MD_5000/density/alternating_density/seed_42/train_10000/fold_03/metrics.json
polyBERT,MD_5000/density/alternating_density/seed_42,MD_5000,density,alternating,10000,3,val,0.039399389720509985,0.029489286340397897,0.0015523119103486279,2780,45.0,Models/polyBERT/scaling_results/MD_5000/density/alternating_density/seed_42/train_10000/fold_03/metrics.json
polyBERT,MD_5000/density/alternating_density/seed_42,MD_5000,density,alternating,10000,4,test,0.04019579383360641,0.02994990207308488,0.0016157018419137906,2780,46.0,Models/polyBERT/scaling_results/MD_5000/density/alternating_density/seed_42/train_10000/fold_04/metrics.json
polyBERT,MD_5000/density/alternating_density/seed_42,MD_5000,density,alternating,10000,4,train,0.011370468722443482,0.008005937147140502,0.0001292875589680655,10000,46.0,Models/polyBERT/scaling_results/MD_5000/density/alternating_density/seed_42/train_10000/fold_04/metrics.json
polyBERT,MD_5000/density/alternating_density/seed_42,MD_5000,density,alternating,10000,4,val,0.03987131274807338,0.029986173386196437,0.0015897215802546788,2780,46.0,Models/polyBERT/scaling_results/MD_5000/density/alternating_density/seed_42/train_10000/fold_04/metrics.json
polymer_chemprop,MD_5000/density/alternating_density/seed_42,MD_5000,density,alternating,300,0,test,0.03322963725494814,,,2780,,Models/polymer_chemprop/scaling_results/MD_5000/density/alternating_density/seed_42/train_300/fold_00/fold_0/test_scores.json
polymer_chemprop,MD_5000/density/alternating_density/seed_42,MD_5000,density,alternating,300,1,test,0.032143737329262664,,,2780,,Models/polymer_chemprop/scaling_results/MD_5000/density/alternating_density/seed_42/train_300/fold_01/fold_0/test_scores.json
polymer_chemprop,MD_5000/density/alternating_density/seed_42,MD_5000,density,alternating,300,2,test,0.028848490683154395,,,2780,,Models/polymer_chemprop/scaling_results/MD_5000/density/alternating_density/seed_42/train_300/fold_02/fold_0/test_scores.json
polymer_chemprop,MD_5000/density/alternating_density/seed_42,MD_5000,density,alternating,300,3,test,0.028941220228779225,,,2780,,Models/polymer_chemprop/scaling_results/MD_5000/density/alternating_density/seed_42/train_300/fold_03/fold_0/test_scores.json
polymer_chemprop,MD_5000/density/alternating_density/seed_42,MD_5000,density,alternating,300,4,test,0.030545787115612257,,,2780,,Models/polymer_chemprop/scaling_results/MD_5000/density/alternating_density/seed_42/train_300/fold_04/fold_0/test_scores.json
polymer_chemprop,MD_5000/density/alternating_density/seed_42,MD_5000,density,alternating,1000,0,test,0.017883201138237784,,,2780,,Models/polymer_chemprop/scaling_results/MD_5000/density/alternating_density/seed_42/train_1000/fold_00/fold_0/test_scores.json
polymer_chemprop,MD_5000/density/alternating_density/seed_42,MD_5000,density,alternating,1000,1,test,0.017122889670041313,,,2780,,Models/polymer_chemprop/scaling_results/MD_5000/density/alternating_density/seed_42/train_1000/fold_01/fold_0/test_scores.json
polymer_chemprop,MD_5000/density/alternating_density/seed_42,MD_5000,density,alternating,1000,2,test,0.01827738581148545,,,2780,,Models/polymer_chemprop/scaling_results/MD_5000/density/alternating_density/seed_42/train_1000/fold_02/fold_0/test_scores.json
polymer_chemprop,MD_5000/density/alternating_density/seed_42,MD_5000,density,alternating,1000,3,test,0.017268740250526538,,,2780,,Models/polymer_chemprop/scaling_results/MD_5000/density/alternating_density/seed_42/train_1000/fold_03/fold_0/test_scores.json
polymer_chemprop,MD_5000/density/alternating_density/seed_42,MD_5000,density,alternating,1000,4,test,0.017732604058815212,,,2780,,Models/polymer_chemprop/scaling_results/MD_5000/density/alternating_density/seed_42/train_1000/fold_04/fold_0/test_scores.json
polymer_chemprop,MD_5000/density/alternating_density/seed_42,MD_5000,density,alternating,3000,0,test,0.013918425233255831,,,2780,,Models/polymer_chemprop/scaling_results/MD_5000/density/alternating_density/seed_42/train_3000/fold_00/fold_0/test_scores.json
polymer_chemprop,MD_5000/density/alternating_density/seed_42,MD_5000,density,alternating,3000,1,test,0.013189670098535954,,,2780,,Models/polymer_chemprop/scaling_results/MD_5000/density/alternating_density/seed_42/train_3000/fold_01/fold_0/test_scores.json
polymer_chemprop,MD_5000/density/alternating_density/seed_42,MD_5000,density,alternating,3000,2,test,0.013841131481867905,,,2780,,Models/polymer_chemprop/scaling_results/MD_5000/density/alternating_density/seed_42/train_3000/fold_02/fold_0/test_scores.json
polymer_chemprop,MD_5000/density/alternating_density/seed_42,MD_5000,density,alternating,3000,3,test,0.013521528274080983,,,2780,,Models/polymer_chemprop/scaling_results/MD_5000/density/alternating_density/seed_42/train_3000/fold_03/fold_0/test_scores.json
polymer_chemprop,MD_5000/density/alternating_density/seed_42,MD_5000,density,alternating,3000,4,test,0.013884920076357384,,,2780,,Models/polymer_chemprop/scaling_results/MD_5000/density/alternating_density/seed_42/train_3000/fold_04/fold_0/test_scores.json
polymer_chemprop,MD_5000/density/alternating_density/seed_42,MD_5000,density,alternating,10000,0,test,0.011791413631614803,,,2780,,Models/polymer_chemprop/scaling_results/MD_5000/density/alternating_density/seed_42/train_10000/fold_00/fold_0/test_scores.json
polymer_chemprop,MD_5000/density/alternating_density/seed_42,MD_5000,density,alternating,10000,1,test,0.011348156510433943,,,2780,,Models/polymer_chemprop/scaling_results/MD_5000/density/alternating_density/seed_42/train_10000/fold_01/fold_0/test_scores.json
polymer_chemprop,MD_5000/density/alternating_density/seed_42,MD_5000,density,alternating,10000,2,test,0.011287939557007434,,,2780,,Models/polymer_chemprop/scaling_results/MD_5000/density/alternating_density/seed_42/train_10000/fold_02/fold_0/test_scores.json
polymer_chemprop,MD_5000/density/alternating_density/seed_42,MD_5000,density,alternating,10000,3,test,0.011337233561107458,,,2780,,Models/polymer_chemprop/scaling_results/MD_5000/density/alternating_density/seed_42/train_10000/fold_03/fold_0/test_scores.json
polymer_chemprop,MD_5000/density/alternating_density/seed_42,MD_5000,density,alternating,10000,4,test,0.011418220474748797,,,2780,,Models/polymer_chemprop/scaling_results/MD_5000/density/alternating_density/seed_42/train_10000/fold_04/fold_0/test_scores.json
polymer_periodic_graph,MD_5000/density/alternating_density/seed_42,MD_5000,density,alternating,300,0,test,0.0335064794616588,,,2780,,Models/polymer_periodic_graph/scaling_results/MD_5000/density/alternating_density/seed_42/train_300/fold_00/fold_0/test_scores.json
polymer_periodic_graph,MD_5000/density/alternating_density/seed_42,MD_5000,density,alternating,300,1,test,0.032751778179480245,,,2780,,Models/polymer_periodic_graph/scaling_results/MD_5000/density/alternating_density/seed_42/train_300/fold_01/fold_0/test_scores.json
polymer_periodic_graph,MD_5000/density/alternating_density/seed_42,MD_5000,density,alternating,300,2,test,0.03165087051584909,,,2780,,Models/polymer_periodic_graph/scaling_results/MD_5000/density/alternating_density/seed_42/train_300/fold_02/fold_0/test_scores.json
polymer_periodic_graph,MD_5000/density/alternating_density/seed_42,MD_5000,density,alternating,300,3,test,0.033148307168984974,,,2780,,Models/polymer_periodic_graph/scaling_results/MD_5000/density/alternating_density/seed_42/train_300/fold_03/fold_0/test_scores.json
polymer_periodic_graph,MD_5000/density/alternating_density/seed_42,MD_5000,density,alternating,300,4,test,0.031606995713309126,,,2780,,Models/polymer_periodic_graph/scaling_results/MD_5000/density/alternating_density/seed_42/train_300/fold_04/fold_0/test_scores.json
polymer_periodic_graph,MD_5000/density/alternating_density/seed_42,MD_5000,density,alternating,1000,0,test,0.018043502516216812,,,2780,,Models/polymer_periodic_graph/scaling_results/MD_5000/density/alternating_density/seed_42/train_1000/fold_00/fold_0/test_scores.json
polymer_periodic_graph,MD_5000/density/alternating_density/seed_42,MD_5000,density,alternating,1000,1,test,0.01762191102186838,,,2780,,Models/polymer_periodic_graph/scaling_results/MD_5000/density/alternating_density/seed_42/train_1000/fold_01/fold_0/test_scores.json
polymer_periodic_graph,MD_5000/density/alternating_density/seed_42,MD_5000,density,alternating,1000,2,test,0.017791876883069838,,,2780,,Models/polymer_periodic_graph/scaling_results/MD_5000/density/alternating_density/seed_42/train_1000/fold_02/fold_0/test_scores.json
polymer_periodic_graph,MD_5000/density/alternating_density/seed_42,MD_5000,density,alternating,1000,3,test,0.01788339678682088,,,2780,,Models/polymer_periodic_graph/scaling_results/MD_5000/density/alternating_density/seed_42/train_1000/fold_03/fold_0/test_scores.json
polymer_periodic_graph,MD_5000/density/alternating_density/seed_42,MD_5000,density,alternating,1000,4,test,0.01827297052549769,,,2780,,Models/polymer_periodic_graph/scaling_results/MD_5000/density/alternating_density/seed_42/train_1000/fold_04/fold_0/test_scores.json
polymer_periodic_graph,MD_5000/density/alternating_density/seed_42,MD_5000,density,alternating,3000,0,test,0.014270179261739444,,,2780,,Models/polymer_periodic_graph/scaling_results/MD_5000/density/alternating_density/seed_42/train_3000/fold_00/fold_0/test_scores.json
polymer_periodic_graph,MD_5000/density/alternating_density/seed_42,MD_5000,density,alternating,3000,1,test,0.013608201941833818,,,2780,,Models/polymer_periodic_graph/scaling_results/MD_5000/density/alternating_density/seed_42/train_3000/fold_01/fold_0/test_scores.json
polymer_periodic_graph,MD_5000/density/alternating_density/seed_42,MD_5000,density,alternating,3000,2,test,0.013642385025863027,,,2780,,Models/polymer_periodic_graph/scaling_results/MD_5000/density/alternating_density/seed_42/train_3000/fold_02/fold_0/test_scores.json
polymer_periodic_graph,MD_5000/density/alternating_density/seed_42,MD_5000,density,alternating,3000,3,test,0.014138772304104234,,,2780,,Models/polymer_periodic_graph/scaling_results/MD_5000/density/alternating_density/seed_42/train_3000/fold_03/fold_0/test_scores.json
polymer_periodic_graph,MD_5000/density/alternating_density/seed_42,MD_5000,density,alternating,3000,4,test,0.014013829116898323,,,2780,,Models/polymer_periodic_graph/scaling_results/MD_5000/density/alternating_density/seed_42/train_3000/fold_04/fold_0/test_scores.json
polymer_periodic_graph,MD_5000/density/alternating_density/seed_42,MD_5000,density,alternating,10000,0,test,0.011682690033371858,,,2780,,Models/polymer_periodic_graph/scaling_results/MD_5000/density/alternating_density/seed_42/train_10000/fold_00/fold_0/test_scores.json
polymer_periodic_graph,MD_5000/density/alternating_density/seed_42,MD_5000,density,alternating,10000,1,test,0.011455984779934376,,,2780,,Models/polymer_periodic_graph/scaling_results/MD_5000/density/alternating_density/seed_42/train_10000/fold_01/fold_0/test_scores.json
polymer_periodic_graph,MD_5000/density/alternating_density/seed_42,MD_5000,density,alternating,10000,2,test,0.011415704975219234,,,2780,,Models/polymer_periodic_graph/scaling_results/MD_5000/density/alternating_density/seed_42/train_10000/fold_02/fold_0/test_scores.json
polymer_periodic_graph,MD_5000/density/alternating_density/seed_42,MD_5000,density,alternating,10000,3,test,0.01158507638244815,,,2780,,Models/polymer_periodic_graph/scaling_results/MD_5000/density/alternating_density/seed_42/train_10000/fold_03/fold_0/test_scores.json
polymer_periodic_graph,MD_5000/density/alternating_density/seed_42,MD_5000,density,alternating,10000,4,test,0.011594307632620978,,,2780,,Models/polymer_periodic_graph/scaling_results/MD_5000/density/alternating_density/seed_42/train_10000/fold_04/fold_0/test_scores.json
RDKit_RF,MD_5000/density/homopolymer_density/seed_42,MD_5000,density,homopolymer,300,0,test,0.08711506136250102,0.05995609061541225,0.0075890339161923176,180,42.0,Models/RDKit_RF/scaling_results/MD_5000/density/homopolymer_density/seed_42/train_300/fold_00/metrics.json
RDKit_RF,MD_5000/density/homopolymer_density/seed_42,MD_5000,density,homopolymer,300,0,train,0.030751907134724928,0.01787808050038687,0.000945679792422746,300,42.0,Models/RDKit_RF/scaling_results/MD_5000/density/homopolymer_density/seed_42/train_300/fold_00/metrics.json
RDKit_RF,MD_5000/density/homopolymer_density/seed_42,MD_5000,density,homopolymer,300,0,val,0.11115232240934492,0.05877746788135614,0.012354838776990961,180,42.0,Models/RDKit_RF/scaling_results/MD_5000/density/homopolymer_density/seed_42/train_300/fold_00/metrics.json
RDKit_RF,MD_5000/density/homopolymer_density/seed_42,MD_5000,density,homopolymer,300,1,test,0.06380327938539117,0.043970361472159436,0.004070858460330281,180,43.0,Models/RDKit_RF/scaling_results/MD_5000/density/homopolymer_density/seed_42/train_300/fold_01/metrics.json
RDKit_RF,MD_5000/density/homopolymer_density/seed_42,MD_5000,density,homopolymer,300,1,train,0.02580207382121496,0.01817763498693884,0.0006657470134754262,300,43.0,Models/RDKit_RF/scaling_results/MD_5000/density/homopolymer_density/seed_42/train_300/fold_01/metrics.json
RDKit_RF,MD_5000/density/homopolymer_density/seed_42,MD_5000,density,homopolymer,300,1,val,0.09514594113195142,0.056138965369537254,0.009052750113884764,180,43.0,Models/RDKit_RF/scaling_results/MD_5000/density/homopolymer_density/seed_42/train_300/fold_01/metrics.json
RDKit_RF,MD_5000/density/homopolymer_density/seed_42,MD_5000,density,homopolymer,300,2,test,0.09810787636148723,0.05709627406219027,0.009625155404160864,180,44.0,Models/RDKit_RF/scaling_results/MD_5000/density/homopolymer_density/seed_42/train_300/fold_02/metrics.json
RDKit_RF,MD_5000/density/homopolymer_density/seed_42,MD_5000,density,homopolymer,300,2,train,0.02971769324585823,0.017688605825596938,0.0008831412918549278,300,44.0,Models/RDKit_RF/scaling_results/MD_5000/density/homopolymer_density/seed_42/train_300/fold_02/metrics.json
RDKit_RF,MD_5000/density/homopolymer_density/seed_42,MD_5000,density,homopolymer,300,2,val,0.08408745684840588,0.05771699535838274,0.007070700399232521,180,44.0,Models/RDKit_RF/scaling_results/MD_5000/density/homopolymer_density/seed_42/train_300/fold_02/metrics.json
RDKit_RF,MD_5000/density/homopolymer_density/seed_42,MD_5000,density,homopolymer,300,3,test,0.076620923836971,0.0512459996915547,0.00587076596963091,180,45.0,Models/RDKit_RF/scaling_results/MD_5000/density/homopolymer_density/seed_42/train_300/fold_03/metrics.json
RDKit_RF,MD_5000/density/homopolymer_density/seed_42,MD_5000,density,homopolymer,300,3,train,0.03396297853245656,0.018835286969714087,0.0011534839107961053,300,45.0,Models/RDKit_RF/scaling_results/MD_5000/density/homopolymer_density/seed_42/train_300/fold_03/metrics.json
RDKit_RF,MD_5000/density/homopolymer_density/seed_42,MD_5000,density,homopolymer,300,3,val,0.07257194577864681,0.0499086340065379,0.005266687314098854,180,45.0,Models/RDKit_RF/scaling_results/MD_5000/density/homopolymer_density/seed_42/train_300/fold_03/metrics.json
RDKit_RF,MD_5000/density/homopolymer_density/seed_42,MD_5000,density,homopolymer,300,4,test,0.08436549770491762,0.054485078209830284,0.007117537202998461,180,46.0,Models/RDKit_RF/scaling_results/MD_5000/density/homopolymer_density/seed_42/train_300/fold_04/metrics.json
RDKit_RF,MD_5000/density/homopolymer_density/seed_42,MD_5000,density,homopolymer,300,4,train,0.03139227841977598,0.01874848981797783,0.0009854751443847327,300,46.0,Models/RDKit_RF/scaling_results/MD_5000/density/homopolymer_density/seed_42/train_300/fold_04/metrics.json
RDKit_RF,MD_5000/density/homopolymer_density/seed_42,MD_5000,density,homopolymer,300,4,val,0.08312580473978544,0.05295167785343473,0.006909899413636935,180,46.0,Models/RDKit_RF/scaling_results/MD_5000/density/homopolymer_density/seed_42/train_300/fold_04/metrics.json
RDKit_RF,MD_5000/density/homopolymer_density/seed_42,MD_5000,density,homopolymer,1000,0,test,0.06374144197367541,0.04371233609930721,0.00406297142488343,180,42.0,Models/RDKit_RF/scaling_results/MD_5000/density/homopolymer_density/seed_42/train_1000/fold_00/metrics.json
RDKit_RF,MD_5000/density/homopolymer_density/seed_42,MD_5000,density,homopolymer,1000,0,train,0.020614702024334706,0.013521120593717382,0.0004249659395521095,1000,42.0,Models/RDKit_RF/scaling_results/MD_5000/density/homopolymer_density/seed_42/train_1000/fold_00/metrics.json
RDKit_RF,MD_5000/density/homopolymer_density/seed_42,MD_5000,density,homopolymer,1000,0,val,0.08677482956848913,0.04482412454907871,0.007529871046640336,180,42.0,Models/RDKit_RF/scaling_results/MD_5000/density/homopolymer_density/seed_42/train_1000/fold_00/metrics.json
RDKit_RF,MD_5000/density/homopolymer_density/seed_42,MD_5000,density,homopolymer,1000,1,test,0.04188200792989237,0.030307106246413133,0.0017541025882395675,180,43.0,Models/RDKit_RF/scaling_results/MD_5000/density/homopolymer_density/seed_42/train_1000/fold_01/metrics.json
RDKit_RF,MD_5000/density/homopolymer_density/seed_42,MD_5000,density,homopolymer,1000,1,train,0.021989410387955596,0.014060689991373861,0.00048353416920992947,1000,43.0,Models/RDKit_RF/scaling_results/MD_5000/density/homopolymer_density/seed_42/train_1000/fold_01/metrics.json
RDKit_RF,MD_5000/density/homopolymer_density/seed_42,MD_5000,density,homopolymer,1000,1,val,0.07737486920456994,0.04343254912872661,0.005986870384424307,180,43.0,Models/RDKit_RF/scaling_results/MD_5000/density/homopolymer_density/seed_42/train_1000/fold_01/metrics.json
RDKit_RF,MD_5000/density/homopolymer_density/seed_42,MD_5000,density,homopolymer,1000,2,test,0.09348489446648497,0.04656816641129951,0.008739425493409834,180,44.0,Models/RDKit_RF/scaling_results/MD_5000/density/homopolymer_density/seed_42/train_1000/fold_02/metrics.json
RDKit_RF,MD_5000/density/homopolymer_density/seed_42,MD_5000,density,homopolymer,1000,2,train,0.022187125395019425,0.013860808395775713,0.0004922685332943158,1000,44.0,Models/RDKit_RF/scaling_results/MD_5000/density/homopolymer_density/seed_42/train_1000/fold_02/metrics.json
RDKit_RF,MD_5000/density/homopolymer_density/seed_42,MD_5000,density,homopolymer,1000,2,val,0.06122614605718298,0.03699890778519101,0.0037486409610155034,180,44.0,Models/RDKit_RF/scaling_results/MD_5000/density/homopolymer_density/seed_42/train_1000/fold_02/metrics.json
RDKit_RF,MD_5000/density/homopolymer_density/seed_42,MD_5000,density,homopolymer,1000,3,test,0.059926567114002745,0.03994708755518711,0.0035911934460690752,180,45.0,Models/RDKit_RF/scaling_results/MD_5000/density/homopolymer_density/seed_42/train_1000/fold_03/metrics.json
RDKit_RF,MD_5000/density/homopolymer_density/seed_42,MD_5000,density,homopolymer,1000,3,train,0.0254138720798145,0.014157463142251294,0.0006458648940891749,1000,45.0,Models/RDKit_RF/scaling_results/MD_5000/density/homopolymer_density/seed_42/train_1000/fold_03/metrics.json
RDKit_RF,MD_5000/density/homopolymer_density/seed_42,MD_5000,density,homopolymer,1000,3,val,0.05037747715141362,0.03552787141822159,0.0025378902041412015,180,45.0,Models/RDKit_RF/scaling_results/MD_5000/density/homopolymer_density/seed_42/train_1000/fold_03/metrics.json
RDKit_RF,MD_5000/density/homopolymer_density/seed_42,MD_5000,density,homopolymer,1000,4,test,0.06128107155289479,0.03927041053757461,0.0037553697306710113,180,46.0,Models/RDKit_RF/scaling_results/MD_5000/density/homopolymer_density/seed_42/train_1000/fold_04/metrics.json
RDKit_RF,MD_5000/density/homopolymer_density/seed_42,MD_5000,density,homopolymer,1000,4,train,0.0224465225074575,0.013510765170559038,0.0005038463726777961,1000,46.0,Models/RDKit_RF/scaling_results/MD_5000/density/homopolymer_density/seed_42/train_1000/fold_04/metrics.json
RDKit_RF,MD_5000/density/homopolymer_density/seed_42,MD_5000,density,homopolymer,1000,4,val,0.07124214103902751,0.04071167459373421,0.005075442659824687,180,46.0,Models/RDKit_RF/scaling_results/MD_5000/density/homopolymer_density/seed_42/train_1000/fold_04/metrics.json
polyBERT,MD_5000/density/homopolymer_density/seed_42,MD_5000,density,homopolymer,300,0,test,0.15185824121817623,0.10949675142765045,0.023060925425877798,180,42.0,Models/polyBERT/scaling_results/MD_5000/density/homopolymer_density/seed_42/train_300/fold_00/metrics.json
polyBERT,MD_5000/density/homopolymer_density/seed_42,MD_5000,density,homopolymer,300,0,train,0.015858158238330658,0.012917351921399435,0.0002514811827119345,300,42.0,Models/polyBERT/scaling_results/MD_5000/density/homopolymer_density/seed_42/train_300/fold_00/metrics.json
polyBERT,MD_5000/density/homopolymer_density/seed_42,MD_5000,density,homopolymer,300,0,val,0.15210751258254573,0.1076555867989858,0.023136695384049312,180,42.0,Models/polyBERT/scaling_results/MD_5000/density/homopolymer_density/seed_42/train_300/fold_00/metrics.json
polyBERT,MD_5000/density/homopolymer_density/seed_42,MD_5000,density,homopolymer,300,1,test,0.12497079014385111,0.09278801315360599,0.015617698389178475,180,43.0,Models/polyBERT/scaling_results/MD_5000/density/homopolymer_density/seed_42/train_300/fold_01/metrics.json
polyBERT,MD_5000/density/homopolymer_density/seed_42,MD_5000,density,homopolymer,300,1,train,0.011411110114364104,0.008476149241129558,0.00013021343404214273,300,43.0,Models/polyBERT/scaling_results/MD_5000/density/homopolymer_density/seed_42/train_300/fold_01/metrics.json
polyBERT,MD_5000/density/homopolymer_density/seed_42,MD_5000,density,homopolymer,300,1,val,0.14161730097224468,0.10020562277899848,0.02005545993466333,180,43.0,Models/polyBERT/scaling_results/MD_5000/density/homopolymer_density/seed_42/train_300/fold_01/metrics.json
polyBERT,MD_5000/density/homopolymer_density/seed_42,MD_5000,density,homopolymer,300,2,test,0.13552137667353606,0.095154603322347,0.018366043535490442,180,44.0,Models/polyBERT/scaling_results/MD_5000/density/homopolymer_density/seed_42/train_300/fold_02/metrics.json
polyBERT,MD_5000/density/homopolymer_density/seed_42,MD_5000,density,homopolymer,300,2,train,0.007163019428610095,0.00442995806535085,5.130884733464569e-05,300,44.0,Models/polyBERT/scaling_results/MD_5000/density/homopolymer_density/seed_42/train_300/fold_02/metrics.json
polyBERT,MD_5000/density/homopolymer_density/seed_42,MD_5000,density,homopolymer,300,2,val,0.12777662729914735,0.09324249956342909,0.016326866483945206,180,44.0,Models/polyBERT/scaling_results/MD_5000/density/homopolymer_density/seed_42/train_300/fold_02/metrics.json
polyBERT,MD_5000/density/homopolymer_density/seed_42,MD_5000,density,homopolymer,300,3,test,0.11469174098795316,0.08797702623738182,0.013154195450847735,180,45.0,Models/polyBERT/scaling_results/MD_5000/density/homopolymer_density/seed_42/train_300/fold_03/metrics.json
polyBERT,MD_5000/density/homopolymer_density/seed_42,MD_5000,density,homopolymer,300,3,train,0.006397542822725679,0.004678855538368225,4.0928554168608854e-05,300,45.0,Models/polyBERT/scaling_results/MD_5000/density/homopolymer_density/seed_42/train_300/fold_03/metrics.json
polyBERT,MD_5000/density/homopolymer_density/seed_42,MD_5000,density,homopolymer,300,3,val,0.10809841538993971,0.08252060810724894,0.011685267409815955,180,45.0,Models/polyBERT/scaling_results/MD_5000/density/homopolymer_density/seed_42/train_300/fold_03/metrics.json
polyBERT,MD_5000/density/homopolymer_density/seed_42,MD_5000,density,homopolymer,300,4,test,0.1195426016752327,0.08997966779602898,0.014290433615283347,180,46.0,Models/polyBERT/scaling_results/MD_5000/density/homopolymer_density/seed_42/train_300/fold_04/metrics.json
polyBERT,MD_5000/density/homopolymer_density/seed_42,MD_5000,density,homopolymer,300,4,train,0.025476163978588363,0.02028261383374532,0.0006490349310639232,300,46.0,Models/polyBERT/scaling_results/MD_5000/density/homopolymer_density/seed_42/train_300/fold_04/metrics.json
polyBERT,MD_5000/density/homopolymer_density/seed_42,MD_5000,density,homopolymer,300,4,val,0.13185070259821025,0.09530032144652473,0.01738460777564169,180,46.0,Models/polyBERT/scaling_results/MD_5000/density/homopolymer_density/seed_42/train_300/fold_04/metrics.json
polyBERT,MD_5000/density/homopolymer_density/seed_42,MD_5000,density,homopolymer,1000,0,test,0.09693501378698315,0.06850868728425767,0.009396396897882613,180,42.0,Models/polyBERT/scaling_results/MD_5000/density/homopolymer_density/seed_42/train_1000/fold_00/metrics.json
polyBERT,MD_5000/density/homopolymer_density/seed_42,MD_5000,density,homopolymer,1000,0,train,0.01003588554045826,0.007929495334625244,0.00010071899858117917,1000,42.0,Models/polyBERT/scaling_results/MD_5000/density/homopolymer_density/seed_42/train_1000/fold_00/metrics.json
polyBERT,MD_5000/density/homopolymer_density/seed_42,MD_5000,density,homopolymer,1000,0,val,0.11520110575739606,0.0743514315949546,0.013271294767726753,180,42.0,Models/polyBERT/scaling_results/MD_5000/density/homopolymer_density/seed_42/train_1000/fold_00/metrics.json
polyBERT,MD_5000/density/homopolymer_density/seed_42,MD_5000,density,homopolymer,1000,1,test,0.08797396339695054,0.06545157300101387,0.007739418235767993,180,43.0,Models/polyBERT/scaling_results/MD_5000/density/homopolymer_density/seed_42/train_1000/fold_01/metrics.json
polyBERT,MD_5000/density/homopolymer_density/seed_42,MD_5000,density,homopolymer,1000,1,train,0.012177598534945265,0.009440901756286622,0.00014829390607830106,1000,43.0,Models/polyBERT/scaling_results/MD_5000/density/homopolymer_density/seed_42/train_1000/fold_01/metrics.json
polyBERT,MD_5000/density/homopolymer_density/seed_42,MD_5000,density,homopolymer,1000,1,val,0.09346093395234341,0.06615689794222514,0.008734946175244297,180,43.0,Models/polyBERT/scaling_results/MD_5000/density/homopolymer_density/seed_42/train_1000/fold_01/metrics.json
polyBERT,MD_5000/density/homopolymer_density/seed_42,MD_5000,density,homopolymer,1000,2,test,0.093764872243169,0.06177738242679172,0.008791851266777803,180,44.0,Models/polyBERT/scaling_results/MD_5000/density/homopolymer_density/seed_42/train_1000/fold_02/metrics.json
polyBERT,MD_5000/density/homopolymer_density/seed_42,MD_5000,density,homopolymer,1000,2,train,0.013361871227918959,0.010281974315643311,0.0001785396027114885,1000,44.0,Models/polyBERT/scaling_results/MD_5000/density/homopolymer_density/seed_42/train_1000/fold_02/metrics.json
polyBERT,MD_5000/density/homopolymer_density/seed_42,MD_5000,density,homopolymer,1000,2,val,0.08262565970309513,0.057303742898835074,0.006826999641371678,180,44.0,Models/polyBERT/scaling_results/MD_5000/density/homopolymer_density/seed_42/train_1000/fold_02/metrics.json
polyBERT,MD_5000/density/homopolymer_density/seed_42,MD_5000,density,homopolymer,1000,3,test,0.0771269752994719,0.06018193264802297,0.00594857031884535,180,45.0,Models/polyBERT/scaling_results/MD_5000/density/homopolymer_density/seed_42/train_1000/fold_03/metrics.json
polyBERT,MD_5000/density/homopolymer_density/seed_42,MD_5000,density,homopolymer,1000,3,train,0.014467690993876492,0.011015442073345184,0.00020931408269429496,1000,45.0,Models/polyBERT/scaling_results/MD_5000/density/homopolymer_density/seed_42/train_1000/fold_03/metrics.json
polyBERT,MD_5000/density/homopolymer_density/seed_42,MD_5000,density,homopolymer,1000,3,val,0.08041334731831593,0.05886722836229536,0.006466306426936106,180,45.0,Models/polyBERT/scaling_results/MD_5000/density/homopolymer_density/seed_42/train_1000/fold_03/metrics.json
polyBERT,MD_5000/density/homopolymer_density/seed_42,MD_5000,density,homopolymer,1000,4,test,0.09364654643392245,0.06806332204076979,0.008769675659000794,180,46.0,Models/polyBERT/scaling_results/MD_5000/density/homopolymer_density/seed_42/train_1000/fold_04/metrics.json
polyBERT,MD_5000/density/homopolymer_density/seed_42,MD_5000,density,homopolymer,1000,4,train,0.004382321519825719,0.002884518325328827,1.9204741903127597e-05,1000,46.0,Models/polyBERT/scaling_results/MD_5000/density/homopolymer_density/seed_42/train_1000/fold_04/metrics.json
polyBERT,MD_5000/density/homopolymer_density/seed_42,MD_5000,density,homopolymer,1000,4,val,0.09292874347703496,0.06445910798178779,0.008635751364220567,180,46.0,Models/polyBERT/scaling_results/MD_5000/density/homopolymer_density/seed_42/train_1000/fold_04/metrics.json
polymer_chemprop,MD_5000/density/homopolymer_density/seed_42,MD_5000,density,homopolymer,300,0,test,0.05063545801720629,,,180,,Models/polymer_chemprop/scaling_results/MD_5000/density/homopolymer_density/seed_42/train_300/fold_00/fold_0/test_scores.json
polymer_chemprop,MD_5000/density/homopolymer_density/seed_42,MD_5000,density,homopolymer,300,1,test,0.04993114076927747,,,180,,Models/polymer_chemprop/scaling_results/MD_5000/density/homopolymer_density/seed_42/train_300/fold_01/fold_0/test_scores.json
polymer_chemprop,MD_5000/density/homopolymer_density/seed_42,MD_5000,density,homopolymer,300,2,test,0.06738523767831446,,,180,,Models/polymer_chemprop/scaling_results/MD_5000/density/homopolymer_density/seed_42/train_300/fold_02/fold_0/test_scores.json
polymer_chemprop,MD_5000/density/homopolymer_density/seed_42,MD_5000,density,homopolymer,300,3,test,0.04166623816692228,,,180,,Models/polymer_chemprop/scaling_results/MD_5000/density/homopolymer_density/seed_42/train_300/fold_03/fold_0/test_scores.json
polymer_chemprop,MD_5000/density/homopolymer_density/seed_42,MD_5000,density,homopolymer,300,4,test,0.04778751730256549,,,180,,Models/polymer_chemprop/scaling_results/MD_5000/density/homopolymer_density/seed_42/train_300/fold_04/fold_0/test_scores.json
polymer_chemprop,MD_5000/density/homopolymer_density/seed_42,MD_5000,density,homopolymer,1000,0,test,0.03125840437902228,,,180,,Models/polymer_chemprop/scaling_results/MD_5000/density/homopolymer_density/seed_42/train_1000/fold_00/fold_0/test_scores.json
polymer_chemprop,MD_5000/density/homopolymer_density/seed_42,MD_5000,density,homopolymer,1000,1,test,0.023037071423363913,,,180,,Models/polymer_chemprop/scaling_results/MD_5000/density/homopolymer_density/seed_42/train_1000/fold_01/fold_0/test_scores.json
polymer_chemprop,MD_5000/density/homopolymer_density/seed_42,MD_5000,density,homopolymer,1000,2,test,0.030230034912517145,,,180,,Models/polymer_chemprop/scaling_results/MD_5000/density/homopolymer_density/seed_42/train_1000/fold_02/fold_0/test_scores.json
polymer_chemprop,MD_5000/density/homopolymer_density/seed_42,MD_5000,density,homopolymer,1000,3,test,0.02621253442073502,,,180,,Models/polymer_chemprop/scaling_results/MD_5000/density/homopolymer_density/seed_42/train_1000/fold_03/fold_0/test_scores.json
polymer_chemprop,MD_5000/density/homopolymer_density/seed_42,MD_5000,density,homopolymer,1000,4,test,0.026234108441615084,,,180,,Models/polymer_chemprop/scaling_results/MD_5000/density/homopolymer_density/seed_42/train_1000/fold_04/fold_0/test_scores.json
polymer_periodic_graph,MD_5000/density/homopolymer_density/seed_42,MD_5000,density,homopolymer,300,0,test,0.053705220237513875,,,180,,Models/polymer_periodic_graph/scaling_results/MD_5000/density/homopolymer_density/seed_42/train_300/fold_00/fold_0/test_scores.json
polymer_periodic_graph,MD_5000/density/homopolymer_density/seed_42,MD_5000,density,homopolymer,300,1,test,0.04677771879180592,,,180,,Models/polymer_periodic_graph/scaling_results/MD_5000/density/homopolymer_density/seed_42/train_300/fold_01/fold_0/test_scores.json
polymer_periodic_graph,MD_5000/density/homopolymer_density/seed_42,MD_5000,density,homopolymer,300,2,test,0.07628379852768173,,,180,,Models/polymer_periodic_graph/scaling_results/MD_5000/density/homopolymer_density/seed_42/train_300/fold_02/fold_0/test_scores.json
polymer_periodic_graph,MD_5000/density/homopolymer_density/seed_42,MD_5000,density,homopolymer,300,3,test,0.049125976838548975,,,180,,Models/polymer_periodic_graph/scaling_results/MD_5000/density/homopolymer_density/seed_42/train_300/fold_03/fold_0/test_scores.json
polymer_periodic_graph,MD_5000/density/homopolymer_density/seed_42,MD_5000,density,homopolymer,300,4,test,0.05443857703618836,,,180,,Models/polymer_periodic_graph/scaling_results/MD_5000/density/homopolymer_density/seed_42/train_300/fold_04/fold_0/test_scores.json
polymer_periodic_graph,MD_5000/density/homopolymer_density/seed_42,MD_5000,density,homopolymer,1000,0,test,0.0315463528869788,,,180,,Models/polymer_periodic_graph/scaling_results/MD_5000/density/homopolymer_density/seed_42/train_1000/fold_00/fold_0/test_scores.json
polymer_periodic_graph,MD_5000/density/homopolymer_density/seed_42,MD_5000,density,homopolymer,1000,1,test,0.02297685155306028,,,180,,Models/polymer_periodic_graph/scaling_results/MD_5000/density/homopolymer_density/seed_42/train_1000/fold_01/fold_0/test_scores.json
polymer_periodic_graph,MD_5000/density/homopolymer_density/seed_42,MD_5000,density,homopolymer,1000,2,test,0.031417878099451194,,,180,,Models/polymer_periodic_graph/scaling_results/MD_5000/density/homopolymer_density/seed_42/train_1000/fold_02/fold_0/test_scores.json
polymer_periodic_graph,MD_5000/density/homopolymer_density/seed_42,MD_5000,density,homopolymer,1000,3,test,0.029322754552357066,,,180,,Models/polymer_periodic_graph/scaling_results/MD_5000/density/homopolymer_density/seed_42/train_1000/fold_03/fold_0/test_scores.json
polymer_periodic_graph,MD_5000/density/homopolymer_density/seed_42,MD_5000,density,homopolymer,1000,4,test,0.02920361672063488,,,180,,Models/polymer_periodic_graph/scaling_results/MD_5000/density/homopolymer_density/seed_42/train_1000/fold_04/fold_0/test_scores.json
RDKit_RF,MD_5000/refractive_index/alternating_refractive_index/seed_42,MD_5000,refractive_index,alternating,300,0,test,0.1138490995259256,0.08384199091497728,0.012961617462864113,2651,42.0,Models/RDKit_RF/scaling_results/MD_5000/refractive_index/alternating_refractive_index/seed_42/train_300/fold_00/metrics.json
RDKit_RF,MD_5000/refractive_index/alternating_refractive_index/seed_42,MD_5000,refractive_index,alternating,300,0,train,0.04422145596140153,0.0329810664433798,0.0019555371673461745,300,42.0,Models/RDKit_RF/scaling_results/MD_5000/refractive_index/alternating_refractive_index/seed_42/train_300/fold_00/metrics.json
RDKit_RF,MD_5000/refractive_index/alternating_refractive_index/seed_42,MD_5000,refractive_index,alternating,300,0,val,0.1141573783440792,0.08340606067359663,0.013031907030393242,2651,42.0,Models/RDKit_RF/scaling_results/MD_5000/refractive_index/alternating_refractive_index/seed_42/train_300/fold_00/metrics.json
RDKit_RF,MD_5000/refractive_index/alternating_refractive_index/seed_42,MD_5000,refractive_index,alternating,300,1,test,0.11182503702511974,0.08249127771311975,0.0125048389056694,2651,43.0,Models/RDKit_RF/scaling_results/MD_5000/refractive_index/alternating_refractive_index/seed_42/train_300/fold_01/metrics.json
RDKit_RF,MD_5000/refractive_index/alternating_refractive_index/seed_42,MD_5000,refractive_index,alternating,300,1,train,0.03943062130109298,0.028724831986238066,0.0015547738961902075,300,43.0,Models/RDKit_RF/scaling_results/MD_5000/refractive_index/alternating_refractive_index/seed_42/train_300/fold_01/metrics.json
RDKit_RF,MD_5000/refractive_index/alternating_refractive_index/seed_42,MD_5000,refractive_index,alternating,300,1,val,0.11505925517975367,0.08396647382671893,0.013238632202519673,2651,43.0,Models/RDKit_RF/scaling_results/MD_5000/refractive_index/alternating_refractive_index/seed_42/train_300/fold_01/metrics.json
RDKit_RF,MD_5000/refractive_index/alternating_refractive_index/seed_42,MD_5000,refractive_index,alternating,300,2,test,0.10860799366999283,0.0799875271757932,0.011795696289021202,2651,44.0,Models/RDKit_RF/scaling_results/MD_5000/refractive_index/alternating_refractive_index/seed_42/train_300/fold_02/metrics.json
RDKit_RF,MD_5000/refractive_index/alternating_refractive_index/seed_42,MD_5000,refractive_index,alternating,300,2,train,0.04056693317492351,0.029841561576849442,0.0016456760672187098,300,44.0,Models/RDKit_RF/scaling_results/MD_5000/refractive_index/alternating_refractive_index/seed_42/train_300/fold_02/metrics.json
RDKit_RF,MD_5000/refractive_index/alternating_refractive_index/seed_42,MD_5000,refractive_index,alternating,300,2,val,0.11311415306799184,0.08491861322593681,0.012794811624289087,2651,44.0,Models/RDKit_RF/scaling_results/MD_5000/refractive_index/alternating_refractive_index/seed_42/train_300/fold_02/metrics.json
RDKit_RF,MD_5000/refractive_index/alternating_refractive_index/seed_42,MD_5000,refractive_index,alternating,300,3,test,0.11280463345421152,0.0830278773900814,0.012724885328739015,2651,45.0,Models/RDKit_RF/scaling_results/MD_5000/refractive_index/alternating_refractive_index/seed_42/train_300/fold_03/metrics.json
RDKit_RF,MD_5000/refractive_index/alternating_refractive_index/seed_42,MD_5000,refractive_index,alternating,300,3,train,0.042250659518108455,0.029980604815653653,0.0017851182297151287,300,45.0,Models/RDKit_RF/scaling_results/MD_5000/refractive_index/alternating_refractive_index/seed_42/train_300/fold_03/metrics.json
RDKit_RF,MD_5000/refractive_index/alternating_refractive_index/seed_42,MD_5000,refractive_index,alternating,300,3,val,0.11828711850432816,0.08698641383240495,0.013991842404056975,2651,45.0,Models/RDKit_RF/scaling_results/MD_5000/refractive_index/alternating_refractive_index/seed_42/train_300/fold_03/metrics.json
RDKit_RF,MD_5000/refractive_index/alternating_refractive_index/seed_42,MD_5000,refractive_index,alternating,300,4,test,0.11126429186863758,0.08174743688780686,0.012379742645029371,2651,46.0,Models/RDKit_RF/scaling_results/MD_5000/refractive_index/alternating_refractive_index/seed_42/train_300/fold_04/metrics.json
RDKit_RF,MD_5000/refractive_index/alternating_refractive_index/seed_42,MD_5000,refractive_index,alternating,300,4,train,0.04126776225000816,0.029577200102113742,0.0017030282011231987,300,46.0,Models/RDKit_RF/scaling_results/MD_5000/refractive_index/alternating_refractive_index/seed_42/train_300/fold_04/metrics.json
RDKit_RF,MD_5000/refractive_index/alternating_refractive_index/seed_42,MD_5000,refractive_index,alternating,300,4,val,0.11344437534066973,0.0825223386992078,0.012869626296434756,2651,46.0,Models/RDKit_RF/scaling_results/MD_5000/refractive_index/alternating_refractive_index/seed_42/train_300/fold_04/metrics.json
RDKit_RF,MD_5000/refractive_index/alternating_refractive_index/seed_42,MD_5000,refractive_index,alternating,1000,0,test,0.11238226386630275,0.08133435577708713,0.012629773231715297,2651,42.0,Models/RDKit_RF/scaling_results/MD_5000/refractive_index/alternating_refractive_index/seed_42/train_1000/fold_00/metrics.json
RDKit_RF,MD_5000/refractive_index/alternating_refractive_index/seed_42,MD_5000,refractive_index,alternating,1000,0,train,0.04079375414123386,0.029519838523550612,0.0016641303769354345,1000,42.0,Models/RDKit_RF/scaling_results/MD_5000/refractive_index/alternating_refractive_index/seed_42/train_1000/fold_00/metrics.json
RDKit_RF,MD_5000/refractive_index/alternating_refractive_index/seed_42,MD_5000,refractive_index,alternating,1000,0,val,0.11132872450332938,0.08037757454635694,0.012394084899538213,2651,42.0,Models/RDKit_RF/scaling_results/MD_5000/refractive_index/alternating_refractive_index/seed_42/train_1000/fold_00/metrics.json
RDKit_RF,MD_5000/refractive_index/alternating_refractive_index/seed_42,MD_5000,refractive_index,alternating,1000,1,test,0.10660516029398111,0.07867868747987407,0.011364660201305405,2651,43.0,Models/RDKit_RF/scaling_results/MD_5000/refractive_index/alternating_refractive_index/seed_42/train_1000/fold_01/metrics.json
RDKit_RF,MD_5000/refractive_index/alternating_refractive_index/seed_42,MD_5000,refractive_index,alternating,1000,1,train,0.043659207951797084,0.03140951919755247,0.0019061264389782617,1000,43.0,Models/RDKit_RF/scaling_results/MD_5000/refractive_index/alternating_refractive_index/seed_42/train_1000/fold_01/metrics.json
RDKit_RF,MD_5000/refractive_index/alternating_refractive_index/seed_42,MD_5000,refractive_index,alternating,1000,1,val,0.11065749443326861,0.08059655080065532,0.012245081074248874,2651,43.0,Models/RDKit_RF/scaling_results/MD_5000/refractive_index/alternating_refractive_index/seed_42/train_1000/fold_01/metrics.json
RDKit_RF,MD_5000/refractive_index/alternating_refractive_index/seed_42,MD_5000,refractive_index,alternating,1000,2,test,0.10685980559643732,0.0776538123434719,0.011419018052108376,2651,44.0,Models/RDKit_RF/scaling_results/MD_5000/refractive_index/alternating_refractive_index/seed_42/train_1000/fold_02/metrics.json
RDKit_RF,MD_5000/refractive_index/alternating_refractive_index/seed_42,MD_5000,refractive_index,alternating,1000,2,train,0.040152381378619255,0.02914349207018044,0.0016122137303740906,1000,44.0,Models/RDKit_RF/scaling_results/MD_5000/refractive_index/alternating_refractive_index/seed_42/train_1000/fold_02/metrics.json
RDKit_RF,MD_5000/refractive_index/alternating_refractive_index/seed_42,MD_5000,refractive_index,alternating,1000,2,val,0.11144027429834488,0.08234279512818317,0.012418934735690347,2651,44.0,Models/RDKit_RF/scaling_results/MD_5000/refractive_index/alternating_refractive_index/seed_42/train_1000/fold_02/metrics.json
RDKit_RF,MD_5000/refractive_index/alternating_refractive_index/seed_42,MD_5000,refractive_index,alternating,1000,3,test,0.10814877405612847,0.07977535775234364,0.011696157329843526,2651,45.0,Models/RDKit_RF/scaling_results/MD_5000/refractive_index/alternating_refractive_index/seed_42/train_1000/fold_03/metrics.json
RDKit_RF,MD_5000/refractive_index/alternating_refractive_index/seed_42,MD_5000,refractive_index,alternating,1000,3,train,0.03955215765623322,0.028347825886369873,0.0015643731752635278,1000,45.0,Models/RDKit_RF/scaling_results/MD_5000/refractive_index/alternating_refractive_index/seed_42/train_1000/fold_03/metrics.json
RDKit_RF,MD_5000/refractive_index/alternating_refractive_index/seed_42,MD_5000,refractive_index,alternating,1000,3,val,0.11286445556245173,0.08276066973713557,0.01273838532940864,2651,45.0,Models/RDKit_RF/scaling_results/MD_5000/refractive_index/alternating_refractive_index/seed_42/train_1000/fold_03/metrics.json
RDKit_RF,MD_5000/refractive_index/alternating_refractive_index/seed_42,MD_5000,refractive_index,alternating,1000,4,test,0.1065984365219476,0.07640079419095151,0.011363226668923691,2651,46.0,Models/RDKit_RF/scaling_results/MD_5000/refractive_index/alternating_refractive_index/seed_42/train_1000/fold_04/metrics.json
RDKit_RF,MD_5000/refractive_index/alternating_refractive_index/seed_42,MD_5000,refractive_index,alternating,1000,4,train,0.03818472415419356,0.027517036146197216,0.0014580731587318528,1000,46.0,Models/RDKit_RF/scaling_results/MD_5000/refractive_index/alternating_refractive_index/seed_42/train_1000/fold_04/metrics.json
RDKit_RF,MD_5000/refractive_index/alternating_refractive_index/seed_42,MD_5000,refractive_index,alternating,1000,4,val,0.10884963731648664,0.0778859392184489,0.011848243543930681,2651,46.0,Models/RDKit_RF/scaling_results/MD_5000/refractive_index/alternating_refractive_index/seed_42/train_1000/fold_04/metrics.json
RDKit_RF,MD_5000/refractive_index/alternating_refractive_index/seed_42,MD_5000,refractive_index,alternating,3000,0,test,0.10989365457977085,0.07804422080828279,0.01207661531689799,2651,42.0,Models/RDKit_RF/scaling_results/MD_5000/refractive_index/alternating_refractive_index/seed_42/train_3000/fold_00/metrics.json
RDKit_RF,MD_5000/refractive_index/alternating_refractive_index/seed_42,MD_5000,refractive_index,alternating,3000,0,train,0.040034214669946756,0.02808479651569452,0.0016027383442393799,3000,42.0,Models/RDKit_RF/scaling_results/MD_5000/refractive_index/alternating_refractive_index/seed_42/train_3000/fold_00/metrics.json
RDKit_RF,MD_5000/refractive_index/alternating_refractive_index/seed_42,MD_5000,refractive_index,alternating,3000,0,val,0.1067212336963308,0.0756754870143187,0.011389421721666852,2651,42.0,Models/RDKit_RF/scaling_results/MD_5000/refractive_index/alternating_refractive_index/seed_42/train_3000/fold_00/metrics.json
RDKit_RF,MD_5000/refractive_index/alternating_refractive_index/seed_42,MD_5000,refractive_index,alternating,3000,1,test,0.10440058195667203,0.07504027164926007,0.010899481512891792,2651,43.0,Models/RDKit_RF/scaling_results/MD_5000/refractive_index/alternating_refractive_index/seed_42/train_3000/fold_01/metrics.json
RDKit_RF,MD_5000/refractive_index/alternating_refractive_index/seed_42,MD_5000,refractive_index,alternating,3000,1,train,0.04113673357571704,0.029175448456989904,0.0016922308492795253,3000,43.0,Models/RDKit_RF/scaling_results/MD_5000/refractive_index/alternating_refractive_index/seed_42/train_3000/fold_01/metrics.json
RDKit_RF,MD_5000/refractive_index/alternating_refractive_index/seed_42,MD_5000,refractive_index,alternating,3000,1,val,0.10869482188769868,0.07706195357589514,0.011814564305198538,2651,43.0,Models/RDKit_RF/scaling_results/MD_5000/refractive_index/alternating_refractive_index/seed_42/train_3000/fold_01/metrics.json
RDKit_RF,MD_5000/refractive_index/alternating_refractive_index/seed_42,MD_5000,refractive_index,alternating,3000,2,test,0.10219662732983112,0.0728398600643987,0.010444150637592386,2651,44.0,Models/RDKit_RF/scaling_results/MD_5000/refractive_index/alternating_refractive_index/seed_42/train_3000/fold_02/metrics.json
RDKit_RF,MD_5000/refractive_index/alternating_refractive_index/seed_42,MD_5000,refractive_index,alternating,3000,2,train,0.03914595204691681,0.027677473755980637,0.0015324055616595105,3000,44.0,Models/RDKit_RF/scaling_results/MD_5000/refractive_index/alternating_refractive_index/seed_42/train_3000/fold_02/metrics.json
RDKit_RF,MD_5000/refractive_index/alternating_refractive_index/seed_42,MD_5000,refractive_index,alternating,3000,2,val,0.10643945585544638,0.07727075103537089,0.01132935776280352,2651,44.0,Models/RDKit_RF/scaling_results/MD_5000/refractive_index/alternating_refractive_index/seed_42/train_3000/fold_02/metrics.json
RDKit_RF,MD_5000/refractive_index/alternating_refractive_index/seed_42,MD_5000,refractive_index,alternating,3000,3,test,0.1059554435737055,0.07687721525381705,0.01122655602290069,2651,45.0,Models/RDKit_RF/scaling_results/MD_5000/refractive_index/alternating_refractive_index/seed_42/train_3000/fold_03/metrics.json
RDKit_RF,MD_5000/refractive_index/alternating_refractive_index/seed_42,MD_5000,refractive_index,alternating,3000,3,train,0.0394487549108447,0.02814806603602878,0.001556204264015894,3000,45.0,Models/RDKit_RF/scaling_results/MD_5000/refractive_index/alternating_refractive_index/seed_42/train_3000/fold_03/metrics.json
RDKit_RF,MD_5000/refractive_index/alternating_refractive_index/seed_42,MD_5000,refractive_index,alternating,3000,3,val,0.10951817315696925,0.0794373605154204,0.0119942302516399,2651,45.0,Models/RDKit_RF/scaling_results/MD_5000/refractive_index/alternating_refractive_index/seed_42/train_3000/fold_03/metrics.json
RDKit_RF,MD_5000/refractive_index/alternating_refractive_index/seed_42,MD_5000,refractive_index,alternating,3000,4,test,0.10179095367684392,0.07312297734874493,0.010361398250441384,2651,46.0,Models/RDKit_RF/scaling_results/MD_5000/refractive_index/alternating_refractive_index/seed_42/train_3000/fold_04/metrics.json
RDKit_RF,MD_5000/refractive_index/alternating_refractive_index/seed_42,MD_5000,refractive_index,alternating,3000,4,train,0.03897059064277438,0.027701752120630894,0.0015187069350466942,3000,46.0,Models/RDKit_RF/scaling_results/MD_5000/refractive_index/alternating_refractive_index/seed_42/train_3000/fold_04/metrics.json
RDKit_RF,MD_5000/refractive_index/alternating_refractive_index/seed_42,MD_5000,refractive_index,alternating,3000,4,val,0.10612634178618921,0.07546731059871904,0.01126280042091905,2651,46.0,Models/RDKit_RF/scaling_results/MD_5000/refractive_index/alternating_refractive_index/seed_42/train_3000/fold_04/metrics.json
RDKit_RF,MD_5000/refractive_index/alternating_refractive_index/seed_42,MD_5000,refractive_index,alternating,10000,0,test,0.1069852172744588,0.0750126927930845,0.011445836715263157,2651,42.0,Models/RDKit_RF/scaling_results/MD_5000/refractive_index/alternating_refractive_index/seed_42/train_10000/fold_00/metrics.json
RDKit_RF,MD_5000/refractive_index/alternating_refractive_index/seed_42,MD_5000,refractive_index,alternating,10000,0,train,0.0380755821463195,0.02672835948002995,0.0014497499557811246,10000,42.0,Models/RDKit_RF/scaling_results/MD_5000/refractive_index/alternating_refractive_index/seed_42/train_10000/fold_00/metrics.json
RDKit_RF,MD_5000/refractive_index/alternating_refractive_index/seed_42,MD_5000,refractive_index,alternating,10000,0,val,0.1040331450520903,0.07226034070771628,0.010822895269429261,2651,42.0,Models/RDKit_RF/scaling_results/MD_5000/refractive_index/alternating_refractive_index/seed_42/train_10000/fold_00/metrics.json
RDKit_RF,MD_5000/refractive_index/alternating_refractive_index/seed_42,MD_5000,refractive_index,alternating,10000,1,test,0.10226444536918095,0.07243318266200463,0.010458016786666195,2651,43.0,Models/RDKit_RF/scaling_results/MD_5000/refractive_index/alternating_refractive_index/seed_42/train_10000/fold_01/metrics.json
RDKit_RF,MD_5000/refractive_index/alternating_refractive_index/seed_42,MD_5000,refractive_index,alternating,10000,1,train,0.03860614144856048,0.02703663164675123,0.0014904341575462594,10000,43.0,Models/RDKit_RF/scaling_results/MD_5000/refractive_index/alternating_refractive_index/seed_42/train_10000/fold_01/metrics.json
RDKit_RF,MD_5000/refractive_index/alternating_refractive_index/seed_42,MD_5000,refractive_index,alternating,10000,1,val,0.10479952824855547,0.07357040281654838,0.010982941121119775,2651,43.0,Models/RDKit_RF/scaling_results/MD_5000/refractive_index/alternating_refractive_index/seed_42/train_10000/fold_01/metrics.json
RDKit_RF,MD_5000/refractive_index/alternating_refractive_index/seed_42,MD_5000,refractive_index,alternating,10000,2,test,0.09989485603574849,0.07004907525574133,0.009978982262402916,2651,44.0,Models/RDKit_RF/scaling_results/MD_5000/refractive_index/alternating_refractive_index/seed_42/train_10000/fold_02/metrics.json
RDKit_RF,MD_5000/refractive_index/alternating_refractive_index/seed_42,MD_5000,refractive_index,alternating,10000,2,train,0.03860731790774352,0.0271471529882784,0.0014905249960295735,10000,44.0,Models/RDKit_RF/scaling_results/MD_5000/refractive_index/alternating_refractive_index/seed_42/train_10000/fold_02/metrics.json
RDKit_RF,MD_5000/refractive_index/alternating_refractive_index/seed_42,MD_5000,refractive_index,alternating,10000,2,val,0.10309896292375079,0.07345006121397647,0.010629396155952939,2651,44.0,Models/RDKit_RF/scaling_results/MD_5000/refractive_index/alternating_refractive_index/seed_42/train_10000/fold_02/metrics.json
RDKit_RF,MD_5000/refractive_index/alternating_refractive_index/seed_42,MD_5000,refractive_index,alternating,10000,3,test,0.10257730895380202,0.07282681161678689,0.010522104312203752,2651,45.0,Models/RDKit_RF/scaling_results/MD_5000/refractive_index/alternating_refractive_index/seed_42/train_10000/fold_03/metrics.json
RDKit_RF,MD_5000/refractive_index/alternating_refractive_index/seed_42,MD_5000,refractive_index,alternating,10000,3,train,0.03816464143336318,0.026596923096358437,0.0014565398557371814,10000,45.0,Models/RDKit_RF/scaling_results/MD_5000/refractive_index/alternating_refractive_index/seed_42/train_10000/fold_03/metrics.json
RDKit_RF,MD_5000/refractive_index/alternating_refractive_index/seed_42,MD_5000,refractive_index,alternating,10000,3,val,0.10663642999380145,0.07599404179181815,0.011371328201822916,2651,45.0,Models/RDKit_RF/scaling_results/MD_5000/refractive_index/alternating_refractive_index/seed_42/train_10000/fold_03/metrics.json
RDKit_RF,MD_5000/refractive_index/alternating_refractive_index/seed_42,MD_5000,refractive_index,alternating,10000,4,test,0.09868574925708154,0.06963174878991053,0.009738877106431568,2651,46.0,Models/RDKit_RF/scaling_results/MD_5000/refractive_index/alternating_refractive_index/seed_42/train_10000/fold_04/metrics.json
RDKit_RF,MD_5000/refractive_index/alternating_refractive_index/seed_42,MD_5000,refractive_index,alternating,10000,4,train,0.038986550833696634,0.027487275750393007,0.0015199511459084117,10000,46.0,Models/RDKit_RF/scaling_results/MD_5000/refractive_index/alternating_refractive_index/seed_42/train_10000/fold_04/metrics.json
RDKit_RF,MD_5000/refractive_index/alternating_refractive_index/seed_42,MD_5000,refractive_index,alternating,10000,4,val,0.10331894175055235,0.07175814098832324,0.01067480372445403,2651,46.0,Models/RDKit_RF/scaling_results/MD_5000/refractive_index/alternating_refractive_index/seed_42/train_10000/fold_04/metrics.json
polyBERT,MD_5000/refractive_index/alternating_refractive_index/seed_42,MD_5000,refractive_index,alternating,300,0,test,0.1608477397983962,0.1226634501691406,0.02587199539825257,2651,42.0,Models/polyBERT/scaling_results/MD_5000/refractive_index/alternating_refractive_index/seed_42/train_300/fold_00/metrics.json
polyBERT,MD_5000/refractive_index/alternating_refractive_index/seed_42,MD_5000,refractive_index,alternating,300,0,train,0.09171929795798486,0.06797011971473693,0.008412429617905606,300,42.0,Models/polyBERT/scaling_results/MD_5000/refractive_index/alternating_refractive_index/seed_42/train_300/fold_00/metrics.json
polyBERT,MD_5000/refractive_index/alternating_refractive_index/seed_42,MD_5000,refractive_index,alternating,300,0,val,0.15951048905040213,0.12217490815163018,0.025443596117098462,2651,42.0,Models/polyBERT/scaling_results/MD_5000/refractive_index/alternating_refractive_index/seed_42/train_300/fold_00/metrics.json
polyBERT,MD_5000/refractive_index/alternating_refractive_index/seed_42,MD_5000,refractive_index,alternating,300,1,test,0.1550188518623991,0.1189588083945684,0.024030844432736436,2651,43.0,Models/polyBERT/scaling_results/MD_5000/refractive_index/alternating_refractive_index/seed_42/train_300/fold_01/metrics.json
polyBERT,MD_5000/refractive_index/alternating_refractive_index/seed_42,MD_5000,refractive_index,alternating,300,1,train,0.058191674540732846,0.0424074920018514,0.0033862709858545753,300,43.0,Models/polyBERT/scaling_results/MD_5000/refractive_index/alternating_refractive_index/seed_42/train_300/fold_01/metrics.json
polyBERT,MD_5000/refractive_index/alternating_refractive_index/seed_42,MD_5000,refractive_index,alternating,300,1,val,0.15775902361414496,0.12151605688999483,0.02488790953168835,2651,43.0,Models/polyBERT/scaling_results/MD_5000/refractive_index/alternating_refractive_index/seed_42/train_300/fold_01/metrics.json
polyBERT,MD_5000/refractive_index/alternating_refractive_index/seed_42,MD_5000,refractive_index,alternating,300,2,test,0.14542223973179072,0.1122795271450778,0.021147627808610413,2651,44.0,Models/polyBERT/scaling_results/MD_5000/refractive_index/alternating_refractive_index/seed_42/train_300/fold_02/metrics.json
polyBERT,MD_5000/refractive_index/alternating_refractive_index/seed_42,MD_5000,refractive_index,alternating,300,2,train,0.04337252724089811,0.03076961874961853,0.0018811761192624487,300,44.0,Models/polyBERT/scaling_results/MD_5000/refractive_index/alternating_refractive_index/seed_42/train_300/fold_02/metrics.json
polyBERT,MD_5000/refractive_index/alternating_refractive_index/seed_42,MD_5000,refractive_index,alternating,300,2,val,0.1508027982192113,0.1156726181169853,0.02274148395074416,2651,44.0,Models/polyBERT/scaling_results/MD_5000/refractive_index/alternating_refractive_index/seed_42/train_300/fold_02/metrics.json
polyBERT,MD_5000/refractive_index/alternating_refractive_index/seed_42,MD_5000,refractive_index,alternating,300,3,test,0.14781831292468836,0.11293350364162714,0.021850253635901092,2651,45.0,Models/polyBERT/scaling_results/MD_5000/refractive_index/alternating_refractive_index/seed_42/train_300/fold_03/metrics.json
polyBERT,MD_5000/refractive_index/alternating_refractive_index/seed_42,MD_5000,refractive_index,alternating,300,3,train,0.06378874742132706,0.0476382851600647,0.00406900429758186,300,45.0,Models/polyBERT/scaling_results/MD_5000/refractive_index/alternating_refractive_index/seed_42/train_300/fold_03/metrics.json
polyBERT,MD_5000/refractive_index/alternating_refractive_index/seed_42,MD_5000,refractive_index,alternating,300,3,val,0.15467596769459044,0.11826022343112136,0.023924654982257987,2651,45.0,Models/polyBERT/scaling_results/MD_5000/refractive_index/alternating_refractive_index/seed_42/train_300/fold_03/metrics.json
polyBERT,MD_5000/refractive_index/alternating_refractive_index/seed_42,MD_5000,refractive_index,alternating,300,4,test,0.16117115638777602,0.12036865596634538,0.02597614165137295,2651,46.0,Models/polyBERT/scaling_results/MD_5000/refractive_index/alternating_refractive_index/seed_42/train_300/fold_04/metrics.json
polyBERT,MD_5000/refractive_index/alternating_refractive_index/seed_42,MD_5000,refractive_index,alternating,300,4,train,0.0478410435217461,0.038797945976257325,0.0022887654452496044,300,46.0,Models/polyBERT/scaling_results/MD_5000/refractive_index/alternating_refractive_index/seed_42/train_300/fold_04/metrics.json
polyBERT,MD_5000/refractive_index/alternating_refractive_index/seed_42,MD_5000,refractive_index,alternating,300,4,val,0.1610187987557058,0.120107008730947,0.025927053552730485,2651,46.0,Models/polyBERT/scaling_results/MD_5000/refractive_index/alternating_refractive_index/seed_42/train_300/fold_04/metrics.json
polyBERT,MD_5000/refractive_index/alternating_refractive_index/seed_42,MD_5000,refractive_index,alternating,1000,0,test,0.14243914353591533,0.1112996668961308,0.02028890961124509,2651,42.0,Models/polyBERT/scaling_results/MD_5000/refractive_index/alternating_refractive_index/seed_42/train_1000/fold_00/metrics.json
polyBERT,MD_5000/refractive_index/alternating_refractive_index/seed_42,MD_5000,refractive_index,alternating,1000,0,train,0.09116194726311731,0.07269159948825836,0.008310500628803383,1000,42.0,Models/polyBERT/scaling_results/MD_5000/refractive_index/alternating_refractive_index/seed_42/train_1000/fold_00/metrics.json
polyBERT,MD_5000/refractive_index/alternating_refractive_index/seed_42,MD_5000,refractive_index,alternating,1000,0,val,0.1430758855488757,0.11016204814918083,0.02047070902559498,2651,42.0,Models/polyBERT/scaling_results/MD_5000/refractive_index/alternating_refractive_index/seed_42/train_1000/fold_00/metrics.json
polyBERT,MD_5000/refractive_index/alternating_refractive_index/seed_42,MD_5000,refractive_index,alternating,1000,1,test,0.13928999002984588,0.1067446031825851,0.019401701322514564,2651,43.0,Models/polyBERT/scaling_results/MD_5000/refractive_index/alternating_refractive_index/seed_42/train_1000/fold_01/metrics.json
polyBERT,MD_5000/refractive_index/alternating_refractive_index/seed_42,MD_5000,refractive_index,alternating,1000,1,train,0.0901230315328155,0.06959983813762664,0.008122160812664859,1000,43.0,Models/polyBERT/scaling_results/MD_5000/refractive_index/alternating_refractive_index/seed_42/train_1000/fold_01/metrics.json
polyBERT,MD_5000/refractive_index/alternating_refractive_index/seed_42,MD_5000,refractive_index,alternating,1000,1,val,0.13873469741134176,0.10732459707198976,0.019247316265816553,2651,43.0,Models/polyBERT/scaling_results/MD_5000/refractive_index/alternating_refractive_index/seed_42/train_1000/fold_01/metrics.json
polyBERT,MD_5000/refractive_index/alternating_refractive_index/seed_42,MD_5000,refractive_index,alternating,1000,2,test,0.13014385879022317,0.0987707635493874,0.016937423980809548,2651,44.0,Models/polyBERT/scaling_results/MD_5000/refractive_index/alternating_refractive_index/seed_42/train_1000/fold_02/metrics.json
polyBERT,MD_5000/refractive_index/alternating_refractive_index/seed_42,MD_5000,refractive_index,alternating,1000,2,train,0.08440070615326699,0.06333751976490021,0.00712347919917012,1000,44.0,Models/polyBERT/scaling_results/MD_5000/refractive_index/alternating_refractive_index/seed_42/train_1000/fold_02/metrics.json
polyBERT,MD_5000/refractive_index/alternating_refractive_index/seed_42,MD_5000,refractive_index,alternating,1000,2,val,0.1341809610702345,0.10184206786312189,0.01800453031373179,2651,44.0,Models/polyBERT/scaling_results/MD_5000/refractive_index/alternating_refractive_index/seed_42/train_1000/fold_02/metrics.json
polyBERT,MD_5000/refractive_index/alternating_refractive_index/seed_42,MD_5000,refractive_index,alternating,1000,3,test,0.13062531603287147,0.10001085947613049,0.01706297318868755,2651,45.0,Models/polyBERT/scaling_results/MD_5000/refractive_index/alternating_refractive_index/seed_42/train_1000/fold_03/metrics.json
polyBERT,MD_5000/refractive_index/alternating_refractive_index/seed_42,MD_5000,refractive_index,alternating,1000,3,train,0.08284496180007997,0.06329058384895325,0.0068632876956567085,1000,45.0,Models/polyBERT/scaling_results/MD_5000/refractive_index/alternating_refractive_index/seed_42/train_1000/fold_03/metrics.json
polyBERT,MD_5000/refractive_index/alternating_refractive_index/seed_42,MD_5000,refractive_index,alternating,1000,3,val,0.13581833131387505,0.1049941784478457,0.018446619120885535,2651,45.0,Models/polyBERT/scaling_results/MD_5000/refractive_index/alternating_refractive_index/seed_42/train_1000/fold_03/metrics.json
polyBERT,MD_5000/refractive_index/alternating_refractive_index/seed_42,MD_5000,refractive_index,alternating,1000,4,test,0.13143940395773393,0.09953213853235292,0.01727631691276436,2651,46.0,Models/polyBERT/scaling_results/MD_5000/refractive_index/alternating_refractive_index/seed_42/train_1000/fold_04/metrics.json
polyBERT,MD_5000/refractive_index/alternating_refractive_index/seed_42,MD_5000,refractive_index,alternating,1000,4,train,0.0755874483333158,0.05752582633495331,0.005713462345541685,1000,46.0,Models/polyBERT/scaling_results/MD_5000/refractive_index/alternating_refractive_index/seed_42/train_1000/fold_04/metrics.json
polyBERT,MD_5000/refractive_index/alternating_refractive_index/seed_42,MD_5000,refractive_index,alternating,1000,4,val,0.13155352605953388,0.10066314851594664,0.017306330218696462,2651,46.0,Models/polyBERT/scaling_results/MD_5000/refractive_index/alternating_refractive_index/seed_42/train_1000/fold_04/metrics.json
polyBERT,MD_5000/refractive_index/alternating_refractive_index/seed_42,MD_5000,refractive_index,alternating,3000,0,test,0.1365700586766916,0.10598101839844752,0.01865138092695499,2651,42.0,Models/polyBERT/scaling_results/MD_5000/refractive_index/alternating_refractive_index/seed_42/train_3000/fold_00/metrics.json
polyBERT,MD_5000/refractive_index/alternating_refractive_index/seed_42,MD_5000,refractive_index,alternating,3000,0,train,0.10734515574283142,0.08390986518065134,0.011522982461452733,3000,42.0,Models/polyBERT/scaling_results/MD_5000/refractive_index/alternating_refractive_index/seed_42/train_3000/fold_00/metrics.json
polyBERT,MD_5000/refractive_index/alternating_refractive_index/seed_42,MD_5000,refractive_index,alternating,3000,0,val,0.13523425636715752,0.10280819314239341,0.018288304095178086,2651,42.0,Models/polyBERT/scaling_results/MD_5000/refractive_index/alternating_refractive_index/seed_42/train_3000/fold_00/metrics.json
polyBERT,MD_5000/refractive_index/alternating_refractive_index/seed_42,MD_5000,refractive_index,alternating,3000,1,test,0.12893676250623148,0.09821239924349906,0.01662468872558834,2651,43.0,Models/polyBERT/scaling_results/MD_5000/refractive_index/alternating_refractive_index/seed_42/train_3000/fold_01/metrics.json
polyBERT,MD_5000/refractive_index/alternating_refractive_index/seed_42,MD_5000,refractive_index,alternating,3000,1,train,0.097636894093163,0.07479130939642588,0.009532963088159528,3000,43.0,Models/polyBERT/scaling_results/MD_5000/refractive_index/alternating_refractive_index/seed_42/train_3000/fold_01/metrics.json
polyBERT,MD_5000/refractive_index/alternating_refractive_index/seed_42,MD_5000,refractive_index,alternating,3000,1,val,0.13265977787280706,0.10222830474713936,0.01759861666526251,2651,43.0,Models/polyBERT/scaling_results/MD_5000/refractive_index/alternating_refractive_index/seed_42/train_3000/fold_01/metrics.json
polyBERT,MD_5000/refractive_index/alternating_refractive_index/seed_42,MD_5000,refractive_index,alternating,3000,2,test,0.12724872891642472,0.09625072836291336,0.01619223901084574,2651,44.0,Models/polyBERT/scaling_results/MD_5000/refractive_index/alternating_refractive_index/seed_42/train_3000/fold_02/metrics.json
polyBERT,MD_5000/refractive_index/alternating_refractive_index/seed_42,MD_5000,refractive_index,alternating,3000,2,train,0.0677297508756871,0.052162522037824,0.004587319153682638,3000,44.0,Models/polyBERT/scaling_results/MD_5000/refractive_index/alternating_refractive_index/seed_42/train_3000/fold_02/metrics.json
polyBERT,MD_5000/refractive_index/alternating_refractive_index/seed_42,MD_5000,refractive_index,alternating,3000,2,val,0.12961787495329488,0.09819034381616075,0.01680079350740799,2651,44.0,Models/polyBERT/scaling_results/MD_5000/refractive_index/alternating_refractive_index/seed_42/train_3000/fold_02/metrics.json
polyBERT,MD_5000/refractive_index/alternating_refractive_index/seed_42,MD_5000,refractive_index,alternating,3000,3,test,0.1329903680846379,0.09950341948110263,0.017686438003287473,2651,45.0,Models/polyBERT/scaling_results/MD_5000/refractive_index/alternating_refractive_index/seed_42/train_3000/fold_03/metrics.json
polyBERT,MD_5000/refractive_index/alternating_refractive_index/seed_42,MD_5000,refractive_index,alternating,3000,3,train,0.05761574908527637,0.04372977058092753,0.003319574542657525,3000,45.0,Models/polyBERT/scaling_results/MD_5000/refractive_index/alternating_refractive_index/seed_42/train_3000/fold_03/metrics.json
polyBERT,MD_5000/refractive_index/alternating_refractive_index/seed_42,MD_5000,refractive_index,alternating,3000,3,val,0.1370225991520689,0.1031897021706983,0.018775192678388553,2651,45.0,Models/polyBERT/scaling_results/MD_5000/refractive_index/alternating_refractive_index/seed_42/train_3000/fold_03/metrics.json
polyBERT,MD_5000/refractive_index/alternating_refractive_index/seed_42,MD_5000,refractive_index,alternating,3000,4,test,0.12570451885527517,0.0954259656052102,0.01580162606063623,2651,46.0,Models/polyBERT/scaling_results/MD_5000/refractive_index/alternating_refractive_index/seed_42/train_3000/fold_04/metrics.json
polyBERT,MD_5000/refractive_index/alternating_refractive_index/seed_42,MD_5000,refractive_index,alternating,3000,4,train,0.09647020471703681,0.07471019351482391,0.00930650039814699,3000,46.0,Models/polyBERT/scaling_results/MD_5000/refractive_index/alternating_refractive_index/seed_42/train_3000/fold_04/metrics.json
polyBERT,MD_5000/refractive_index/alternating_refractive_index/seed_42,MD_5000,refractive_index,alternating,3000,4,val,0.12630775273349715,0.09649011905307547,0.015953648400586256,2651,46.0,Models/polyBERT/scaling_results/MD_5000/refractive_index/alternating_refractive_index/seed_42/train_3000/fold_04/metrics.json
polyBERT,MD_5000/refractive_index/alternating_refractive_index/seed_42,MD_5000,refractive_index,alternating,10000,0,test,0.12234253772039541,0.09017689306301604,0.014967696535866375,2651,42.0,Models/polyBERT/scaling_results/MD_5000/refractive_index/alternating_refractive_index/seed_42/train_10000/fold_00/metrics.json
polyBERT,MD_5000/refractive_index/alternating_refractive_index/seed_42,MD_5000,refractive_index,alternating,10000,0,train,0.08338445107792884,0.06259701172113419,0.0069529666815675096,10000,42.0,Models/polyBERT/scaling_results/MD_5000/refractive_index/alternating_refractive_index/seed_42/train_10000/fold_00/metrics.json
polyBERT,MD_5000/refractive_index/alternating_refractive_index/seed_42,MD_5000,refractive_index,alternating,10000,0,val,0.12331634862425266,0.08886153223108949,0.015206921838018219,2651,42.0,Models/polyBERT/scaling_results/MD_5000/refractive_index/alternating_refractive_index/seed_42/train_10000/fold_00/metrics.json
polyBERT,MD_5000/refractive_index/alternating_refractive_index/seed_42,MD_5000,refractive_index,alternating,10000,1,test,0.12007389652250083,0.0892015357864708,0.014417740626096237,2651,43.0,Models/polyBERT/scaling_results/MD_5000/refractive_index/alternating_refractive_index/seed_42/train_10000/fold_01/metrics.json
polyBERT,MD_5000/refractive_index/alternating_refractive_index/seed_42,MD_5000,refractive_index,alternating,10000,1,train,0.09346379262870008,0.07051518973112106,0.008735480532540653,10000,43.0,Models/polyBERT/scaling_results/MD_5000/refractive_index/alternating_refractive_index/seed_42/train_10000/fold_01/metrics.json
polyBERT,MD_5000/refractive_index/alternating_refractive_index/seed_42,MD_5000,refractive_index,alternating,10000,1,val,0.12210561629879098,0.09129924366762844,0.014909781531707569,2651,43.0,Models/polyBERT/scaling_results/MD_5000/refractive_index/alternating_refractive_index/seed_42/train_10000/fold_01/metrics.json
polyBERT,MD_5000/refractive_index/alternating_refractive_index/seed_42,MD_5000,refractive_index,alternating,10000,2,test,0.11775912163409762,0.08556500253745719,0.013867210728034199,2651,44.0,Models/polyBERT/scaling_results/MD_5000/refractive_index/alternating_refractive_index/seed_42/train_10000/fold_02/metrics.json
polyBERT,MD_5000/refractive_index/alternating_refractive_index/seed_42,MD_5000,refractive_index,alternating,10000,2,train,0.08971571210206367,0.06612757325172425,0.008048908997980374,10000,44.0,Models/polyBERT/scaling_results/MD_5000/refractive_index/alternating_refractive_index/seed_42/train_10000/fold_02/metrics.json
polyBERT,MD_5000/refractive_index/alternating_refractive_index/seed_42,MD_5000,refractive_index,alternating,10000,2,val,0.12001069080071132,0.08879620581022167,0.014402565906463936,2651,44.0,Models/polyBERT/scaling_results/MD_5000/refractive_index/alternating_refractive_index/seed_42/train_10000/fold_02/metrics.json
polyBERT,MD_5000/refractive_index/alternating_refractive_index/seed_42,MD_5000,refractive_index,alternating,10000,3,test,0.12231659988288678,0.093811339677302,0.014961350606910217,2651,45.0,Models/polyBERT/scaling_results/MD_5000/refractive_index/alternating_refractive_index/seed_42/train_10000/fold_03/metrics.json
polyBERT,MD_5000/refractive_index/alternating_refractive_index/seed_42,MD_5000,refractive_index,alternating,10000,3,train,0.10521700510616701,0.0806062906384468,0.011070618163511174,10000,45.0,Models/polyBERT/scaling_results/MD_5000/refractive_index/alternating_refractive_index/seed_42/train_10000/fold_03/metrics.json
polyBERT,MD_5000/refractive_index/alternating_refractive_index/seed_42,MD_5000,refractive_index,alternating,10000,3,val,0.1253171921646159,0.09552074778264354,0.015704398652023267,2651,45.0,Models/polyBERT/scaling_results/MD_5000/refractive_index/alternating_refractive_index/seed_42/train_10000/fold_03/metrics.json
polyBERT,MD_5000/refractive_index/alternating_refractive_index/seed_42,MD_5000,refractive_index,alternating,10000,4,test,0.11872090240383949,0.09037477765070721,0.014094652667581982,2651,46.0,Models/polyBERT/scaling_results/MD_5000/refractive_index/alternating_refractive_index/seed_42/train_10000/fold_04/metrics.json
polyBERT,MD_5000/refractive_index/alternating_refractive_index/seed_42,MD_5000,refractive_index,alternating,10000,4,train,0.10302900923747456,0.07930149122476578,0.010614976744455619,10000,46.0,Models/polyBERT/scaling_results/MD_5000/refractive_index/alternating_refractive_index/seed_42/train_10000/fold_04/metrics.json
polyBERT,MD_5000/refractive_index/alternating_refractive_index/seed_42,MD_5000,refractive_index,alternating,10000,4,val,0.11909379400677844,0.08984401913149678,0.014183331770928977,2651,46.0,Models/polyBERT/scaling_results/MD_5000/refractive_index/alternating_refractive_index/seed_42/train_10000/fold_04/metrics.json
polymer_chemprop,MD_5000/refractive_index/alternating_refractive_index/seed_42,MD_5000,refractive_index,alternating,300,0,test,0.11475114532017178,,,2651,,Models/polymer_chemprop/scaling_results/MD_5000/refractive_index/alternating_refractive_index/seed_42/train_300/fold_00/fold_0/test_scores.json
polymer_chemprop,MD_5000/refractive_index/alternating_refractive_index/seed_42,MD_5000,refractive_index,alternating,300,1,test,0.11131526428811722,,,2651,,Models/polymer_chemprop/scaling_results/MD_5000/refractive_index/alternating_refractive_index/seed_42/train_300/fold_01/fold_0/test_scores.json
polymer_chemprop,MD_5000/refractive_index/alternating_refractive_index/seed_42,MD_5000,refractive_index,alternating,300,2,test,0.11123809884880738,,,2651,,Models/polymer_chemprop/scaling_results/MD_5000/refractive_index/alternating_refractive_index/seed_42/train_300/fold_02/fold_0/test_scores.json
polymer_chemprop,MD_5000/refractive_index/alternating_refractive_index/seed_42,MD_5000,refractive_index,alternating,300,3,test,0.11454856752992994,,,2651,,Models/polymer_chemprop/scaling_results/MD_5000/refractive_index/alternating_refractive_index/seed_42/train_300/fold_03/fold_0/test_scores.json
polymer_chemprop,MD_5000/refractive_index/alternating_refractive_index/seed_42,MD_5000,refractive_index,alternating,300,4,test,0.11099820778529931,,,2651,,Models/polymer_chemprop/scaling_results/MD_5000/refractive_index/alternating_refractive_index/seed_42/train_300/fold_04/fold_0/test_scores.json
polymer_chemprop,MD_5000/refractive_index/alternating_refractive_index/seed_42,MD_5000,refractive_index,alternating,1000,0,test,0.11400268840954425,,,2651,,Models/polymer_chemprop/scaling_results/MD_5000/refractive_index/alternating_refractive_index/seed_42/train_1000/fold_00/fold_0/test_scores.json
polymer_chemprop,MD_5000/refractive_index/alternating_refractive_index/seed_42,MD_5000,refractive_index,alternating,1000,1,test,0.1107357280367886,,,2651,,Models/polymer_chemprop/scaling_results/MD_5000/refractive_index/alternating_refractive_index/seed_42/train_1000/fold_01/fold_0/test_scores.json
polymer_chemprop,MD_5000/refractive_index/alternating_refractive_index/seed_42,MD_5000,refractive_index,alternating,1000,2,test,0.10842558898518939,,,2651,,Models/polymer_chemprop/scaling_results/MD_5000/refractive_index/alternating_refractive_index/seed_42/train_1000/fold_02/fold_0/test_scores.json
polymer_chemprop,MD_5000/refractive_index/alternating_refractive_index/seed_42,MD_5000,refractive_index,alternating,1000,3,test,0.1098486182742545,,,2651,,Models/polymer_chemprop/scaling_results/MD_5000/refractive_index/alternating_refractive_index/seed_42/train_1000/fold_03/fold_0/test_scores.json
polymer_chemprop,MD_5000/refractive_index/alternating_refractive_index/seed_42,MD_5000,refractive_index,alternating,1000,4,test,0.10841398644017193,,,2651,,Models/polymer_chemprop/scaling_results/MD_5000/refractive_index/alternating_refractive_index/seed_42/train_1000/fold_04/fold_0/test_scores.json
polymer_chemprop,MD_5000/refractive_index/alternating_refractive_index/seed_42,MD_5000,refractive_index,alternating,3000,0,test,0.10986017060974841,,,2651,,Models/polymer_chemprop/scaling_results/MD_5000/refractive_index/alternating_refractive_index/seed_42/train_3000/fold_00/fold_0/test_scores.json
polymer_chemprop,MD_5000/refractive_index/alternating_refractive_index/seed_42,MD_5000,refractive_index,alternating,3000,1,test,0.10641696696277662,,,2651,,Models/polymer_chemprop/scaling_results/MD_5000/refractive_index/alternating_refractive_index/seed_42/train_3000/fold_01/fold_0/test_scores.json
polymer_chemprop,MD_5000/refractive_index/alternating_refractive_index/seed_42,MD_5000,refractive_index,alternating,3000,2,test,0.10119918111109687,,,2651,,Models/polymer_chemprop/scaling_results/MD_5000/refractive_index/alternating_refractive_index/seed_42/train_3000/fold_02/fold_0/test_scores.json
polymer_chemprop,MD_5000/refractive_index/alternating_refractive_index/seed_42,MD_5000,refractive_index,alternating,3000,3,test,0.10219000028123301,,,2651,,Models/polymer_chemprop/scaling_results/MD_5000/refractive_index/alternating_refractive_index/seed_42/train_3000/fold_03/fold_0/test_scores.json
polymer_chemprop,MD_5000/refractive_index/alternating_refractive_index/seed_42,MD_5000,refractive_index,alternating,3000,4,test,0.10168630250007304,,,2651,,Models/polymer_chemprop/scaling_results/MD_5000/refractive_index/alternating_refractive_index/seed_42/train_3000/fold_04/fold_0/test_scores.json
polymer_chemprop,MD_5000/refractive_index/alternating_refractive_index/seed_42,MD_5000,refractive_index,alternating,10000,0,test,0.07298088154194063,,,2651,,Models/polymer_chemprop/scaling_results/MD_5000/refractive_index/alternating_refractive_index/seed_42/train_10000/fold_00/fold_0/test_scores.json
polymer_chemprop,MD_5000/refractive_index/alternating_refractive_index/seed_42,MD_5000,refractive_index,alternating,10000,1,test,0.0653725642056916,,,2651,,Models/polymer_chemprop/scaling_results/MD_5000/refractive_index/alternating_refractive_index/seed_42/train_10000/fold_01/fold_0/test_scores.json
polymer_chemprop,MD_5000/refractive_index/alternating_refractive_index/seed_42,MD_5000,refractive_index,alternating,10000,2,test,0.06849667609257037,,,2651,,Models/polymer_chemprop/scaling_results/MD_5000/refractive_index/alternating_refractive_index/seed_42/train_10000/fold_02/fold_0/test_scores.json
polymer_chemprop,MD_5000/refractive_index/alternating_refractive_index/seed_42,MD_5000,refractive_index,alternating,10000,3,test,0.07019445071047727,,,2651,,Models/polymer_chemprop/scaling_results/MD_5000/refractive_index/alternating_refractive_index/seed_42/train_10000/fold_03/fold_0/test_scores.json
polymer_chemprop,MD_5000/refractive_index/alternating_refractive_index/seed_42,MD_5000,refractive_index,alternating,10000,4,test,0.0660101031318989,,,2651,,Models/polymer_chemprop/scaling_results/MD_5000/refractive_index/alternating_refractive_index/seed_42/train_10000/fold_04/fold_0/test_scores.json
polymer_periodic_graph,MD_5000/refractive_index/alternating_refractive_index/seed_42,MD_5000,refractive_index,alternating,300,0,test,0.11535198700455411,,,2651,,Models/polymer_periodic_graph/scaling_results/MD_5000/refractive_index/alternating_refractive_index/seed_42/train_300/fold_00/fold_0/test_scores.json
polymer_periodic_graph,MD_5000/refractive_index/alternating_refractive_index/seed_42,MD_5000,refractive_index,alternating,300,1,test,0.11176988616799649,,,2651,,Models/polymer_periodic_graph/scaling_results/MD_5000/refractive_index/alternating_refractive_index/seed_42/train_300/fold_01/fold_0/test_scores.json
polymer_periodic_graph,MD_5000/refractive_index/alternating_refractive_index/seed_42,MD_5000,refractive_index,alternating,300,2,test,0.11072827297554495,,,2651,,Models/polymer_periodic_graph/scaling_results/MD_5000/refractive_index/alternating_refractive_index/seed_42/train_300/fold_02/fold_0/test_scores.json
polymer_periodic_graph,MD_5000/refractive_index/alternating_refractive_index/seed_42,MD_5000,refractive_index,alternating,300,3,test,0.11338697981072202,,,2651,,Models/polymer_periodic_graph/scaling_results/MD_5000/refractive_index/alternating_refractive_index/seed_42/train_300/fold_03/fold_0/test_scores.json
polymer_periodic_graph,MD_5000/refractive_index/alternating_refractive_index/seed_42,MD_5000,refractive_index,alternating,300,4,test,0.11198875106133949,,,2651,,Models/polymer_periodic_graph/scaling_results/MD_5000/refractive_index/alternating_refractive_index/seed_42/train_300/fold_04/fold_0/test_scores.json
polymer_periodic_graph,MD_5000/refractive_index/alternating_refractive_index/seed_42,MD_5000,refractive_index,alternating,1000,0,test,0.11313242004863214,,,2651,,Models/polymer_periodic_graph/scaling_results/MD_5000/refractive_index/alternating_refractive_index/seed_42/train_1000/fold_00/fold_0/test_scores.json
polymer_periodic_graph,MD_5000/refractive_index/alternating_refractive_index/seed_42,MD_5000,refractive_index,alternating,1000,1,test,0.10714839369641704,,,2651,,Models/polymer_periodic_graph/scaling_results/MD_5000/refractive_index/alternating_refractive_index/seed_42/train_1000/fold_01/fold_0/test_scores.json
polymer_periodic_graph,MD_5000/refractive_index/alternating_refractive_index/seed_42,MD_5000,refractive_index,alternating,1000,2,test,0.10673137757962092,,,2651,,Models/polymer_periodic_graph/scaling_results/MD_5000/refractive_index/alternating_refractive_index/seed_42/train_1000/fold_02/fold_0/test_scores.json
polymer_periodic_graph,MD_5000/refractive_index/alternating_refractive_index/seed_42,MD_5000,refractive_index,alternating,1000,3,test,0.10775340733671124,,,2651,,Models/polymer_periodic_graph/scaling_results/MD_5000/refractive_index/alternating_refractive_index/seed_42/train_1000/fold_03/fold_0/test_scores.json
polymer_periodic_graph,MD_5000/refractive_index/alternating_refractive_index/seed_42,MD_5000,refractive_index,alternating,1000,4,test,0.10920870123095129,,,2651,,Models/polymer_periodic_graph/scaling_results/MD_5000/refractive_index/alternating_refractive_index/seed_42/train_1000/fold_04/fold_0/test_scores.json
polymer_periodic_graph,MD_5000/refractive_index/alternating_refractive_index/seed_42,MD_5000,refractive_index,alternating,3000,0,test,0.0939989426797196,,,2651,,Models/polymer_periodic_graph/scaling_results/MD_5000/refractive_index/alternating_refractive_index/seed_42/train_3000/fold_00/fold_0/test_scores.json
polymer_periodic_graph,MD_5000/refractive_index/alternating_refractive_index/seed_42,MD_5000,refractive_index,alternating,3000,1,test,0.09299316044440112,,,2651,,Models/polymer_periodic_graph/scaling_results/MD_5000/refractive_index/alternating_refractive_index/seed_42/train_3000/fold_01/fold_0/test_scores.json
polymer_periodic_graph,MD_5000/refractive_index/alternating_refractive_index/seed_42,MD_5000,refractive_index,alternating,3000,2,test,0.08748582415357904,,,2651,,Models/polymer_periodic_graph/scaling_results/MD_5000/refractive_index/alternating_refractive_index/seed_42/train_3000/fold_02/fold_0/test_scores.json
polymer_periodic_graph,MD_5000/refractive_index/alternating_refractive_index/seed_42,MD_5000,refractive_index,alternating,3000,3,test,0.08845038440342556,,,2651,,Models/polymer_periodic_graph/scaling_results/MD_5000/refractive_index/alternating_refractive_index/seed_42/train_3000/fold_03/fold_0/test_scores.json
polymer_periodic_graph,MD_5000/refractive_index/alternating_refractive_index/seed_42,MD_5000,refractive_index,alternating,3000,4,test,0.0899140965863722,,,2651,,Models/polymer_periodic_graph/scaling_results/MD_5000/refractive_index/alternating_refractive_index/seed_42/train_3000/fold_04/fold_0/test_scores.json
polymer_periodic_graph,MD_5000/refractive_index/alternating_refractive_index/seed_42,MD_5000,refractive_index,alternating,10000,0,test,0.06861568480599788,,,2651,,Models/polymer_periodic_graph/scaling_results/MD_5000/refractive_index/alternating_refractive_index/seed_42/train_10000/fold_00/fold_0/test_scores.json
polymer_periodic_graph,MD_5000/refractive_index/alternating_refractive_index/seed_42,MD_5000,refractive_index,alternating,10000,1,test,0.06898988175693002,,,2651,,Models/polymer_periodic_graph/scaling_results/MD_5000/refractive_index/alternating_refractive_index/seed_42/train_10000/fold_01/fold_0/test_scores.json
polymer_periodic_graph,MD_5000/refractive_index/alternating_refractive_index/seed_42,MD_5000,refractive_index,alternating,10000,2,test,0.0660438355580661,,,2651,,Models/polymer_periodic_graph/scaling_results/MD_5000/refractive_index/alternating_refractive_index/seed_42/train_10000/fold_02/fold_0/test_scores.json
polymer_periodic_graph,MD_5000/refractive_index/alternating_refractive_index/seed_42,MD_5000,refractive_index,alternating,10000,3,test,0.0658722391450214,,,2651,,Models/polymer_periodic_graph/scaling_results/MD_5000/refractive_index/alternating_refractive_index/seed_42/train_10000/fold_03/fold_0/test_scores.json
polymer_periodic_graph,MD_5000/refractive_index/alternating_refractive_index/seed_42,MD_5000,refractive_index,alternating,10000,4,test,0.06725178867580527,,,2651,,Models/polymer_periodic_graph/scaling_results/MD_5000/refractive_index/alternating_refractive_index/seed_42/train_10000/fold_04/fold_0/test_scores.json
RDKit_RF,MD_5000/refractive_index/homopolymer_refractive_index/seed_42,MD_5000,refractive_index,homopolymer,300,0,test,0.032003843472801226,0.024162591229214436,0.0010242459970315615,172,42.0,Models/RDKit_RF/scaling_results/MD_5000/refractive_index/homopolymer_refractive_index/seed_42/train_300/fold_00/metrics.json
RDKit_RF,MD_5000/refractive_index/homopolymer_refractive_index/seed_42,MD_5000,refractive_index,homopolymer,300,0,train,0.01213674679435146,0.008863565371467277,0.00014730062275020045,300,42.0,Models/RDKit_RF/scaling_results/MD_5000/refractive_index/homopolymer_refractive_index/seed_42/train_300/fold_00/metrics.json
RDKit_RF,MD_5000/refractive_index/homopolymer_refractive_index/seed_42,MD_5000,refractive_index,homopolymer,300,0,val,0.030926365693436056,0.02198518449097732,0.0009564400950041386,172,42.0,Models/RDKit_RF/scaling_results/MD_5000/refractive_index/homopolymer_refractive_index/seed_42/train_300/fold_00/metrics.json
RDKit_RF,MD_5000/refractive_index/homopolymer_refractive_index/seed_42,MD_5000,refractive_index,homopolymer,300,1,test,0.03083567485121395,0.023407746328781846,0.0009508388435297885,172,43.0,Models/RDKit_RF/scaling_results/MD_5000/refractive_index/homopolymer_refractive_index/seed_42/train_300/fold_01/metrics.json
RDKit_RF,MD_5000/refractive_index/homopolymer_refractive_index/seed_42,MD_5000,refractive_index,homopolymer,300,1,train,0.011285278294258148,0.008175831833092229,0.0001273575061788541,300,43.0,Models/RDKit_RF/scaling_results/MD_5000/refractive_index/homopolymer_refractive_index/seed_42/train_300/fold_01/metrics.json
RDKit_RF,MD_5000/refractive_index/homopolymer_refractive_index/seed_42,MD_5000,refractive_index,homopolymer,300,1,val,0.034111508173365154,0.02325165434353127,0.001163594989861558,172,43.0,Models/RDKit_RF/scaling_results/MD_5000/refractive_index/homopolymer_refractive_index/seed_42/train_300/fold_01/metrics.json
RDKit_RF,MD_5000/refractive_index/homopolymer_refractive_index/seed_42,MD_5000,refractive_index,homopolymer,300,2,test,0.03321604782705448,0.02451871950755857,0.0011033058332491704,172,44.0,Models/RDKit_RF/scaling_results/MD_5000/refractive_index/homopolymer_refractive_index/seed_42/train_300/fold_02/metrics.json
RDKit_RF,MD_5000/refractive_index/homopolymer_refractive_index/seed_42,MD_5000,refractive_index,homopolymer,300,2,train,0.00978515690067892,0.007390226077924466,9.57492955709043e-05,300,44.0,Models/RDKit_RF/scaling_results/MD_5000/refractive_index/homopolymer_refractive_index/seed_42/train_300/fold_02/metrics.json
RDKit_RF,MD_5000/refractive_index/homopolymer_refractive_index/seed_42,MD_5000,refractive_index,homopolymer,300,2,val,0.03137077562569929,0.024201349855994755,0.0009841255633579685,172,44.0,Models/RDKit_RF/scaling_results/MD_5000/refractive_index/homopolymer_refractive_index/seed_42/train_300/fold_02/metrics.json
RDKit_RF,MD_5000/refractive_index/homopolymer_refractive_index/seed_42,MD_5000,refractive_index,homopolymer,300,3,test,0.029209063141707285,0.0216019417683215,0.000853169369616243,172,45.0,Models/RDKit_RF/scaling_results/MD_5000/refractive_index/homopolymer_refractive_index/seed_42/train_300/fold_03/metrics.json
RDKit_RF,MD_5000/refractive_index/homopolymer_refractive_index/seed_42,MD_5000,refractive_index,homopolymer,300,3,train,0.011774749749507709,0.008397306926953127,0.00013864473166353184,300,45.0,Models/RDKit_RF/scaling_results/MD_5000/refractive_index/homopolymer_refractive_index/seed_42/train_300/fold_03/metrics.json
RDKit_RF,MD_5000/refractive_index/homopolymer_refractive_index/seed_42,MD_5000,refractive_index,homopolymer,300,3,val,0.030071162014944353,0.02225524818617557,0.0009042747849290321,172,45.0,Models/RDKit_RF/scaling_results/MD_5000/refractive_index/homopolymer_refractive_index/seed_42/train_300/fold_03/metrics.json
RDKit_RF,MD_5000/refractive_index/homopolymer_refractive_index/seed_42,MD_5000,refractive_index,homopolymer,300,4,test,0.02874848299973613,0.021353895138447435,0.0008264752747861173,172,46.0,Models/RDKit_RF/scaling_results/MD_5000/refractive_index/homopolymer_refractive_index/seed_42/train_300/fold_04/metrics.json
RDKit_RF,MD_5000/refractive_index/homopolymer_refractive_index/seed_42,MD_5000,refractive_index,homopolymer,300,4,train,0.011943396357992362,0.008540708284709,0.0001426447165641052,300,46.0,Models/RDKit_RF/scaling_results/MD_5000/refractive_index/homopolymer_refractive_index/seed_42/train_300/fold_04/metrics.json
RDKit_RF,MD_5000/refractive_index/homopolymer_refractive_index/seed_42,MD_5000,refractive_index,homopolymer,300,4,val,0.03169721980967192,0.022717119919333395,0.0010047137436626579,172,46.0,Models/RDKit_RF/scaling_results/MD_5000/refractive_index/homopolymer_refractive_index/seed_42/train_300/fold_04/metrics.json
RDKit_RF,MD_5000/refractive_index/homopolymer_refractive_index/seed_42,MD_5000,refractive_index,homopolymer,1000,0,test,0.026550664634644745,0.018253652687212196,0.0007049377925413751,172,42.0,Models/RDKit_RF/scaling_results/MD_5000/refractive_index/homopolymer_refractive_index/seed_42/train_1000/fold_00/metrics.json
RDKit_RF,MD_5000/refractive_index/homopolymer_refractive_index/seed_42,MD_5000,refractive_index,homopolymer,1000,0,train,0.00957640229392844,0.006614757057172207,9.170748089515788e-05,1000,42.0,Models/RDKit_RF/scaling_results/MD_5000/refractive_index/homopolymer_refractive_index/seed_42/train_1000/fold_00/metrics.json
RDKit_RF,MD_5000/refractive_index/homopolymer_refractive_index/seed_42,MD_5000,refractive_index,homopolymer,1000,0,val,0.022095245268692998,0.0155944297887431,0.00048819986348370027,172,42.0,Models/RDKit_RF/scaling_results/MD_5000/refractive_index/homopolymer_refractive_index/seed_42/train_1000/fold_00/metrics.json
RDKit_RF,MD_5000/refractive_index/homopolymer_refractive_index/seed_42,MD_5000,refractive_index,homopolymer,1000,1,test,0.023537089289140504,0.01701088873283301,0.0005539945722049726,172,43.0,Models/RDKit_RF/scaling_results/MD_5000/refractive_index/homopolymer_refractive_index/seed_42/train_1000/fold_01/metrics.json
RDKit_RF,MD_5000/refractive_index/homopolymer_refractive_index/seed_42,MD_5000,refractive_index,homopolymer,1000,1,train,0.009754310366037616,0.0064540972156209514,9.514657071698889e-05,1000,43.0,Models/RDKit_RF/scaling_results/MD_5000/refractive_index/homopolymer_refractive_index/seed_42/train_1000/fold_01/metrics.json
RDKit_RF,MD_5000/refractive_index/homopolymer_refractive_index/seed_42,MD_5000,refractive_index,homopolymer,1000,1,val,0.024605858354680668,0.017421990216807723,0.0006054482653706085,172,43.0,Models/RDKit_RF/scaling_results/MD_5000/refractive_index/homopolymer_refractive_index/seed_42/train_1000/fold_01/metrics.json
RDKit_RF,MD_5000/refractive_index/homopolymer_refractive_index/seed_42,MD_5000,refractive_index,homopolymer,1000,2,test,0.027088135056500335,0.018911706473659393,0.0007337670608392024,172,44.0,Models/RDKit_RF/scaling_results/MD_5000/refractive_index/homopolymer_refractive_index/seed_42/train_1000/fold_02/metrics.json
RDKit_RF,MD_5000/refractive_index/homopolymer_refractive_index/seed_42,MD_5000,refractive_index,homopolymer,1000,2,train,0.009538149125022434,0.006540818701590778,9.097628873116622e-05,1000,44.0,Models/RDKit_RF/scaling_results/MD_5000/refractive_index/homopolymer_refractive_index/seed_42/train_1000/fold_02/metrics.json
RDKit_RF,MD_5000/refractive_index/homopolymer_refractive_index/seed_42,MD_5000,refractive_index,homopolymer,1000,2,val,0.024111050181310063,0.01802131785288696,0.000581342740845652,172,44.0,Models/RDKit_RF/scaling_results/MD_5000/refractive_index/homopolymer_refractive_index/seed_42/train_1000/fold_02/metrics.json
RDKit_RF,MD_5000/refractive_index/homopolymer_refractive_index/seed_42,MD_5000,refractive_index,homopolymer,1000,3,test,0.023453143731214033,0.017733969792443037,0.0005500499508769841,172,45.0,Models/RDKit_RF/scaling_results/MD_5000/refractive_index/homopolymer_refractive_index/seed_42/train_1000/fold_03/metrics.json
RDKit_RF,MD_5000/refractive_index/homopolymer_refractive_index/seed_42,MD_5000,refractive_index,homopolymer,1000,3,train,0.009877567454489198,0.006870635166482629,9.756633881798422e-05,1000,45.0,Models/RDKit_RF/scaling_results/MD_5000/refractive_index/homopolymer_refractive_index/seed_42/train_1000/fold_03/metrics.json
RDKit_RF,MD_5000/refractive_index/homopolymer_refractive_index/seed_42,MD_5000,refractive_index,homopolymer,1000,3,val,0.024052726391228303,0.01762489837901241,0.0005785336468512905,172,45.0,Models/RDKit_RF/scaling_results/MD_5000/refractive_index/homopolymer_refractive_index/seed_42/train_1000/fold_03/metrics.json
RDKit_RF,MD_5000/refractive_index/homopolymer_refractive_index/seed_42,MD_5000,refractive_index,homopolymer,1000,4,test,0.02424434199064228,0.017100204204811925,0.0005877881185592205,172,46.0,Models/RDKit_RF/scaling_results/MD_5000/refractive_index/homopolymer_refractive_index/seed_42/train_1000/fold_04/metrics.json
RDKit_RF,MD_5000/refractive_index/homopolymer_refractive_index/seed_42,MD_5000,refractive_index,homopolymer,1000,4,train,0.009124357692393706,0.006325373498520202,8.32539032987442e-05,1000,46.0,Models/RDKit_RF/scaling_results/MD_5000/refractive_index/homopolymer_refractive_index/seed_42/train_1000/fold_04/metrics.json
RDKit_RF,MD_5000/refractive_index/homopolymer_refractive_index/seed_42,MD_5000,refractive_index,homopolymer,1000,4,val,0.02731074457025748,0.019750816581676954,0.0007458767689818485,172,46.0,Models/RDKit_RF/scaling_results/MD_5000/refractive_index/homopolymer_refractive_index/seed_42/train_1000/fold_04/metrics.json
polyBERT,MD_5000/refractive_index/homopolymer_refractive_index/seed_42,MD_5000,refractive_index,homopolymer,300,0,test,0.12967553917905647,0.09918900492579438,0.01681574546137901,172,42.0,Models/polyBERT/scaling_results/MD_5000/refractive_index/homopolymer_refractive_index/seed_42/train_300/fold_00/metrics.json
polyBERT,MD_5000/refractive_index/homopolymer_refractive_index/seed_42,MD_5000,refractive_index,homopolymer,300,0,train,0.009413026795029516,0.007329470316569011,8.860507344394364e-05,300,42.0,Models/polyBERT/scaling_results/MD_5000/refractive_index/homopolymer_refractive_index/seed_42/train_300/fold_00/metrics.json
polyBERT,MD_5000/refractive_index/homopolymer_refractive_index/seed_42,MD_5000,refractive_index,homopolymer,300,0,val,0.14151214504577309,0.10600671865219294,0.02002568719545592,172,42.0,Models/polyBERT/scaling_results/MD_5000/refractive_index/homopolymer_refractive_index/seed_42/train_300/fold_00/metrics.json
polyBERT,MD_5000/refractive_index/homopolymer_refractive_index/seed_42,MD_5000,refractive_index,homopolymer,300,1,test,0.11893880014625798,0.0927065278208533,0.014146438180231497,172,43.0,Models/polyBERT/scaling_results/MD_5000/refractive_index/homopolymer_refractive_index/seed_42/train_300/fold_01/metrics.json
polyBERT,MD_5000/refractive_index/homopolymer_refractive_index/seed_42,MD_5000,refractive_index,homopolymer,300,1,train,0.010472515463333795,0.007671354611714681,0.00010967358012976547,300,43.0,Models/polyBERT/scaling_results/MD_5000/refractive_index/homopolymer_refractive_index/seed_42/train_300/fold_01/metrics.json
polyBERT,MD_5000/refractive_index/homopolymer_refractive_index/seed_42,MD_5000,refractive_index,homopolymer,300,1,val,0.12641020901863895,0.09561203870662423,0.01597954094413599,172,43.0,Models/polyBERT/scaling_results/MD_5000/refractive_index/homopolymer_refractive_index/seed_42/train_300/fold_01/metrics.json
polyBERT,MD_5000/refractive_index/homopolymer_refractive_index/seed_42,MD_5000,refractive_index,homopolymer,300,2,test,0.13584651649007304,0.09997711036094399,0.018454276042487686,172,44.0,Models/polyBERT/scaling_results/MD_5000/refractive_index/homopolymer_refractive_index/seed_42/train_300/fold_02/metrics.json
polyBERT,MD_5000/refractive_index/homopolymer_refractive_index/seed_42,MD_5000,refractive_index,homopolymer,300,2,train,0.0059137274236701395,0.003992365598678589,3.497217204146826e-05,300,44.0,Models/polyBERT/scaling_results/MD_5000/refractive_index/homopolymer_refractive_index/seed_42/train_300/fold_02/metrics.json
polyBERT,MD_5000/refractive_index/homopolymer_refractive_index/seed_42,MD_5000,refractive_index,homopolymer,300,2,val,0.12949102356250664,0.09559661011363185,0.01676792518326565,172,44.0,Models/polyBERT/scaling_results/MD_5000/refractive_index/homopolymer_refractive_index/seed_42/train_300/fold_02/metrics.json
polyBERT,MD_5000/refractive_index/homopolymer_refractive_index/seed_42,MD_5000,refractive_index,homopolymer,300,3,test,0.1250435451192418,0.09589397214179815,0.01563588817598786,172,45.0,Models/polyBERT/scaling_results/MD_5000/refractive_index/homopolymer_refractive_index/seed_42/train_300/fold_03/metrics.json
polyBERT,MD_5000/refractive_index/homopolymer_refractive_index/seed_42,MD_5000,refractive_index,homopolymer,300,3,train,0.030025377207534697,0.024157514572143556,0.000901523276454744,300,45.0,Models/polyBERT/scaling_results/MD_5000/refractive_index/homopolymer_refractive_index/seed_42/train_300/fold_03/metrics.json
polyBERT,MD_5000/refractive_index/homopolymer_refractive_index/seed_42,MD_5000,refractive_index,homopolymer,300,3,val,0.1211034444231536,0.08976444809935814,0.014666044251151854,172,45.0,Models/polyBERT/scaling_results/MD_5000/refractive_index/homopolymer_refractive_index/seed_42/train_300/fold_03/metrics.json
polyBERT,MD_5000/refractive_index/homopolymer_refractive_index/seed_42,MD_5000,refractive_index,homopolymer,300,4,test,0.1385836607685115,0.1063296683998995,0.019205431032001872,172,46.0,Models/polyBERT/scaling_results/MD_5000/refractive_index/homopolymer_refractive_index/seed_42/train_300/fold_04/metrics.json
polyBERT,MD_5000/refractive_index/homopolymer_refractive_index/seed_42,MD_5000,refractive_index,homopolymer,300,4,train,0.006028159090354241,0.004210540056228638,3.633870201862048e-05,300,46.0,Models/polyBERT/scaling_results/MD_5000/refractive_index/homopolymer_refractive_index/seed_42/train_300/fold_04/metrics.json
polyBERT,MD_5000/refractive_index/homopolymer_refractive_index/seed_42,MD_5000,refractive_index,homopolymer,300,4,val,0.13651865920157444,0.10597764059554698,0.018637344310195626,172,46.0,Models/polyBERT/scaling_results/MD_5000/refractive_index/homopolymer_refractive_index/seed_42/train_300/fold_04/metrics.json
polyBERT,MD_5000/refractive_index/homopolymer_refractive_index/seed_42,MD_5000,refractive_index,homopolymer,1000,0,test,0.0753375023824498,0.05546752727308939,0.005675739265225629,172,42.0,Models/polyBERT/scaling_results/MD_5000/refractive_index/homopolymer_refractive_index/seed_42/train_1000/fold_00/metrics.json
polyBERT,MD_5000/refractive_index/homopolymer_refractive_index/seed_42,MD_5000,refractive_index,homopolymer,1000,0,train,0.007424840782232977,0.005919880390167236,5.5128260641509994e-05,1000,42.0,Models/polyBERT/scaling_results/MD_5000/refractive_index/homopolymer_refractive_index/seed_42/train_1000/fold_00/metrics.json
polyBERT,MD_5000/refractive_index/homopolymer_refractive_index/seed_42,MD_5000,refractive_index,homopolymer,1000,0,val,0.081533746405187,0.05881574056869329,0.006647751802865344,172,42.0,Models/polyBERT/scaling_results/MD_5000/refractive_index/homopolymer_refractive_index/seed_42/train_1000/fold_00/metrics.json
polyBERT,MD_5000/refractive_index/homopolymer_refractive_index/seed_42,MD_5000,refractive_index,homopolymer,1000,1,test,0.07789112129620619,0.05968409915303075,0.0060670267767803055,172,43.0,Models/polyBERT/scaling_results/MD_5000/refractive_index/homopolymer_refractive_index/seed_42/train_1000/fold_01/metrics.json
polyBERT,MD_5000/refractive_index/homopolymer_refractive_index/seed_42,MD_5000,refractive_index,homopolymer,1000,1,train,0.0040399930273164785,0.0031744178533554077,1.6321543660765768e-05,1000,43.0,Models/polyBERT/scaling_results/MD_5000/refractive_index/homopolymer_refractive_index/seed_42/train_1000/fold_01/metrics.json
polyBERT,MD_5000/refractive_index/homopolymer_refractive_index/seed_42,MD_5000,refractive_index,homopolymer,1000,1,val,0.08546089903627281,0.06067709104959355,0.007303565264088015,172,43.0,Models/polyBERT/scaling_results/MD_5000/refractive_index/homopolymer_refractive_index/seed_42/train_1000/fold_01/metrics.json
polyBERT,MD_5000/refractive_index/homopolymer_refractive_index/seed_42,MD_5000,refractive_index,homopolymer,1000,2,test,0.07474247717039721,0.05920850121697714,0.005586437893567347,172,44.0,Models/polyBERT/scaling_results/MD_5000/refractive_index/homopolymer_refractive_index/seed_42/train_1000/fold_02/metrics.json
polyBERT,MD_5000/refractive_index/homopolymer_refractive_index/seed_42,MD_5000,refractive_index,homopolymer,1000,2,train,0.0020304622124026994,0.0013847793340682982,4.122776795995264e-06,1000,44.0,Models/polyBERT/scaling_results/MD_5000/refractive_index/homopolymer_refractive_index/seed_42/train_1000/fold_02/metrics.json
polyBERT,MD_5000/refractive_index/homopolymer_refractive_index/seed_42,MD_5000,refractive_index,homopolymer,1000,2,val,0.08374544748293271,0.06134108540623687,0.00701329997411664,172,44.0,Models/polyBERT/scaling_results/MD_5000/refractive_index/homopolymer_refractive_index/seed_42/train_1000/fold_02/metrics.json
polyBERT,MD_5000/refractive_index/homopolymer_refractive_index/seed_42,MD_5000,refractive_index,homopolymer,1000,3,test,0.08414303872920845,0.06401420124741487,0.0070800509665850725,172,45.0,Models/polyBERT/scaling_results/MD_5000/refractive_index/homopolymer_refractive_index/seed_42/train_1000/fold_03/metrics.json
polyBERT,MD_5000/refractive_index/homopolymer_refractive_index/seed_42,MD_5000,refractive_index,homopolymer,1000,3,train,0.00755887337968883,0.005992953062057495,5.7136566770168426e-05,1000,45.0,Models/polyBERT/scaling_results/MD_5000/refractive_index/homopolymer_refractive_index/seed_42/train_1000/fold_03/metrics.json
polyBERT,MD_5000/refractive_index/homopolymer_refractive_index/seed_42,MD_5000,refractive_index,homopolymer,1000,3,val,0.08586092570546876,0.059662061375240945,0.0073720985630000265,172,45.0,Models/polyBERT/scaling_results/MD_5000/refractive_index/homopolymer_refractive_index/seed_42/train_1000/fold_03/metrics.json
polyBERT,MD_5000/refractive_index/homopolymer_refractive_index/seed_42,MD_5000,refractive_index,homopolymer,1000,4,test,0.07666613144571688,0.05898216713306516,0.0058776957108519386,172,46.0,Models/polyBERT/scaling_results/MD_5000/refractive_index/homopolymer_refractive_index/seed_42/train_1000/fold_04/metrics.json
polyBERT,MD_5000/refractive_index/homopolymer_refractive_index/seed_42,MD_5000,refractive_index,homopolymer,1000,4,train,0.00959183670488271,0.007631365180015564,9.200333137313521e-05,1000,46.0,Models/polyBERT/scaling_results/MD_5000/refractive_index/homopolymer_refractive_index/seed_42/train_1000/fold_04/metrics.json
polyBERT,MD_5000/refractive_index/homopolymer_refractive_index/seed_42,MD_5000,refractive_index,homopolymer,1000,4,val,0.08261120153333416,0.061028841623040134,0.006824610618781154,172,46.0,Models/polyBERT/scaling_results/MD_5000/refractive_index/homopolymer_refractive_index/seed_42/train_1000/fold_04/metrics.json
polymer_chemprop,MD_5000/refractive_index/homopolymer_refractive_index/seed_42,MD_5000,refractive_index,homopolymer,300,0,test,0.025925417311109245,,,172,,Models/polymer_chemprop/scaling_results/MD_5000/refractive_index/homopolymer_refractive_index/seed_42/train_300/fold_00/fold_0/test_scores.json
polymer_chemprop,MD_5000/refractive_index/homopolymer_refractive_index/seed_42,MD_5000,refractive_index,homopolymer,300,1,test,0.020987185525208465,,,172,,Models/polymer_chemprop/scaling_results/MD_5000/refractive_index/homopolymer_refractive_index/seed_42/train_300/fold_01/fold_0/test_scores.json
polymer_chemprop,MD_5000/refractive_index/homopolymer_refractive_index/seed_42,MD_5000,refractive_index,homopolymer,300,2,test,0.02909244580860148,,,172,,Models/polymer_chemprop/scaling_results/MD_5000/refractive_index/homopolymer_refractive_index/seed_42/train_300/fold_02/fold_0/test_scores.json
polymer_chemprop,MD_5000/refractive_index/homopolymer_refractive_index/seed_42,MD_5000,refractive_index,homopolymer,300,3,test,0.026815916469867744,,,172,,Models/polymer_chemprop/scaling_results/MD_5000/refractive_index/homopolymer_refractive_index/seed_42/train_300/fold_03/fold_0/test_scores.json
polymer_chemprop,MD_5000/refractive_index/homopolymer_refractive_index/seed_42,MD_5000,refractive_index,homopolymer,300,4,test,0.02424903765667076,,,172,,Models/polymer_chemprop/scaling_results/MD_5000/refractive_index/homopolymer_refractive_index/seed_42/train_300/fold_04/fold_0/test_scores.json
polymer_chemprop,MD_5000/refractive_index/homopolymer_refractive_index/seed_42,MD_5000,refractive_index,homopolymer,1000,0,test,0.02124147910967847,,,172,,Models/polymer_chemprop/scaling_results/MD_5000/refractive_index/homopolymer_refractive_index/seed_42/train_1000/fold_00/fold_0/test_scores.json
polymer_chemprop,MD_5000/refractive_index/homopolymer_refractive_index/seed_42,MD_5000,refractive_index,homopolymer,1000,1,test,0.016428100344584032,,,172,,Models/polymer_chemprop/scaling_results/MD_5000/refractive_index/homopolymer_refractive_index/seed_42/train_1000/fold_01/fold_0/test_scores.json
polymer_chemprop,MD_5000/refractive_index/homopolymer_refractive_index/seed_42,MD_5000,refractive_index,homopolymer,1000,2,test,0.023536841058161905,,,172,,Models/polymer_chemprop/scaling_results/MD_5000/refractive_index/homopolymer_refractive_index/seed_42/train_1000/fold_02/fold_0/test_scores.json
polymer_chemprop,MD_5000/refractive_index/homopolymer_refractive_index/seed_42,MD_5000,refractive_index,homopolymer,1000,3,test,0.021493148865762816,,,172,,Models/polymer_chemprop/scaling_results/MD_5000/refractive_index/homopolymer_refractive_index/seed_42/train_1000/fold_03/fold_0/test_scores.json
polymer_chemprop,MD_5000/refractive_index/homopolymer_refractive_index/seed_42,MD_5000,refractive_index,homopolymer,1000,4,test,0.019961763118806878,,,172,,Models/polymer_chemprop/scaling_results/MD_5000/refractive_index/homopolymer_refractive_index/seed_42/train_1000/fold_04/fold_0/test_scores.json
polymer_periodic_graph,MD_5000/refractive_index/homopolymer_refractive_index/seed_42,MD_5000,refractive_index,homopolymer,300,0,test,0.024347086296249605,,,172,,Models/polymer_periodic_graph/scaling_results/MD_5000/refractive_index/homopolymer_refractive_index/seed_42/train_300/fold_00/fold_0/test_scores.json
polymer_periodic_graph,MD_5000/refractive_index/homopolymer_refractive_index/seed_42,MD_5000,refractive_index,homopolymer,300,1,test,0.019637374705826837,,,172,,Models/polymer_periodic_graph/scaling_results/MD_5000/refractive_index/homopolymer_refractive_index/seed_42/train_300/fold_01/fold_0/test_scores.json
polymer_periodic_graph,MD_5000/refractive_index/homopolymer_refractive_index/seed_42,MD_5000,refractive_index,homopolymer,300,2,test,0.02699565189788901,,,172,,Models/polymer_periodic_graph/scaling_results/MD_5000/refractive_index/homopolymer_refractive_index/seed_42/train_300/fold_02/fold_0/test_scores.json
polymer_periodic_graph,MD_5000/refractive_index/homopolymer_refractive_index/seed_42,MD_5000,refractive_index,homopolymer,300,3,test,0.02352702508256817,,,172,,Models/polymer_periodic_graph/scaling_results/MD_5000/refractive_index/homopolymer_refractive_index/seed_42/train_300/fold_03/fold_0/test_scores.json
polymer_periodic_graph,MD_5000/refractive_index/homopolymer_refractive_index/seed_42,MD_5000,refractive_index,homopolymer,300,4,test,0.021395151827495126,,,172,,Models/polymer_periodic_graph/scaling_results/MD_5000/refractive_index/homopolymer_refractive_index/seed_42/train_300/fold_04/fold_0/test_scores.json
polymer_periodic_graph,MD_5000/refractive_index/homopolymer_refractive_index/seed_42,MD_5000,refractive_index,homopolymer,1000,0,test,0.01860357271187339,,,172,,Models/polymer_periodic_graph/scaling_results/MD_5000/refractive_index/homopolymer_refractive_index/seed_42/train_1000/fold_00/fold_0/test_scores.json
polymer_periodic_graph,MD_5000/refractive_index/homopolymer_refractive_index/seed_42,MD_5000,refractive_index,homopolymer,1000,1,test,0.017000205179117836,,,172,,Models/polymer_periodic_graph/scaling_results/MD_5000/refractive_index/homopolymer_refractive_index/seed_42/train_1000/fold_01/fold_0/test_scores.json
polymer_periodic_graph,MD_5000/refractive_index/homopolymer_refractive_index/seed_42,MD_5000,refractive_index,homopolymer,1000,2,test,0.018779675402414233,,,172,,Models/polymer_periodic_graph/scaling_results/MD_5000/refractive_index/homopolymer_refractive_index/seed_42/train_1000/fold_02/fold_0/test_scores.json
polymer_periodic_graph,MD_5000/refractive_index/homopolymer_refractive_index/seed_42,MD_5000,refractive_index,homopolymer,1000,3,test,0.019536396529423888,,,172,,Models/polymer_periodic_graph/scaling_results/MD_5000/refractive_index/homopolymer_refractive_index/seed_42/train_1000/fold_03/fold_0/test_scores.json
polymer_periodic_graph,MD_5000/refractive_index/homopolymer_refractive_index/seed_42,MD_5000,refractive_index,homopolymer,1000,4,test,0.016817399640166923,,,172,,Models/polymer_periodic_graph/scaling_results/MD_5000/refractive_index/homopolymer_refractive_index/seed_42/train_1000/fold_04/fold_0/test_scores.json
RDKit_RF,PolyMetriX/Tg/Tg/seed_42,PolyMetriX,Tg,homopolymer,300,0,test,58.06606225787156,42.76393554952521,3371.667586135016,737,42.0,Models/RDKit_RF/scaling_results/PolyMetriX/Tg/Tg/seed_42/train_300/fold_00/metrics.json
RDKit_RF,PolyMetriX/Tg/Tg/seed_42,PolyMetriX,Tg,homopolymer,300,0,train,21.92999547370368,15.754945000000031,480.92470147666387,300,42.0,Models/RDKit_RF/scaling_results/PolyMetriX/Tg/Tg/seed_42/train_300/fold_00/metrics.json
RDKit_RF,PolyMetriX/Tg/Tg/seed_42,PolyMetriX,Tg,homopolymer,300,0,val,54.58117311594988,41.61546031207605,2979.1044587132897,737,42.0,Models/RDKit_RF/scaling_results/PolyMetriX/Tg/Tg/seed_42/train_300/fold_00/metrics.json
RDKit_RF,PolyMetriX/Tg/Tg/seed_42,PolyMetriX,Tg,homopolymer,300,1,test,55.569152712793255,42.15349240162817,3087.9307332177377,737,43.0,Models/RDKit_RF/scaling_results/PolyMetriX/Tg/Tg/seed_42/train_300/fold_01/metrics.json
RDKit_RF,PolyMetriX/Tg/Tg/seed_42,PolyMetriX,Tg,homopolymer,300,1,train,20.515662002061507,15.481596333333309,420.8923873828304,300,43.0,Models/RDKit_RF/scaling_results/PolyMetriX/Tg/Tg/seed_42/train_300/fold_01/metrics.json
RDKit_RF,PolyMetriX/Tg/Tg/seed_42,PolyMetriX,Tg,homopolymer,300,1,val,58.383412409533555,43.58093364993217,3408.622844581677,737,43.0,Models/RDKit_RF/scaling_results/PolyMetriX/Tg/Tg/seed_42/train_300/fold_01/metrics.json
RDKit_RF,PolyMetriX/Tg/Tg/seed_42,PolyMetriX,Tg,homopolymer,300,2,test,56.173629463636715,42.20814077340567,3155.476647117955,737,44.0,Models/RDKit_RF/scaling_results/PolyMetriX/Tg/Tg/seed_42/train_300/fold_02/metrics.json
RDKit_RF,PolyMetriX/Tg/Tg/seed_42,PolyMetriX,Tg,homopolymer,300,2,train,20.287829020632387,15.853398333333313,411.59600637041365,300,44.0,Models/RDKit_RF/scaling_results/PolyMetriX/Tg/Tg/seed_42/train_300/fold_02/metrics.json
RDKit_RF,PolyMetriX/Tg/Tg/seed_42,PolyMetriX,Tg,homopolymer,300,2,val,56.88423067605394,42.99766485753059,3235.815699606516,737,44.0,Models/RDKit_RF/scaling_results/PolyMetriX/Tg/Tg/seed_42/train_300/fold_02/metrics.json
RDKit_RF,PolyMetriX/Tg/Tg/seed_42,PolyMetriX,Tg,homopolymer,300,3,test,60.39884530732304,45.482568521031276,3648.020514457939,737,45.0,Models/RDKit_RF/scaling_results/PolyMetriX/Tg/Tg/seed_42/train_300/fold_03/metrics.json
RDKit_RF,PolyMetriX/Tg/Tg/seed_42,PolyMetriX,Tg,homopolymer,300,3,train,21.499100466923547,16.47635916666667,462.2113208868722,300,45.0,Models/RDKit_RF/scaling_results/PolyMetriX/Tg/Tg/seed_42/train_300/fold_03/metrics.json
RDKit_RF,PolyMetriX/Tg/Tg/seed_42,PolyMetriX,Tg,homopolymer,300,3,val,55.582530489509814,42.04925203527824,3089.4176956172882,737,45.0,Models/RDKit_RF/scaling_results/PolyMetriX/Tg/Tg/seed_42/train_300/fold_03/metrics.json
RDKit_RF,PolyMetriX/Tg/Tg/seed_42,PolyMetriX,Tg,homopolymer,300,4,test,54.65458030599457,41.410972930800575,2987.12314842441,737,46.0,Models/RDKit_RF/scaling_results/PolyMetriX/Tg/Tg/seed_42/train_300/fold_04/metrics.json
RDKit_RF,PolyMetriX/Tg/Tg/seed_42,PolyMetriX,Tg,homopolymer,300,4,train,19.845318210653925,15.097843666666613,393.83665488211227,300,46.0,Models/RDKit_RF/scaling_results/PolyMetriX/Tg/Tg/seed_42/train_300/fold_04/metrics.json
RDKit_RF,PolyMetriX/Tg/Tg/seed_42,PolyMetriX,Tg,homopolymer,300,4,val,55.283602432217506,41.37095203527816,3056.276697883485,737,46.0,Models/RDKit_RF/scaling_results/PolyMetriX/Tg/Tg/seed_42/train_300/fold_04/metrics.json
RDKit_RF,PolyMetriX/Tg/Tg/seed_42,PolyMetriX,Tg,homopolymer,1000,0,test,51.395981732469394,36.57302666214386,2641.5469382443275,737,42.0,Models/RDKit_RF/scaling_results/PolyMetriX/Tg/Tg/seed_42/train_1000/fold_00/metrics.json
RDKit_RF,PolyMetriX/Tg/Tg/seed_42,PolyMetriX,Tg,homopolymer,1000,0,train,19.142993559689007,13.909056749999989,366.4542024262948,1000,42.0,Models/RDKit_RF/scaling_results/PolyMetriX/Tg/Tg/seed_42/train_1000/fold_00/metrics.json
RDKit_RF,PolyMetriX/Tg/Tg/seed_42,PolyMetriX,Tg,homopolymer,1000,0,val,49.02099089547249,36.131478086838555,2403.0575483739967,737,42.0,Models/RDKit_RF/scaling_results/PolyMetriX/Tg/Tg/seed_42/train_1000/fold_00/metrics.json
RDKit_RF,PolyMetriX/Tg/Tg/seed_42,PolyMetriX,Tg,homopolymer,1000,1,test,48.24539057049231,35.09783371777477,2327.6177112993487,737,43.0,Models/RDKit_RF/scaling_results/PolyMetriX/Tg/Tg/seed_42/train_1000/fold_01/metrics.json
RDKit_RF,PolyMetriX/Tg/Tg/seed_42,PolyMetriX,Tg,homopolymer,1000,1,train,18.313477682969655,13.434460399999956,335.38346484462755,1000,43.0,Models/RDKit_RF/scaling_results/PolyMetriX/Tg/Tg/seed_42/train_1000/fold_01/metrics.json
RDKit_RF,PolyMetriX/Tg/Tg/seed_42,PolyMetriX,Tg,homopolymer,1000,1,val,53.70518384344497,38.14360162822256,2884.2467716582228,737,43.0,Models/RDKit_RF/scaling_results/PolyMetriX/Tg/Tg/seed_42/train_1000/fold_01/metrics.json
RDKit_RF,PolyMetriX/Tg/Tg/seed_42,PolyMetriX,Tg,homopolymer,1000,2,test,50.84030460730128,36.66807516960643,2584.73657256318,737,44.0,Models/RDKit_RF/scaling_results/PolyMetriX/Tg/Tg/seed_42/train_1000/fold_02/metrics.json
RDKit_RF,PolyMetriX/Tg/Tg/seed_42,PolyMetriX,Tg,homopolymer,1000,2,train,19.031984873062562,13.710913299999975,362.2164482084822,1000,44.0,Models/RDKit_RF/scaling_results/PolyMetriX/Tg/Tg/seed_42/train_1000/fold_02/metrics.json
RDKit_RF,PolyMetriX/Tg/Tg/seed_42,PolyMetriX,Tg,homopolymer,1000,2,val,50.07993193270018,36.845390434192694,2507.9995823838826,737,44.0,Models/RDKit_RF/scaling_results/PolyMetriX/Tg/Tg/seed_42/train_1000/fold_02/metrics.json
RDKit_RF,PolyMetriX/Tg/Tg/seed_42,PolyMetriX,Tg,homopolymer,1000,3,test,53.26078925417128,37.88181845318861,2836.7116719772466,737,45.0,Models/RDKit_RF/scaling_results/PolyMetriX/Tg/Tg/seed_42/train_1000/fold_03/metrics.json
RDKit_RF,PolyMetriX/Tg/Tg/seed_42,PolyMetriX,Tg,homopolymer,1000,3,train,18.548623637193433,13.586966949999994,344.0514388342509,1000,45.0,Models/RDKit_RF/scaling_results/PolyMetriX/Tg/Tg/seed_42/train_1000/fold_03/metrics.json
RDKit_RF,PolyMetriX/Tg/Tg/seed_42,PolyMetriX,Tg,homopolymer,1000,3,val,49.990850860933776,36.23120583446407,2499.085169800123,737,45.0,Models/RDKit_RF/scaling_results/PolyMetriX/Tg/Tg/seed_42/train_1000/fold_03/metrics.json
RDKit_RF,PolyMetriX/Tg/Tg/seed_42,PolyMetriX,Tg,homopolymer,1000,4,test,49.456267073954436,36.62266899592946,2445.9223528903094,737,46.0,Models/RDKit_RF/scaling_results/PolyMetriX/Tg/Tg/seed_42/train_1000/fold_04/metrics.json
RDKit_RF,PolyMetriX/Tg/Tg/seed_42,PolyMetriX,Tg,homopolymer,1000,4,train,18.12040027978121,13.146112549999984,328.348906299495,1000,46.0,Models/RDKit_RF/scaling_results/PolyMetriX/Tg/Tg/seed_42/train_1000/fold_04/metrics.json
RDKit_RF,PolyMetriX/Tg/Tg/seed_42,PolyMetriX,Tg,homopolymer,1000,4,val,49.47440784922518,36.3994777476255,2447.717032031474,737,46.0,Models/RDKit_RF/scaling_results/PolyMetriX/Tg/Tg/seed_42/train_1000/fold_04/metrics.json
RDKit_RF,PolyMetriX/Tg/Tg/seed_42,PolyMetriX,Tg,homopolymer,3000,0,test,44.93715374586457,31.130545861601085,2019.34778677947,737,42.0,Models/RDKit_RF/scaling_results/PolyMetriX/Tg/Tg/seed_42/train_3000/fold_00/metrics.json
RDKit_RF,PolyMetriX/Tg/Tg/seed_42,PolyMetriX,Tg,homopolymer,3000,0,train,16.256885918678012,11.545452833333306,264.2863397729114,3000,42.0,Models/RDKit_RF/scaling_results/PolyMetriX/Tg/Tg/seed_42/train_3000/fold_00/metrics.json
RDKit_RF,PolyMetriX/Tg/Tg/seed_42,PolyMetriX,Tg,homopolymer,3000,0,val,42.63226537304954,30.594218724559045,1817.5100508381188,737,42.0,Models/RDKit_RF/scaling_results/PolyMetriX/Tg/Tg/seed_42/train_3000/fold_00/metrics.json
RDKit_RF,PolyMetriX/Tg/Tg/seed_42,PolyMetriX,Tg,homopolymer,3000,1,test,43.004991395482534,29.93529158751699,1849.4292849255269,737,43.0,Models/RDKit_RF/scaling_results/PolyMetriX/Tg/Tg/seed_42/train_3000/fold_01/metrics.json
RDKit_RF,PolyMetriX/Tg/Tg/seed_42,PolyMetriX,Tg,homopolymer,3000,1,train,16.850114656894352,11.813595216666641,283.92636395048584,3000,43.0,Models/RDKit_RF/scaling_results/PolyMetriX/Tg/Tg/seed_42/train_3000/fold_01/metrics.json
RDKit_RF,PolyMetriX/Tg/Tg/seed_42,PolyMetriX,Tg,homopolymer,3000,1,val,44.54551217584102,31.607259430122173,1984.3026550080003,737,43.0,Models/RDKit_RF/scaling_results/PolyMetriX/Tg/Tg/seed_42/train_3000/fold_01/metrics.json
RDKit_RF,PolyMetriX/Tg/Tg/seed_42,PolyMetriX,Tg,homopolymer,3000,2,test,45.061174995593895,31.648110719131544,2030.5094919835365,737,44.0,Models/RDKit_RF/scaling_results/PolyMetriX/Tg/Tg/seed_42/train_3000/fold_02/metrics.json
RDKit_RF,PolyMetriX/Tg/Tg/seed_42,PolyMetriX,Tg,homopolymer,3000,2,train,16.398250373213898,11.589641299999974,268.9026153026097,3000,44.0,Models/RDKit_RF/scaling_results/PolyMetriX/Tg/Tg/seed_42/train_3000/fold_02/metrics.json
RDKit_RF,PolyMetriX/Tg/Tg/seed_42,PolyMetriX,Tg,homopolymer,3000,2,val,44.85783867055182,31.749270827679773,2012.2256901932544,737,44.0,Models/RDKit_RF/scaling_results/PolyMetriX/Tg/Tg/seed_42/train_3000/fold_02/metrics.json
RDKit_RF,PolyMetriX/Tg/Tg/seed_42,PolyMetriX,Tg,homopolymer,3000,3,test,47.68265262080343,32.21993602442331,2273.6353609562125,737,45.0,Models/RDKit_RF/scaling_results/PolyMetriX/Tg/Tg/seed_42/train_3000/fold_03/metrics.json
RDKit_RF,PolyMetriX/Tg/Tg/seed_42,PolyMetriX,Tg,homopolymer,3000,3,train,16.287561373716198,11.564049599999992,265.28465550257187,3000,45.0,Models/RDKit_RF/scaling_results/PolyMetriX/Tg/Tg/seed_42/train_3000/fold_03/metrics.json
RDKit_RF,PolyMetriX/Tg/Tg/seed_42,PolyMetriX,Tg,homopolymer,3000,3,val,43.996342708678725,31.45006166892811,1935.6781717395077,737,45.0,Models/RDKit_RF/scaling_results/PolyMetriX/Tg/Tg/seed_42/train_3000/fold_03/metrics.json
RDKit_RF,PolyMetriX/Tg/Tg/seed_42,PolyMetriX,Tg,homopolymer,3000,4,test,42.50984027821656,30.45771784260516,1807.0865204794827,737,46.0,Models/RDKit_RF/scaling_results/PolyMetriX/Tg/Tg/seed_42/train_3000/fold_04/metrics.json
RDKit_RF,PolyMetriX/Tg/Tg/seed_42,PolyMetriX,Tg,homopolymer,3000,4,train,16.665340846839683,11.700622299999978,277.73358554134325,3000,46.0,Models/RDKit_RF/scaling_results/PolyMetriX/Tg/Tg/seed_42/train_3000/fold_04/metrics.json
RDKit_RF,PolyMetriX/Tg/Tg/seed_42,PolyMetriX,Tg,homopolymer,3000,4,val,44.25972314107475,30.885919877883357,1958.9230925245877,737,46.0,Models/RDKit_RF/scaling_results/PolyMetriX/Tg/Tg/seed_42/train_3000/fold_04/metrics.json
polyBERT,PolyMetriX/Tg/Tg/seed_42,PolyMetriX,Tg,homopolymer,300,0,test,62.69594984301107,47.554929860087874,3930.7821267173604,737,42.0,Models/polyBERT/scaling_results/PolyMetriX/Tg/Tg/seed_42/train_300/fold_00/metrics.json
polyBERT,PolyMetriX/Tg/Tg/seed_42,PolyMetriX,Tg,homopolymer,300,0,train,23.66086592504343,18.55438451131185,559.8365763228813,300,42.0,Models/polyBERT/scaling_results/PolyMetriX/Tg/Tg/seed_42/train_300/fold_00/metrics.json
polyBERT,PolyMetriX/Tg/Tg/seed_42,PolyMetriX,Tg,homopolymer,300,0,val,61.451243788453354,46.119452001605296,3776.255363147927,737,42.0,Models/polyBERT/scaling_results/PolyMetriX/Tg/Tg/seed_42/train_300/fold_00/metrics.json
polyBERT,PolyMetriX/Tg/Tg/seed_42,PolyMetriX,Tg,homopolymer,300,1,test,60.99334828395499,45.47707220980723,3720.188534887835,737,43.0,Models/polyBERT/scaling_results/PolyMetriX/Tg/Tg/seed_42/train_300/fold_01/metrics.json
polyBERT,PolyMetriX/Tg/Tg/seed_42,PolyMetriX,Tg,homopolymer,300,1,train,23.267721536328875,16.973106333414712,541.3868654921425,300,43.0,Models/polyBERT/scaling_results/PolyMetriX/Tg/Tg/seed_42/train_300/fold_01/metrics.json
polyBERT,PolyMetriX/Tg/Tg/seed_42,PolyMetriX,Tg,homopolymer,300,1,val,59.95485038700371,45.78525779237579,3594.5840849279984,737,43.0,Models/polyBERT/scaling_results/PolyMetriX/Tg/Tg/seed_42/train_300/fold_01/metrics.json
polyBERT,PolyMetriX/Tg/Tg/seed_42,PolyMetriX,Tg,homopolymer,300,2,test,63.73888263923632,47.691031612567045,4062.6451600983414,737,44.0,Models/polyBERT/scaling_results/PolyMetriX/Tg/Tg/seed_42/train_300/fold_02/metrics.json
polyBERT,PolyMetriX/Tg/Tg/seed_42,PolyMetriX,Tg,homopolymer,300,2,train,21.994301826977992,17.125957692464194,483.74931285620744,300,44.0,Models/polyBERT/scaling_results/PolyMetriX/Tg/Tg/seed_42/train_300/fold_02/metrics.json
polyBERT,PolyMetriX/Tg/Tg/seed_42,PolyMetriX,Tg,homopolymer,300,2,val,64.26497950300248,49.27038255378382,4129.9875905213285,737,44.0,Models/polyBERT/scaling_results/PolyMetriX/Tg/Tg/seed_42/train_300/fold_02/metrics.json
polyBERT,PolyMetriX/Tg/Tg/seed_42,PolyMetriX,Tg,homopolymer,300,3,test,63.868572826295306,49.11231094008385,4079.194594867787,737,45.0,Models/polyBERT/scaling_results/PolyMetriX/Tg/Tg/seed_42/train_300/fold_03/metrics.json
polyBERT,PolyMetriX/Tg/Tg/seed_42,PolyMetriX,Tg,homopolymer,300,3,train,22.396456883196286,16.518782653808593,501.6012809208703,300,45.0,Models/polyBERT/scaling_results/PolyMetriX/Tg/Tg/seed_42/train_300/fold_03/metrics.json
polyBERT,PolyMetriX/Tg/Tg/seed_42,PolyMetriX,Tg,homopolymer,300,3,val,60.62935102350372,45.874788240305925,3675.9182055312317,737,45.0,Models/polyBERT/scaling_results/PolyMetriX/Tg/Tg/seed_42/train_300/fold_03/metrics.json
polyBERT,PolyMetriX/Tg/Tg/seed_42,PolyMetriX,Tg,homopolymer,300,4,test,60.940772587991255,44.95019947398793,3713.7777636212663,737,46.0,Models/polyBERT/scaling_results/PolyMetriX/Tg/Tg/seed_42/train_300/fold_04/metrics.json
polyBERT,PolyMetriX/Tg/Tg/seed_42,PolyMetriX,Tg,homopolymer,300,4,train,18.836562655896127,13.99946029663086,354.81609268950064,300,46.0,Models/polyBERT/scaling_results/PolyMetriX/Tg/Tg/seed_42/train_300/fold_04/metrics.json
polyBERT,PolyMetriX/Tg/Tg/seed_42,PolyMetriX,Tg,homopolymer,300,4,val,58.661776272674516,44.034347927554165,3441.203995465319,737,46.0,Models/polyBERT/scaling_results/PolyMetriX/Tg/Tg/seed_42/train_300/fold_04/metrics.json
polyBERT,PolyMetriX/Tg/Tg/seed_42,PolyMetriX,Tg,homopolymer,1000,0,test,50.91672525261511,36.12557743232965,2592.512910450293,737,42.0,Models/polyBERT/scaling_results/PolyMetriX/Tg/Tg/seed_42/train_1000/fold_00/metrics.json
polyBERT,PolyMetriX/Tg/Tg/seed_42,PolyMetriX,Tg,homopolymer,1000,0,train,16.673503564368676,11.937768402099609,278.00572111101496,1000,42.0,Models/polyBERT/scaling_results/PolyMetriX/Tg/Tg/seed_42/train_1000/fold_00/metrics.json
polyBERT,PolyMetriX/Tg/Tg/seed_42,PolyMetriX,Tg,homopolymer,1000,0,val,49.08470719554414,35.491873069566495,2409.308480472303,737,42.0,Models/polyBERT/scaling_results/PolyMetriX/Tg/Tg/seed_42/train_1000/fold_00/metrics.json
polyBERT,PolyMetriX/Tg/Tg/seed_42,PolyMetriX,Tg,homopolymer,1000,1,test,49.61651542420614,35.34772575305954,2461.798602840486,737,43.0,Models/polyBERT/scaling_results/PolyMetriX/Tg/Tg/seed_42/train_1000/fold_01/metrics.json
polyBERT,PolyMetriX/Tg/Tg/seed_42,PolyMetriX,Tg,homopolymer,1000,1,train,19.947101060932532,14.456070083618163,397.8868407350557,1000,43.0,Models/polyBERT/scaling_results/PolyMetriX/Tg/Tg/seed_42/train_1000/fold_01/metrics.json
polyBERT,PolyMetriX/Tg/Tg/seed_42,PolyMetriX,Tg,homopolymer,1000,1,val,51.88385157593428,37.060468355383286,2691.934054353578,737,43.0,Models/polyBERT/scaling_results/PolyMetriX/Tg/Tg/seed_42/train_1000/fold_01/metrics.json
polyBERT,PolyMetriX/Tg/Tg/seed_42,PolyMetriX,Tg,homopolymer,1000,2,test,53.51408572701826,39.0269231705685,2863.7573711986597,737,44.0,Models/polyBERT/scaling_results/PolyMetriX/Tg/Tg/seed_42/train_1000/fold_02/metrics.json
polyBERT,PolyMetriX/Tg/Tg/seed_42,PolyMetriX,Tg,homopolymer,1000,2,train,20.588679245243334,15.087842758178711,423.89371306351364,1000,44.0,Models/polyBERT/scaling_results/PolyMetriX/Tg/Tg/seed_42/train_1000/fold_02/metrics.json
polyBERT,PolyMetriX/Tg/Tg/seed_42,PolyMetriX,Tg,homopolymer,1000,2,val,52.06811736793837,36.768888662434016,2711.0888462414055,737,44.0,Models/polyBERT/scaling_results/PolyMetriX/Tg/Tg/seed_42/train_1000/fold_02/metrics.json
polyBERT,PolyMetriX/Tg/Tg/seed_42,PolyMetriX,Tg,homopolymer,1000,3,test,52.41844511991761,39.076318231010696,2747.693388789814,737,45.0,Models/polyBERT/scaling_results/PolyMetriX/Tg/Tg/seed_42/train_1000/fold_03/metrics.json
polyBERT,PolyMetriX/Tg/Tg/seed_42,PolyMetriX,Tg,homopolymer,1000,3,train,23.631028597312206,17.287084396362303,558.4255125669872,1000,45.0,Models/polyBERT/scaling_results/PolyMetriX/Tg/Tg/seed_42/train_1000/fold_03/metrics.json
polyBERT,PolyMetriX/Tg/Tg/seed_42,PolyMetriX,Tg,homopolymer,1000,3,val,50.90246010190367,37.31264550714997,2591.060444425895,737,45.0,Models/polyBERT/scaling_results/PolyMetriX/Tg/Tg/seed_42/train_1000/fold_03/metrics.json
polyBERT,PolyMetriX/Tg/Tg/seed_42,PolyMetriX,Tg,homopolymer,1000,4,test,52.85436602113074,38.19896243547002,2793.584007495659,737,46.0,Models/polyBERT/scaling_results/PolyMetriX/Tg/Tg/seed_42/train_1000/fold_04/metrics.json
polyBERT,PolyMetriX/Tg/Tg/seed_42,PolyMetriX,Tg,homopolymer,1000,4,train,23.191731293741594,17.086375549316408,537.8564004011131,1000,46.0,Models/polyBERT/scaling_results/PolyMetriX/Tg/Tg/seed_42/train_1000/fold_04/metrics.json
polyBERT,PolyMetriX/Tg/Tg/seed_42,PolyMetriX,Tg,homopolymer,1000,4,val,52.44603261670181,38.39501698466783,2750.5863372321496,737,46.0,Models/polyBERT/scaling_results/PolyMetriX/Tg/Tg/seed_42/train_1000/fold_04/metrics.json
polyBERT,PolyMetriX/Tg/Tg/seed_42,PolyMetriX,Tg,homopolymer,3000,0,test,43.82249027533439,31.20406671780259,1920.4106539317772,737,42.0,Models/polyBERT/scaling_results/PolyMetriX/Tg/Tg/seed_42/train_3000/fold_00/metrics.json
polyBERT,PolyMetriX/Tg/Tg/seed_42,PolyMetriX,Tg,homopolymer,3000,0,train,24.394968847097225,18.04195292154948,595.1145050508442,3000,42.0,Models/polyBERT/scaling_results/PolyMetriX/Tg/Tg/seed_42/train_3000/fold_00/metrics.json
polyBERT,PolyMetriX/Tg/Tg/seed_42,PolyMetriX,Tg,homopolymer,3000,0,val,42.107613304620116,29.551923009077925,1773.051098211421,737,42.0,Models/polyBERT/scaling_results/PolyMetriX/Tg/Tg/seed_42/train_3000/fold_00/metrics.json
polyBERT,PolyMetriX/Tg/Tg/seed_42,PolyMetriX,Tg,homopolymer,3000,1,test,41.70682407330368,29.048343301304644,1739.4591742815032,737,43.0,Models/polyBERT/scaling_results/PolyMetriX/Tg/Tg/seed_42/train_3000/fold_01/metrics.json
polyBERT,PolyMetriX/Tg/Tg/seed_42,PolyMetriX,Tg,homopolymer,3000,1,train,18.135941028300035,12.96541562906901,328.9123569819766,3000,43.0,Models/polyBERT/scaling_results/PolyMetriX/Tg/Tg/seed_42/train_3000/fold_01/metrics.json
polyBERT,PolyMetriX/Tg/Tg/seed_42,PolyMetriX,Tg,homopolymer,3000,1,val,43.55458053135341,30.595108715455922,1897.0014852621496,737,43.0,Models/polyBERT/scaling_results/PolyMetriX/Tg/Tg/seed_42/train_3000/fold_01/metrics.json
polyBERT,PolyMetriX/Tg/Tg/seed_42,PolyMetriX,Tg,homopolymer,3000,2,test,45.2713655685044,31.87386741275865,2049.4965404371655,737,44.0,Models/polyBERT/scaling_results/PolyMetriX/Tg/Tg/seed_42/train_3000/fold_02/metrics.json
polyBERT,PolyMetriX/Tg/Tg/seed_42,PolyMetriX,Tg,homopolymer,3000,2,train,21.20878840600019,15.487641337076823,449.81270565048794,3000,44.0,Models/polyBERT/scaling_results/PolyMetriX/Tg/Tg/seed_42/train_3000/fold_02/metrics.json
polyBERT,PolyMetriX/Tg/Tg/seed_42,PolyMetriX,Tg,homopolymer,3000,2,val,43.46988301408953,30.80669681543896,1889.6307292586298,737,44.0,Models/polyBERT/scaling_results/PolyMetriX/Tg/Tg/seed_42/train_3000/fold_02/metrics.json
polyBERT,PolyMetriX/Tg/Tg/seed_42,PolyMetriX,Tg,homopolymer,3000,3,test,46.84072264597183,31.73815199542725,2194.053297996858,737,45.0,Models/polyBERT/scaling_results/PolyMetriX/Tg/Tg/seed_42/train_3000/fold_03/metrics.json
polyBERT,PolyMetriX/Tg/Tg/seed_42,PolyMetriX,Tg,homopolymer,3000,3,train,17.985238155808414,13.17166683959961,323.4687915211469,3000,45.0,Models/polyBERT/scaling_results/PolyMetriX/Tg/Tg/seed_42/train_3000/fold_03/metrics.json
polyBERT,PolyMetriX/Tg/Tg/seed_42,PolyMetriX,Tg,homopolymer,3000,3,val,43.03429541397928,30.985264668147632,1851.9505817776383,737,45.0,Models/polyBERT/scaling_results/PolyMetriX/Tg/Tg/seed_42/train_3000/fold_03/metrics.json
polyBERT,PolyMetriX/Tg/Tg/seed_42,PolyMetriX,Tg,homopolymer,3000,4,test,44.52862051775685,31.559517413984324,1982.798045214396,737,46.0,Models/polyBERT/scaling_results/PolyMetriX/Tg/Tg/seed_42/train_3000/fold_04/metrics.json
polyBERT,PolyMetriX/Tg/Tg/seed_42,PolyMetriX,Tg,homopolymer,3000,4,train,29.915732327916423,22.161649164835612,894.9510407155439,3000,46.0,Models/polyBERT/scaling_results/PolyMetriX/Tg/Tg/seed_42/train_3000/fold_04/metrics.json
polyBERT,PolyMetriX/Tg/Tg/seed_42,PolyMetriX,Tg,homopolymer,3000,4,val,44.73649085556268,32.21997242155036,2001.3536140698434,737,46.0,Models/polyBERT/scaling_results/PolyMetriX/Tg/Tg/seed_42/train_3000/fold_04/metrics.json
polymer_chemprop,PolyMetriX/Tg/Tg/seed_42,PolyMetriX,Tg,homopolymer,300,0,test,50.765846637336445,,,737,,Models/polymer_chemprop/scaling_results/PolyMetriX/Tg/Tg/seed_42/train_300/fold_00/fold_0/test_scores.json
polymer_chemprop,PolyMetriX/Tg/Tg/seed_42,PolyMetriX,Tg,homopolymer,300,1,test,47.628654959562134,,,737,,Models/polymer_chemprop/scaling_results/PolyMetriX/Tg/Tg/seed_42/train_300/fold_01/fold_0/test_scores.json
polymer_chemprop,PolyMetriX/Tg/Tg/seed_42,PolyMetriX,Tg,homopolymer,300,2,test,51.1535726998491,,,737,,Models/polymer_chemprop/scaling_results/PolyMetriX/Tg/Tg/seed_42/train_300/fold_02/fold_0/test_scores.json
polymer_chemprop,PolyMetriX/Tg/Tg/seed_42,PolyMetriX,Tg,homopolymer,300,3,test,53.009505074366146,,,737,,Models/polymer_chemprop/scaling_results/PolyMetriX/Tg/Tg/seed_42/train_300/fold_03/fold_0/test_scores.json
polymer_chemprop,PolyMetriX/Tg/Tg/seed_42,PolyMetriX,Tg,homopolymer,300,4,test,49.24683207255932,,,737,,Models/polymer_chemprop/scaling_results/PolyMetriX/Tg/Tg/seed_42/train_300/fold_04/fold_0/test_scores.json
polymer_chemprop,PolyMetriX/Tg/Tg/seed_42,PolyMetriX,Tg,homopolymer,1000,0,test,45.58752801682855,,,737,,Models/polymer_chemprop/scaling_results/PolyMetriX/Tg/Tg/seed_42/train_1000/fold_00/fold_0/test_scores.json
polymer_chemprop,PolyMetriX/Tg/Tg/seed_42,PolyMetriX,Tg,homopolymer,1000,1,test,42.992276232030356,,,737,,Models/polymer_chemprop/scaling_results/PolyMetriX/Tg/Tg/seed_42/train_1000/fold_01/fold_0/test_scores.json
polymer_chemprop,PolyMetriX/Tg/Tg/seed_42,PolyMetriX,Tg,homopolymer,1000,2,test,47.21467365217899,,,737,,Models/polymer_chemprop/scaling_results/PolyMetriX/Tg/Tg/seed_42/train_1000/fold_02/fold_0/test_scores.json
polymer_chemprop,PolyMetriX/Tg/Tg/seed_42,PolyMetriX,Tg,homopolymer,1000,3,test,48.9558963388548,,,737,,Models/polymer_chemprop/scaling_results/PolyMetriX/Tg/Tg/seed_42/train_1000/fold_03/fold_0/test_scores.json
polymer_chemprop,PolyMetriX/Tg/Tg/seed_42,PolyMetriX,Tg,homopolymer,1000,4,test,43.745843276720976,,,737,,Models/polymer_chemprop/scaling_results/PolyMetriX/Tg/Tg/seed_42/train_1000/fold_04/fold_0/test_scores.json
polymer_chemprop,PolyMetriX/Tg/Tg/seed_42,PolyMetriX,Tg,homopolymer,3000,0,test,40.68620284989929,,,737,,Models/polymer_chemprop/scaling_results/PolyMetriX/Tg/Tg/seed_42/train_3000/fold_00/fold_0/test_scores.json
polymer_chemprop,PolyMetriX/Tg/Tg/seed_42,PolyMetriX,Tg,homopolymer,3000,1,test,37.15557107858329,,,737,,Models/polymer_chemprop/scaling_results/PolyMetriX/Tg/Tg/seed_42/train_3000/fold_01/fold_0/test_scores.json
polymer_chemprop,PolyMetriX/Tg/Tg/seed_42,PolyMetriX,Tg,homopolymer,3000,2,test,42.66555453934612,,,737,,Models/polymer_chemprop/scaling_results/PolyMetriX/Tg/Tg/seed_42/train_3000/fold_02/fold_0/test_scores.json
polymer_chemprop,PolyMetriX/Tg/Tg/seed_42,PolyMetriX,Tg,homopolymer,3000,3,test,44.27757452691379,,,737,,Models/polymer_chemprop/scaling_results/PolyMetriX/Tg/Tg/seed_42/train_3000/fold_03/fold_0/test_scores.json
polymer_chemprop,PolyMetriX/Tg/Tg/seed_42,PolyMetriX,Tg,homopolymer,3000,4,test,38.07370112080189,,,737,,Models/polymer_chemprop/scaling_results/PolyMetriX/Tg/Tg/seed_42/train_3000/fold_04/fold_0/test_scores.json
polymer_periodic_graph,PolyMetriX/Tg/Tg/seed_42,PolyMetriX,Tg,homopolymer,300,0,test,53.96232892766946,,,737,,Models/polymer_periodic_graph/scaling_results/PolyMetriX/Tg/Tg/seed_42/train_300/fold_00/fold_0/test_scores.json
polymer_periodic_graph,PolyMetriX/Tg/Tg/seed_42,PolyMetriX,Tg,homopolymer,300,1,test,47.73611075209792,,,737,,Models/polymer_periodic_graph/scaling_results/PolyMetriX/Tg/Tg/seed_42/train_300/fold_01/fold_0/test_scores.json
polymer_periodic_graph,PolyMetriX/Tg/Tg/seed_42,PolyMetriX,Tg,homopolymer,300,2,test,53.41292824381471,,,737,,Models/polymer_periodic_graph/scaling_results/PolyMetriX/Tg/Tg/seed_42/train_300/fold_02/fold_0/test_scores.json
polymer_periodic_graph,PolyMetriX/Tg/Tg/seed_42,PolyMetriX,Tg,homopolymer,300,3,test,56.131040373963366,,,737,,Models/polymer_periodic_graph/scaling_results/PolyMetriX/Tg/Tg/seed_42/train_300/fold_03/fold_0/test_scores.json
polymer_periodic_graph,PolyMetriX/Tg/Tg/seed_42,PolyMetriX,Tg,homopolymer,300,4,test,50.98108235940961,,,737,,Models/polymer_periodic_graph/scaling_results/PolyMetriX/Tg/Tg/seed_42/train_300/fold_04/fold_0/test_scores.json
polymer_periodic_graph,PolyMetriX/Tg/Tg/seed_42,PolyMetriX,Tg,homopolymer,1000,0,test,48.20618853618884,,,737,,Models/polymer_periodic_graph/scaling_results/PolyMetriX/Tg/Tg/seed_42/train_1000/fold_00/fold_0/test_scores.json
polymer_periodic_graph,PolyMetriX/Tg/Tg/seed_42,PolyMetriX,Tg,homopolymer,1000,1,test,42.446738438593016,,,737,,Models/polymer_periodic_graph/scaling_results/PolyMetriX/Tg/Tg/seed_42/train_1000/fold_01/fold_0/test_scores.json
polymer_periodic_graph,PolyMetriX/Tg/Tg/seed_42,PolyMetriX,Tg,homopolymer,1000,2,test,46.9702780758313,,,737,,Models/polymer_periodic_graph/scaling_results/PolyMetriX/Tg/Tg/seed_42/train_1000/fold_02/fold_0/test_scores.json
polymer_periodic_graph,PolyMetriX/Tg/Tg/seed_42,PolyMetriX,Tg,homopolymer,1000,3,test,49.07923161047121,,,737,,Models/polymer_periodic_graph/scaling_results/PolyMetriX/Tg/Tg/seed_42/train_1000/fold_03/fold_0/test_scores.json
polymer_periodic_graph,PolyMetriX/Tg/Tg/seed_42,PolyMetriX,Tg,homopolymer,1000,4,test,46.241680319483486,,,737,,Models/polymer_periodic_graph/scaling_results/PolyMetriX/Tg/Tg/seed_42/train_1000/fold_04/fold_0/test_scores.json
polymer_periodic_graph,PolyMetriX/Tg/Tg/seed_42,PolyMetriX,Tg,homopolymer,3000,0,test,41.742338936973816,,,737,,Models/polymer_periodic_graph/scaling_results/PolyMetriX/Tg/Tg/seed_42/train_3000/fold_00/fold_0/test_scores.json
polymer_periodic_graph,PolyMetriX/Tg/Tg/seed_42,PolyMetriX,Tg,homopolymer,3000,1,test,38.91750740949853,,,737,,Models/polymer_periodic_graph/scaling_results/PolyMetriX/Tg/Tg/seed_42/train_3000/fold_01/fold_0/test_scores.json
polymer_periodic_graph,PolyMetriX/Tg/Tg/seed_42,PolyMetriX,Tg,homopolymer,3000,2,test,43.318302496628874,,,737,,Models/polymer_periodic_graph/scaling_results/PolyMetriX/Tg/Tg/seed_42/train_3000/fold_02/fold_0/test_scores.json
polymer_periodic_graph,PolyMetriX/Tg/Tg/seed_42,PolyMetriX,Tg,homopolymer,3000,3,test,44.57896404505734,,,737,,Models/polymer_periodic_graph/scaling_results/PolyMetriX/Tg/Tg/seed_42/train_3000/fold_03/fold_0/test_scores.json
polymer_periodic_graph,PolyMetriX/Tg/Tg/seed_42,PolyMetriX,Tg,homopolymer,3000,4,test,39.896643159132026,,,737,,Models/polymer_periodic_graph/scaling_results/PolyMetriX/Tg/Tg/seed_42/train_3000/fold_04/fold_0/test_scores.json
