SMILES,EA (eV)
*c1ccc(-c2ccc(c3cc(*)c(N)c(C)c3[N+](=O)[O-])s2)s1,3.182267520897007
*c1cc2cc3sc(c4cc(CC(=O)O)cc(*)c4O)cc3cc2s1,2.616635880916334
*c1ccc2c(c1)C(C)(C)c1cc(c4cc(*)c(C)c(C)c4N)ccc1-2,1.7535079776370148
*c1cc(F)c(c2cc(OC(F)F)cc(*)c2Cl)cc1F,2.496478734775816
*c1ccc(c3ccc(O)c(*)c3)c2nsnc12,3.626441477692355
*c1cc2ccc3cc(c5cc(CCCC)cc(*)c5N)cc4ccc(c1)c2c34,2.3879312470263505
*c1ccc(-c2ccc(c3cc(*)cc(N4CCCCC4)c3)s2)s1,2.4330054198190445
*c1cc2cc3sc(c4cc(O)cc(*)c4C)cc3cc2s1,2.3059476311367324
*c1ccc2c(c1)C(C)(C)c1cc(c4ncc(*)nc4C(=O)OCC)ccc1-2,3.152886482200444
*c1cc2ccc3cc(c5cccc(*)c5C(F)(F)F)cc4ccc(c1)c2c34,2.593347405860112
*c1cc2ccc3cc(c5ccc6c(c5)c5cc(*)ccc5n6CC5CO5)cc4ccc(c1)c2c34,2.349300074490273
*c1cc2ccc3cc(c5cc(=O)cc(*)[nH]5)cc4ccc(c1)c2c34,2.683876694837596
*c1cc2cc3sc(c4nccc(*)c4C#N)cc3cc2s1,3.2147381805616044
*c1ccc(c3cc(*)ccc3S)c2nsnc12,3.627827534579336
*c1ccc(-c2ccc(c3cccc(*)c3CN)s2)s1,2.3501944981630016
*c1cnc(OCc2ccccc2)c(c3ccc(*)cc3)c1,1.8671301038005337
*c1ccc2c(c1)[nH]c1cc(c4cc(C(=O)OC)cc(*)n4)ccc12,2.799274301407454
*c1ccc2c(c1)S(=O)(=O)c1cc(c4ccc(OC)c(*)c4)ccc1-2,2.592338455367999
*c1ccc(-c2ccc(c3ccc(NC(=O)CC#N)c(*)c3)s2)s1,2.70978617310883
*c1ccc2c(c1)[nH]c1cc(c4cc(*)c(C)nc4C)ccc12,1.6706798241944174
*c1cc(F)c(c2c(N)cc(Cl)c(*)c2Cl)cc1F,1.8032993826990389
*c1ccc(c3cnc(*)c(C(=O)OC)n3)c2nsnc12,4.222027967863184
*c1ccc(c2cc(CC)cc(*)c2N)cc1,1.3473549560015
*c1cc2cc3sc(c4ccnc(*)c4)cc3cc2s1,2.916571562797727
*c1cc2ccc3cc(c5nc(*)n(C6CCCCO6)n5)cc4ccc(c1)c2c34,2.5749657883888086
*c1cc2cc3sc(c4ccc(*)nc4N)cc3cc2s1,2.7227186412893856
*c1cc2ccc3cc(c5cc(*)ccc5OCc5ccccc5)cc4ccc(c1)c2c34,2.491222494298944
*c1ccc2c(c1)c1cc(c5ccc(*)cc5)ccc1n2CC(O)CNc1ccccc1,1.4723021547198438
*c1ccc(c3cc(*)c(N)c(OC(F)(F)F)c3)c2nsnc12,3.628938376692294
*c1cc2cc3sc(c4c[nH]cc(*)c4=O)cc3cc2s1,2.6497429963553203
*c1ccc2c3ccc(c5ccc6c(c5)S(=O)(=O)c5cc(*)ccc5-6)cc3c3ccccc3c2c1,2.938174286370756
*c1ccc2c(c1)[nH]c1cc(c4cc(*)cc5c4NC(=O)CC5)ccc12,1.828989896306742
*c1ccc(c3cc(C)nc(*)c3N)c2nsnc12,3.536286407994094
*c1ccc2c(c1)C(C)(C)c1cc(c4nnc(*)cc4C)ccc1-2,2.6567252746333443
*c1ccc(-c2ccc(c3sc(*)nc3C(=O)OC)s2)s1,3.5844227002323725
*c1ccc(c3cc(*)c(F)cn3)c2nsnc12,3.853073619568733
*c1ccc2c(c1)S(=O)(=O)c1cc(c4cc(C(=O)O)cc(*)n4)ccc1-2,3.270480551329197
*c1ccc2c(c1)S(=O)(=O)c1cc(c4ccc(C)cc4*)ccc1-2,2.657544198736771
*c1ccc(-c2ccc(c3cc(Cl)cc(*)c3Cl)s2)s1,2.9464544817795533
*c1ccc(c2cc(*)cc(C(N)=S)c2)cc1,2.419410907833896
*c1ccc(-c2ccc(c3ccc(Cl)c(*)c3)s2)s1,2.843111764506171
*c1cc(c3ccc(*)cc3)c2c(n1)CCCN2,1.7548950770897127
*c1ccc(c3sc(*)nc3C(=O)OCC)c2nsnc12,4.23852779065353
*c1cc2ccc3cc(c5cc(*)c(C)cc5C)cc4ccc(c1)c2c34,2.4979407886851237
*c1ccc2c(c1)S(=O)(=O)c1cc(c4cnc(CO)c(*)c4)ccc1-2,2.752073400443389
*c1ccc2c(c1)S(=O)(=O)c1cc(c4cc(*)cnc4C)ccc1-2,2.704759805457648
*c1cc2cc3sc(c4cncc(*)c4OC)cc3cc2s1,2.6936114964991
*c1ccc2c(c1)[nH]c1cc(c4ccc(*)c5nsnc45)ccc12,3.5172097324989524
*c1ccc2c(c1)C(C)(C)c1cc(c4cc(*)c(C)cc4C)ccc1-2,1.8808365069637665
*c1ccc2c(c1)[nH]c1cc(c4cnnc(*)c4)ccc12,2.558210134718246
*c1ccc(c2c(N)c(*)cc(C)c2Cl)cc1,1.466822166959154
*c1ccc2c(c1)[nH]c1cc(c4ccc(*)cc4)ccc12,1.907468690037932
*c1ccc(c2cccc(*)c2CC(=O)O)cc1,1.77916151518128
*c1ccc(-c2ccc(c3nc(C#N)c(*)n3C)s2)s1,2.923095330070033
*c1ccc(-c2ccc(c3ccc(*)c4[nH]ncc34)s2)s1,2.958062157885714
*c1cc2ccc3cc(c5[nH]nc6c(*)cncc56)cc4ccc(c1)c2c34,2.681022044528814
*c1ccc(c2ncc(*)c(C)c2[N+](=O)[O-])cc1,3.349653973379512
*c1ccc2c(c1)S(=O)(=O)c1cc(c4ccc(*)c5sc(-c6ccccc6)nc45)ccc1-2,2.998117330516324
*c1ccc2c(c1)S(=O)(=O)c1cc(c4c(C)c([N+](=O)[O-])cc(*)c4OC)ccc1-2,3.377118572858862
*c1ccc2c(c1)S(=O)(=O)c1cc(c4cc(*)c(N)c(C)c4F)ccc1-2,2.486786165348072
*c1ccc2c(c1)S(=O)(=O)c1cc(c4cc(*)c(Cl)c(Cl)c4)ccc1-2,2.944157453233664
*c1ccc(c3cc(*)cc4[nH]nc(N)c34)c2nsnc12,3.4887558031400707
*c1ccc2c(c1)C(C)(C)c1cc(c4cc(*)cn(C)c4=O)ccc1-2,2.2624240986017465
*c1ccc2c(c1)S(=O)(=O)c1cc(c4cc(C(=O)OC)[nH]c4*)ccc1-2,2.8129866652872657
*c1cc2cc3sc(c4cc(C#N)cc(*)c4O)cc3cc2s1,2.712026645861478
*c1cc2ccc3cc(c5c(F)c(*)c(F)c(F)c5F)cc4ccc(c1)c2c34,2.728901237824912
*c1ccc2c(c1)[nH]c1cc(c4nc(*)[nH]c4C)ccc12,1.6927934461514962
*c1cc2ccc3cc(c5cc(C#N)cc(*)c5O)cc4ccc(c1)c2c34,2.686695863532545
*c1cc(F)c(c2nc(F)cc(*)c2O)cc1F,2.7799899563276584
*c1ccc2c(c1)C(C)(C)c1cc(c4cn(C)cc(*)c4=O)ccc1-2,2.118396970952064
*c1cc2ccc3cc(c5ccc(*)c(Cl)c5Cl)cc4ccc(c1)c2c34,2.716461546723312
*c1cc(F)c(c2cc(F)cc(*)c2OC(C)C)cc1F,2.237875857812763
*c1cc(F)c(c2cc(C(F)(F)F)cc(*)c2O)cc1F,2.42317809796145
*c1ccc2c(c1)C(C)(C)c1cc(c4ccc(*)c(C)c4)ccc1-2,2.0557194909956387
*c1cc(F)c(c2cncc(*)c2C(=O)O)cc1F,2.9827996949814564
*c1cc2cc3sc(c4cc(Cl)cc(*)c4OC)cc3cc2s1,2.7605223016913216
*c1ccc2c(c1)[nH]c1cc(c4cc(*)c(C#N)c(F)c4)ccc12,2.6124540469136925
*c1cc2ccc3cc(c5ccc6c(c5)sc5cc(*)ccc56)cc4ccc(c1)c2c34,2.52419208703124
*c1cc2cc3sc(c4cc(*)c(F)c(Cl)c4)cc3cc2s1,2.862681343119707
*c1cc2ccc3cc(c5cc(*)cc(C)c5[N+](=O)[O-])cc4ccc(c1)c2c34,3.28353392146156
*c1ccc2c(c1)[nH]c1cc(c4cc(*)cc(CC(=O)O)c4)ccc12,1.9392532547032133
*c1cc2cc3sc(c4ccc(-c5ccc(-c6ccc(*)s6)s5)s4)cc3cc2s1,3.124994982381399
*c1ccc2c(c1)[nH]c1cc(c4ccc(N)c(*)c4C)ccc12,1.3514992327106614
*c1cc2cc3sc(c4cc(*)cc(OC(F)(F)F)c4N=C=S)cc3cc2s1,3.2231510887620782
*c1cc2cc3sc(c4c([N+](=O)[O-])ccc(*)c4F)cc3cc2s1,3.8246337480559114
*c1ccc(-c2ccc(c3cccc(-c4cccc(*)n4)n3)s2)s1,2.817142766246329
*c1cc2cc3sc(c4cc(*)c5nc(Cl)sc5c4)cc3cc2s1,3.0672903550850625
*c1cc(F)c(c2cc(*)c(F)c(Cl)c2)cc1F,2.5425659894123007
*c1ccc2c(c1)[nH]c1cc(c4ccc(*)cc4[N+](=O)[O-])ccc12,3.251248779050644
*c1ccc2c(c1)S(=O)(=O)c1cc(c4cccc(*)c4Cl)ccc1-2,2.7169510047225587
*c1cc2ccc3cc(c5cc(C(C)=O)cc(*)c5N)cc4ccc(c1)c2c34,2.5092482484961085
*c1cc(F)c(c2cc(*)ccc2[N+](=O)[O-])cc1F,3.701546601815465
*c1cc(F)c(c2nc(*)nn2COC)cc1F,2.590987289941798
*c1cc2cc3sc(c4cc5cc6sc(*)cc6cc5s4)cc3cc2s1,3.0511882986002874
*c1ccc2c(c1)[nH]c1cc(c4nc(*)nn4COC)ccc12,2.191539954572049
*c1ccc2c(c1)C(C)(C)c1cc(c4cc(CCCC)cc(*)c4N)ccc1-2,1.8212867443138527
*c1ccc(c2n[nH]c(*)c2[N+](=O)[O-])cc1,3.212020730870324
*c1cc(c3cc(F)c(*)cc3F)cc(N2CCCC2)c1,1.7815252651754954
*c1cc(c4ccc(*)c5nsnc45)c2nc(-c3ccc(C)cc3)ccc2c1,3.5916236469421734
*c1ccc(-c2ccc(c3cc(*)cc(CO)c3N)s2)s1,2.307707275171338
*c1ccc2c(c1)S(=O)(=O)c1cc(c4ccc(*)c(C)c4[N+](=O)[O-])ccc1-2,3.309502018991671
*c1cc(F)c(c2cc(N)c(*)cc2[N+](=O)[O-])cc1F,3.1433347644580616
*c1ccc(-c2ccc(c3ccc(N)c(*)c3C)s2)s1,2.1881363777897738
*c1ccc2c(c1)[nH]c1cc(c4nc(*)c(Cl)nc4N)ccc12,2.2868610656635173
*c1ccc2c(c1)S(=O)(=O)c1cc(c4cc(F)cc(*)c4OC)ccc1-2,2.79070329163754
*c1ccc(c2nc(*)n[nH]2)cc1,2.260130955870981
*c1ccc2c(c1)[nH]c1cc(c4nnc(*)s4)ccc12,2.984298601066014
*c1cc2cc3sc(c4ccc(*)c5nonc45)cc3cc2s1,3.776512989538342
*c1ccc2c(c1)C(C)(C)c1cc(c4c(N)c(*)c(Cl)c(F)c4Cl)ccc1-2,2.1807399840959016
*c1ccc(c3c(*)cncc3C(=O)O)c2nsnc12,4.009176225104496
*c1ccc2c(c1)S(=O)(=O)c1cc(c4c(F)ccc(*)c4F)ccc1-2,2.804213289968524
*c1ccc(c2cccc(*)n2)cc1,2.1754397160897563
*c1ccc2c(c1)S(=O)(=O)c1cc(c4cc(*)c(N)c(C(C)=O)c4)ccc1-2,2.6420898744094456
*c1ccc2c(c1)C(C)(C)c1cc(c4cccc(*)n4)ccc1-2,2.389281146250018
*c1ccc(c3cncc(*)n3)c2nsnc12,3.856218964021181
*c1cc2cc3sc(c4ccc(*)c5nsnc45)cc3cc2s1,3.856589877836649
*c1ccc2c(c1)S(=O)(=O)c1cc(c4nc(*)sc4CO)ccc1-2,3.120219247104259
*c1ccc(-c2ccc(c3cc(C(=O)OCC)c(*)s3)s2)s1,3.3638523846639865
*c1ccc2c(c1)C(C)(C)c1cc(c4ccsc4-c4sccc4*)ccc1-2,2.377168394388548
*c1ccc2[nH]c3ccc(c4ccc(-c5ccc(*)s5)s4)cc3c2c1,2.4206079276379984
*c1cc2cc3sc(c4cc(C(=O)OCC)cc(*)c4N)cc3cc2s1,2.370742778874967
*c1ccc(c3cc(*)c(C(=O)OC)nc3N)c2nsnc12,3.751486969386917
*c1ccc(c3cc(*)c4c(=O)[nH][nH]c4c3)c2nsnc12,3.6255884505182263
*c1ccc2c(c1)C(C)(C)c1cc(c4cc(*)c(O)c([N+](=O)[O-])c4C)ccc1-2,3.4892041314872584
*c1ccc2c(c1)C(C)(C)c1cc(c4cc(*)cc5c4NC(=O)CC5)ccc1-2,2.1085337392666523
*c1ccc(-c2ccc(c3cc(*)c(OC(C)C)c(C=O)c3)s2)s1,2.906057951705668
*c1ccc2c(c1)S(=O)(=O)c1cc(c4cc(Cl)c(*)cc4Cl)ccc1-2,2.939260766548889
*c1ccc(c2ccc(*)nc2)cc1,2.413128078883463
*c1ccc2c(c1)S(=O)(=O)c1cc(c4cc(*)ccc4-c4ccccc4)ccc1-2,2.6743750486995905
*c1cc2ccc3cc(c5cc(*)c(N)c(C(=O)O)c5F)cc4ccc(c1)c2c34,2.5676219241444844
*c1ccc2c(c1)[nH]c1cc(c4ccc(*)cc4C=O)ccc12,2.672917422677041
*c1cc(F)c(c2ccc(C)cc2*)cc1F,2.095727823343682
*c1cc2ccc3cc(c5cc(*)ccc5C(=O)OCC)cc4ccc(c1)c2c34,2.659591660426712
*c1ccc2c(c1)S(=O)(=O)c1cc(c4cc(*)ccc4OCc4ccccc4)ccc1-2,2.61023678656811
*c1cc2ccc3cc(c5c(CC)cc(*)cc5CC)cc4ccc(c1)c2c34,2.50739315559306
*c1ccc2c(c1)[nH]c1cc(c4cc(*)cc(OCC)c4)ccc12,1.7822227970629043
*c1[nH]nc2cc(c3ccc(*)cc3)ncc12,2.5759745479574425
*c1ccc2c(c1)[nH]c1cc(c4cc(*)c(OC)c(C(=O)O)c4OC)ccc12,2.117284409923498
*c1cc2ccc3cc(c5cc(F)c(*)cc5C#N)cc4ccc(c1)c2c34,2.710543643966823
*c1ccc(-c2ccc(c3cc(*)cc(O)c3)s2)s1,2.650803410351649
*c1ccc(c2cc(S(=O)(=O)C(F)(F)F)cc(*)c2C)cc1,2.472752372748221
*c1ccc(c2c([N+](=O)[O-])ccc(*)c2F)cc1,3.639716776558757
*c1ccc2c(c1)[nH]c1cc(c4ccc(*)c(NN)c4)ccc12,1.6185529849904785
*c1ccc2c(c1)S(=O)(=O)c1cc(c4ccc(F)c(*)n4)ccc1-2,2.965908177401384
*c1ccc(-c2ccc(c3ccnc(*)c3[N+](=O)[O-])s2)s1,3.5757178871427726
*c1ccc2c(c1)S(=O)(=O)c1cc(c4cc(C=O)cc(*)c4OC)ccc1-2,2.921731638616571
*c1ccc(c3cc(*)c(=O)[nH]c3C)c2nsnc12,3.645254704366475
*c1ccc(c3ccc(*)cc3)c2nsnc12,3.666778962756928
*c1ccc(c3cc(*)c(O)c(F)c3F)c2nsnc12,3.8528872466060617
*c1ccc2c(c1)C(C)(C)c1cc(c4ccc(F)c(*)n4)ccc1-2,2.520792434792737
*c1cc2cc3sc(c4cc(C(=O)O)cc(*)c4O)cc3cc2s1,2.750881431197725
*c1cc(F)c(c2cc(N)cc(*)c2F)cc1F,1.9764398690325464
*c1ccc2c(c1)S(=O)(=O)c1cc(c4cc(*)c(O)c(CBr)c4)ccc1-2,2.673562693300618
*c1ccc(-c2ccc(c3cc(C)c(N)c(*)c3[N+](=O)[O-])s2)s1,3.1207192947720355
*c1ccc(c3ccc(C=O)c(*)n3)c2nsnc12,3.9839562762248297
*c1ccc(c2cc(*)ncc2N)cc1,1.748807292809631
*c1ccc(-c2ccc(c3c(F)cc(*)c4nsnc34)s2)s1,3.966624956119409
*c1ccc2c(c1)[nH]c1cc(c4cc(C(=O)O)c(*)o4)ccc12,2.5530914797261746
*c1ccc(c2cc(C(=O)O)cc(*)c2N)cc1,1.876869369612488
*c1ccc2c(c1)C(C)(C)c1cc(c4cc(CCCCCC)c(*)s4)ccc1-2,2.5186493213146663
*c1ccc2nc(c3cc(F)c(*)cc3F)sc2c1,3.245711223571518
*c1ccc2c(c1)[nH]c1cc(c4ccc(*)s4)ccc12,2.3776555255818748
*c1ccc2c(c1)C(C)(C)c1cc(c4ccc(*)cc4)ccc1-2,2.220622865195919
*c1cc(F)c(c2c(N)cc(C)c(*)c2C)cc1F,1.4731455549515229
*c1ccc2c(c1)[nH]c1cc(c4ccc(CC(=O)O)c(*)c4)ccc12,1.872906946610766
*c1cc(F)c(c2cc(*)c(OC)c(F)c2F)cc1F,2.323516945456067
*c1ccc2c(c1)S(=O)(=O)c1cc(c4cc(*)cc(N)c4C)ccc1-2,2.4589719444220237
*c1ccc(c2cc(C=O)c(*)cc2C=O)cc1,3.629288915545336
*c1ncc2cc(c3cc(F)c(*)cc3F)ccc2n1,3.270397435612867
*c1ccc(-c2ccc(c3cc(*)cc(C(F)(F)F)c3Cl)s2)s1,3.1141296016582967
*c1cc2cc3sc(c4ccc5cc(*)ccc5c4)cc3cc2s1,2.8226905371812494
*c1ccc2c(c1)C(C)(C)c1cc(c4cc(*)cc(C(C)=O)c4)ccc1-2,2.587156024109747
*c1ccc(-c2ccc(c3cc(*)cnc3OC)s2)s1,2.7147044876520305
*c1ccc(-c2ccc(c3ccc(*)c(NC(=S)c4ccccc4)c3)s2)s1,2.960567641345254
*c1cc2ccc3cc(c5cc(OC)c(OC)cc5*)cc4ccc(c1)c2c34,2.504594108062435
*c1ccc2[nH]c3ccc(c4cc(F)c(*)cc4F)cc3c2c1,1.8584079943665213
*c1ccc2c(c1)C(C)(C)c1cc(c4ccc5[nH]c6c([N+](=O)[O-])cc(*)cc6c5c4)ccc1-2,3.3546663136034187
*c1cc(F)c(c2cc(F)c(*)c(Cl)c2)cc1F,2.498604991086573
*c1ccc(c2cccc(*)c2C(=O)OC)cc1,2.059325393403695
*c1ccc2c(c1)[nH]c1cc(c4cc(*)cc(CC)c4)ccc12,1.7451409128645154
*c1ccc(c3cc(*)cc(Oc4ccccc4)c3)c2nsnc12,3.6982998255834505
*c1ccc2c(c1)C(C)(C)c1cc(c4cc(F)cc(*)c4Cl)ccc1-2,2.2954548707164832
*c1cc2ccc3cc(c5ccc(*)c(C)c5[N+](=O)[O-])cc4ccc(c1)c2c34,3.174902578098857
*c1ccc2c(c1)[nH]c1cc(c4cn(C)c(*)n4)ccc12,1.6289566408573883
*c1cc(F)c(c2ccc(*)c(CO)c2)cc1F,2.2358123510815746
*c1ccc2c(c1)[nH]c1cc(c4cc(F)c(*)c([N+](=O)[O-])c4F)ccc12,3.2955285965349166
*c1ccc2c(c1)S(=O)(=O)c1cc(c4ccsc4-c4sccc4*)ccc1-2,2.854845707744541
*c1ccc2c(c1)C(C)(C)c1cc(c4cc([N+](=O)[O-])c(O)c(*)c4F)ccc1-2,3.6689430743553775
*c1ccc2c(c1)C(C)(C)c1cc(c4cc(OC)c(N)c(*)c4Cl)ccc1-2,1.9314896833233104
*c1ccc2c(c1)S(=O)(=O)c1cc(c4ccc(N)c(*)n4)ccc1-2,2.5647385789221726
*c1ccc(c2ncc(*)nc2C(=O)O)cc1,3.303165792814152
*c1ccc2sc(c3ccc(*)cc3)nc2c1,2.7844405373937384
*c1ccc(c3cc(*)ccc3C(=O)OCC)c2nsnc12,3.83347090282052
*c1ccc2c(c1)C(C)(C)c1cc(c4ccc(*)c5cnccc45)ccc1-2,2.5573312601481715
*c1cc2cc3sc(c4ccc(*)cc4CC)cc3cc2s1,2.5980676151826936
*c1cc(c3cc(F)c(*)cc3F)c2ncnc(Cl)c2c1,3.395697950536128
*c1ccc2c(c1)[nH]c1cc(c4cc(C(=O)NN)cc(*)c4O)ccc12,1.8279398128157247
*c1cc2ccc3cc(c5cc(*)c(F)cn5)cc4ccc(c1)c2c34,2.607326414466442
*c1ccc(c2cc(*)cnc2CC)cc1,1.869504566454137
*c1ccc(c3cc(*)ccc3N=C=S)c2nsnc12,3.769538684674385
*c1cc2cc3sc(c4ccc(*)cc4C(F)(F)F)cc3cc2s1,2.890240424291722
*c1ccc(c2cccc(C(=O)O)c2*)cc1,2.26145261353278
*c1cc2cc3sc(c4ccc(C(F)(F)F)c(*)c4)cc3cc2s1,2.784974512707931
*c1cc2ccc3cc(c5ccc(*)c(Cl)c5C)cc4ccc(c1)c2c34,2.608555919235487
*c1cc(F)c(c2c(N)c(Cl)cc(*)c2Cl)cc1F,2.003052599809984
*c1cc2ccc3cc(C5=CC(=O)C(*)=CC5=O)cc4ccc(c1)c2c34,4.717238110340283
*c1ccc(c2ccc(*)c(C)c2C)cc1,1.3618733844903537
*c1ccc(c3cc(*)c4c(c3)CC(=O)N4)c2nsnc12,3.6356415119768815
*c1cc2cc3sc(c4cc(*)c([N+](=O)[O-])cn4)cc3cc2s1,3.879724761842735
*c1ccc(-c2ccc(c3cncc(*)c3OC)s2)s1,2.8179523166094245
*c1ccc(-c2ccc(c3ccc4sc(*)nc4c3)s2)s1,3.135222288068745
*c1ccc2c(c1)C(C)(C)c1cc(c4cc(*)c(O)c(CBr)c4)ccc1-2,2.071710240875493
*c1cc2ccc3cc(c5nccc6nc(*)sc56)cc4ccc(c1)c2c34,3.0467626245678208
*c1cc2ccc3cc(c5nc(*)c(OC)cc5[N+](=O)[O-])cc4ccc(c1)c2c34,3.6205661862170007
*c1ccc(-c2ccc(c3cc(*)c(F)c(F)c3)s2)s1,2.943465479672147
*c1ccc2c(c1)C(C)(C)c1cc(c4cccc(*)c4Cl)ccc1-2,2.0956725288779983
*c1cc(F)c(c2cc(F)cc(*)c2N)cc1F,1.8945470460692595
*c1ccc2c(c1)S(=O)(=O)c1cc(c4ccc(OC(C)C(=O)Cl)c(*)c4)ccc1-2,2.7461504226233693
*c1ccc2c(c1)C(C)(C)c1cc(c4cc(*)cc(CC(=O)OC)c4)ccc1-2,2.222268980143999
*c1cc2cc3sc(c4c(N)c(Cl)cc(*)c4OC)cc3cc2s1,2.3539874166322097
*c1cc(F)c(c2ccc(OC(F)(F)F)cc2*)cc1F,2.738473864101884
*c1ccc(-c2ccc(c3cc(C)c(*)cn3)s2)s1,2.9686538367639472
*c1ccc(-c2ccc(c3cc(F)c(*)cc3F)s2)s1,3.2034043231348024
*c1ccc(c3ccc(*)c(C#N)c3)c2nsnc12,3.8454904395899465
*c1cc(F)c(c2sc(*)c([N+](=O)[O-])c2[N+](=O)[O-])cc1F,4.166513894383616
*c1cc2cc3sc(c4nc(*)n(C)c4C)cc3cc2s1,2.3091982916558926
*c1ccc(-c2ccc(c3cc(*)c4ncnc(Cl)c4c3)s2)s1,3.451727484972569
*c1ccc2c(c1)S(=O)(=O)c1cc(c4cc(*)cc(C)c4N)ccc1-2,2.4106157225102978
*c1ccc2c(c1)C(C)(C)c1cc(c4nc(*)c(Cl)nc4N)ccc1-2,2.505227977684633
*c1ccc2c(c1)S(=O)(=O)c1cc(c4cc(*)c(Cl)[nH]c4=O)ccc1-2,2.9511629250756224
*c1ccc(c2cc(OC)c(*)cc2OC)cc1,1.895997410564964
*c1cc(F)c(c2cc(*)c(C=O)cn2)cc1F,3.530551430885581
*c1ccc(-c2ccc(c3ccc(*)cc3CC)s2)s1,2.743846157713939
*c1ccc(c2ccc(*)c(N)c2N)cc1,1.1870148354885974
*c1ccc2c(c1)[nH]c1cc(c4ccc(*)c(C(=O)OCC)c4)ccc12,2.219661806265005
*c1ccc(-c2ccc(c3cnc(*)cn3)s2)s1,3.341223208414352
*c1cc2ccc3cc(c5ncc(*)n5C)cc4ccc(c1)c2c34,2.4614602629458817
*c1cc2ccc3cc(c5c(N)c(Cl)cc(*)c5F)cc4ccc(c1)c2c34,2.518241689036337
*c1ccc(c2ccc(*)[nH]2)cc1,1.7193795801352263
*c1cc(F)c(c2c(C)cc(*)cc2[N+](=O)[O-])cc1F,3.5795010382147296
*c1ccc2c(c1)C(C)(C)c1cc(c4c[nH]cc(*)c4=O)ccc1-2,2.1128778981326355
*c1ccc2c(c1)C(C)(C)c1cc(c4cnc5c(*)cc([N+](=O)[O-])cc5c4)ccc1-2,3.684023089751238
*c1nc2ncccc2cc1c3cc(F)c(*)cc3F,3.1640708963057165
*c1ccc2c(c1)C(C)(C)c1cc(c4sc(*)cc4C(=O)OC)ccc1-2,2.9555206060882604
*c1ccc(c3cc(*)cc(OC(F)(F)F)c3N=C=S)c2nsnc12,3.984332230133539
*c1ccc(-c2ccc(c3cc(C)cc(*)c3[N+]#[C-])s2)s1,2.7433176096808483
*c1ccc(c2cc(C)cc(*)c2O)cc1,1.598739111379449
*c1cnc2c(c3ccc(*)cc3)cc(C)cn12,1.934264876715465
*c1ccc2c(c1)[nH]c1cc(c4nc(*)c(C(=O)O)cc4Cl)ccc12,2.8432159836815667
*c1ccc(c3nc(*)c(OCC)cc3N)c2nsnc12,3.410562158427468
*c1ccc2c(c1)C(C)(C)c1cc(c4ccc(*)c(Cl)c4Cl)ccc1-2,2.393661749104014
*c1ccc2c(c1)C(C)(C)c1cc(c4cc5[nH]cnc5c(*)c4N)ccc1-2,1.8098811251114235
*c1ccc2c(c1)S(=O)(=O)c1cc(c4ncc(*)c(C)n4)ccc1-2,3.1265421778154625
*c1ccc2c(c1)[nH]c1cc(c4cc(C=CC(=O)O)cc(*)c4OC(C)C)ccc12,2.627013313998841
*c1ccc2c(c1)[nH]c1cc(c4cc(C=CC(=O)O)cc(*)c4OCC)ccc12,2.667896318841418
*c1ccc2c(c1)S(=O)(=O)c1cc(c4cc(F)c(*)c([N+](=O)[O-])c4F)ccc1-2,3.58443001075908
*c1ccc2c(c1)S(=O)(=O)c1cc(c4ncc(*)nc4C(=O)O)ccc1-2,3.563354342685975
*c1ccc2c(c1)[nH]c1cc(c4ccc(C=O)c(*)c4)ccc12,2.775100035684241
*c1ccc2c(c1)[nH]c1cc(c4ccc5nc(*)ccc5c4)ccc12,2.539174469598099
*c1ccc2c(c1)S(=O)(=O)c1cc(c4cc(*)c5ncnc(Cl)c5c4)ccc1-2,3.3793925049691627
*c1ccc(c3c[nH]cc(*)c3=O)c2nsnc12,3.5857737448568674
*c1ccc2c(c1)C(=O)c1ccc(c4ccc(-c5ccc(*)s5)s4)cc1C2=O,4.099897371818612
*c1cc(F)c(c2cc(*)ccc2OCCOC)cc1F,2.013181002544355
*c1ccc2c(c1)[nH]c1cc(c4cccc(*)[n+]4[O-])ccc12,2.16063635522288
*c1cc(F)c(c2ccc(*)c(N)c2)cc1F,1.9190702687257395
*c1cc(F)c(c2cnc(CO)c(*)c2)cc1F,2.376048816025824
*c1nc(c3cc(F)c(*)cc3F)cn2c(Cl)cnc12,3.0416539030004213
*c1ccc2c(c1)S(=O)(=O)c1cc(c4cc(*)cc(C=O)c4)ccc1-2,2.982736666220207
*c1cc(F)c(c2cc(C)cc(*)c2Cl)cc1F,2.0937974243434296
*c1ccc(c3ccc(*)c(N)c3N)c2nsnc12,3.373154767670166
*c1cc2c(c(c3cc(F)c(*)cc3F)c1N)OC(F)(F)O2,2.2826756623219757
*c1cc2cc3sc(c4ccc(*)c5nsnc45)cc3cc2s1,3.866587021905411
*c1cc(c3cc(F)c(*)cc3F)cc2sc(N)nc12,2.0460702606502625
*c1ccc2c(c1)[nH]c1cc(c4cnc(*)c(C(C)=O)n4)ccc12,2.9220146198196746
*c1ccc2c(c1)S(=O)(=O)c1cc(c4ccc(*)cc4[N+](=O)[O-])ccc1-2,3.494842338400537
*c1ccc2c(c1)[nH]c1cc(c4cnc([N+](=O)[O-])c(*)c4)ccc12,3.411593062836265
*c1ccc2c(c1)C(C)(C)c1cc(c4sc(*)cc4C=O)ccc1-2,3.1238467951851017
*c1ccc2c(c1)S(=O)(=O)c1cc(c4cc(*)cc(C(C)=O)c4)ccc1-2,2.879706128368132
*c1ccc2c(c1)S(=O)(=O)c1cc(c4cc(S(C)(=O)=O)cc(*)c4N)ccc1-2,2.524948599858691
*c1ccc(c3cc4c(cc3*)C(=O)OC4=O)c2nsnc12,4.395862455813609
*c1cc2ccc3cc(c5c(N)c(C)cc(*)c5Cl)cc4ccc(c1)c2c34,2.504885505771221
*c1ccc(-c2ccc(c3ccc(*)o3)s2)s1,2.899413527317208
*c1[nH]nc2cnc(c3cc(F)c(*)cc3F)cc12,2.883556384748008
*c1cc2ccc3cc(c5ccc(N)c(*)n5)cc4ccc(c1)c2c34,2.325770036575912
*c1cc(F)c(c2ccc(*)cc2[N+](=O)[O-])cc1F,3.5824876855005856
*c1ccc(-c2ccc(c3cc(*)c4c(c3)NC(=O)C4=O)s2)s1,3.8691364771792114
*c1cc2ccc3cc(c5c(OC)cc(*)c6ncccc56)cc4ccc(c1)c2c34,2.599247346643267
*c1ccc2c(c1)[nH]c1cc(c4cc(F)cc(*)c4O)ccc12,1.8953609990099949
*c1ccc2c(c1)C(C)(C)c1cc(c4cc(*)cc(C(F)(F)F)c4)ccc1-2,2.353470827966574
*c1ccc2c(c1)S(=O)(=O)c1cc(c4cc(*)c5c(n4)CCCN5)ccc1-2,2.559094568428609
*c1cc2cc3sc(c4c5c(c(*)c6nsnc46)N=S=N5)cc3cc2s1,4.598384484254838
*c1cc(F)c(c2cc([N+](=O)[O-])c(*)cc2C)cc1F,3.568054610063224
*c1cc2cc3sc(c4cc(*)cc(CC#N)c4)cc3cc2s1,2.6356545804653067
*c1ccc2c(c1)[nH]c1cc(c4ncc(*)n4C)ccc12,1.8129646878819887
*c1cc2ccc3cc(c5cc(*)cc(CC)c5)cc4ccc(c1)c2c34,2.4677542574187115
*c1ccc(c3cc(*)c(C)cc3OC)c2nsnc12,3.59223671817466
*c1ccc(c3cc(F)c(*)cc3Cl)c2nsnc12,3.91379397644377
*c1ccc2c(c1)S(=O)(=O)c1cc(c4cc(*)cc(C#N)c4O)ccc1-2,2.793995376661053
*c1ccc2c(c1)C(C)(C)c1cc(c4ccc(*)c(N=C=S)c4)ccc1-2,2.404065523193497
*c1ccc2c(c1)S(=O)(=O)c1cc(c4ccc(*)cc4C(C)C)ccc1-2,2.6085800883425283
*c1ccc2c(c1)[nH]c1cc(c4cc(*)cc5c4C(N)CCO5)ccc12,1.6313877551933624
*c1cc2cc3sc(c4cc(*)cc5c4OCC5)cc3cc2s1,2.437883911114506
*c1cc2ccc3cc(c5cc(*)c(F)c(Cl)c5)cc4ccc(c1)c2c34,2.658213725495868
*c1cc2ccc3cc(c5cccc(*)c5CC(=O)O)cc4ccc(c1)c2c34,2.6641071898028748
*c1cc2cc3sc(c4ccc(C)cc4*)cc3cc2s1,2.435070946054836
*c1ccc2c(c1)[nH]c1cc(c4cc(*)ccc4N=C=S)ccc12,2.31636612293914
*c1ccc2c(c1)S(=O)(=O)c1cc(c4cc(*)cc(C(C)C)c4N)ccc1-2,2.4262327936712165
*c1ccc2c(c1)S(=O)(=O)c1cc(c4sc(*)c5c4OCCO5)ccc1-2,3.1292671519185093
*c1ccc(c2c(C)ncc(*)c2C)cc1,1.5663322261509849
*c1cc2ccc3cc(c5nnc(*)s5)cc4ccc(c1)c2c34,3.1446643263040173
*c1ccc(c3ccc(*)s3)c2nsnc12,3.861573852619068
*c1cc(F)c(c2cc(*)cc(N)n2)cc1F,2.354769289578441
*c1cc(F)c(c2cc(S(C)(=O)=O)cc(*)c2N)cc1F,1.8970176495273647
*c1cc(c3ccc(*)cc3)c(O)c2ncccc12,2.415390689997258
*c1c2c(=O)oc(=O)c2c(c4ccc(-c5ccc(*)s5)s4)c2c(=O)oc(=O)c12,4.97271080684182
*c1ccc(-c2ccc(c3cnc4c(*)cnn4c3)s2)s1,2.7853979455315043
*c1cc2ccc3cc(c5sc(*)cc5CCCCCCCC)cc4ccc(c1)c2c34,2.522380885902214
*c1cc(F)c(c2cncc(*)c2Cl)cc1F,2.507324814955
*c1ccc(c3ccsc3*)c2nsnc12,3.593188410116327
*c1ccc2cccc(c3cc(F)c(*)cc3F)c2n1,2.9776276452400414
*c1ccc(c2cc(*)c(OC)cc2F)cc1,1.7666015640718562
*c1cc2ccc3cc(c5cn(C)c(*)n5)cc4ccc(c1)c2c34,2.362568029454575
*c1ccc2c(c1)[nH]c1cc(c4cc(C=O)c(*)cc4C=O)ccc12,3.461612433184203
*c1ccc(-c2ccc(c3cc(Cl)c(*)cc3C)s2)s1,2.9080596191041144
*c1ccc2c(c1)C(C)(C)c1cc(c4cc(*)cc([N+](=O)[O-])c4[N+]([O-])=NC(C)(C)C)ccc1-2,3.7003766316004953
*c1ccc2c(c1)S(=O)(=O)c1cc(c4ccc(*)c5ccccc45)ccc1-2,2.73460527330232
*c1ccc(c2c(N)cc(C)c(*)c2C)cc1,1.2529744889573209
*c1ccc2c(c1)[nH]c1cc(c4cc(*)c(F)cn4)ccc12,2.357145825154157
*c1ccc2c(c1)S(=O)(=O)c1cc(c4cc(*)ccc4OCC4CCCCO4)ccc1-2,2.6452426437571512
*c1ccc2c(c1)[nH]c1cc(c4cnc(*)c(C(=O)O)c4)ccc12,2.5661501988887325
*c1ccc(-c2ccc(c3cc(*)ncc3Cl)s2)s1,3.1774606250797013
*c1ccc(c2cc(F)c(*)cc2F)cc1,2.335585824492436
*c1ccc(c2ccc(*)c(F)c2C)cc1,1.8519086695372824
*c1ccc2c(c1)C(C)(C)c1cc(c4ccc5c(c4)c(*)cn5C(=O)OC(C)(C)C)ccc1-2,2.144929943846762
*c1cc2cc3sc(C4=CC(=O)C(*)=CC4=O)cc3cc2s1,4.892319279767431
*c1ccc(c2ccc(C(=O)O)c(*)n2)cc1,2.949826493009273
*c1ccc(c3cccc(*)c3[N+](=O)[O-])c2nsnc12,4.006160593317177
*c1ccc(c2cccc(*)c2CO)cc1,1.5371123915139313
*c1cc2cc3sc(c4cc(*)cc(C(=O)OC)c4)cc3cc2s1,2.806358148630342
*c1cc2cc3sc(c4cc(F)cc(*)c4F)cc3cc2s1,2.83050822405064
*c1ccc2c(c1)[nH]c1cc(c4cccc(*)c4C(=O)O)ccc12,2.051683567498957
*c1cc2ccc3cc(c5c(C)c(C)cc(*)c5N)cc4ccc(c1)c2c34,2.4080795851625
*c1ccc(c3sc(*)nc3C(=O)OC)c2nsnc12,4.257141095334433
*c1cc(c3ccc(*)cc3)cc(Oc2ccccc2)c1,1.8680217317751115
*c1ccc2c(c1)S(=O)(=O)c1cc(c4ccc(*)cc4S)ccc1-2,2.717272777914502
*c1ccc(-c2ccc(c3c([N+](=O)[O-])ccc(*)c3F)s2)s1,3.8370117317943535
*c1ccc2c(c1)[nH]c1cc(c4ccc5c(c4)sc4cc(*)ccc45)ccc12,2.173261757225478
*c1ccc2c(c1)[nH]c1cc(c4cc(I)c(*)cc4I)ccc12,1.5183953537262986
*c1ccc2c(c1)S(=O)(=O)c1cc(c4cc5sc(*)cc5s4)ccc1-2,3.1802851180961427
*c1ccc2c(c1)C(C)(C)c1cc(c4ccc(C=O)c(*)c4)ccc1-2,2.932832765798654
*c1cc(F)c(c2cc(*)ccc2C(N)=O)cc1F,2.3622085227848943
*c1ccc(c3cc(*)cc([N+](=O)[O-])c3[N+]([O-])=NC(C)(C)C)c2nsnc12,4.186807959108049
*c1ccc2c(c1)C(C)(C)c1cc(c4cc(*)ccc4C)ccc1-2,1.9755586448686973
*c1cccc2c1oc1c(c4cc(F)c(*)cc4F)cccc12,2.4251795832409484
*c1ccc2c(c1)C(C)(C)c1cc(c4cc(C(=O)OC)[nH]c4*)ccc1-2,2.3232374348429383
*c1ccc2c(c1)C(C)(C)c1cc(c4ccc5occ(*)c5c4)ccc1-2,2.087235355565732
*c1cc(F)c(c2cc(*)ccc2C(=O)OCC)cc1F,2.766533256615173
*c1cc2ccc3cc(c5ccc(*)c[n+]5[O-])cc4ccc(c1)c2c34,2.664216142054053
*c1ccc(c3ccc4nc(*)sc4c3)c2nsnc12,3.9808845826813415
*c1cc2ccc3cc(c5cc(*)c(OCc6ccccc6)c(C=O)c5)cc4ccc(c1)c2c34,2.8231228553153054
*c1ccc(c3cc(CC(=O)O)cc(*)c3O)c2nsnc12,3.814878266635087
*c1cnc2c(ccc3cc(c4ccc(*)c5nsnc45)cnc32)c1,3.806196137643046
*c1cc2cc3sc(c4c[nH]c5nc(C)c(*)cc45)cc3cc2s1,2.322593047227838
*c1ccc(N(c2ccccc2)c2ccc(c4ccc(*)c5nsnc45)cc2)cc1,3.4953637092627248
*c1cc(c3cc(F)c(*)cc3F)cc2[nH]nc(N)c12,2.1600093829254083
*c1ccc(c3cncc(*)c3C#N)c2nsnc12,3.940011889465912
*c1cc2ccc3cc(c5cc(F)cc(*)n5)cc4ccc(c1)c2c34,2.558638383995592
*c1ccc2c(c1)S(=O)(=O)c1cc(c4ccc(*)c(NC(C)=S)c4)ccc1-2,2.8529552835960743
*c1cc2cc3sc(c4c(O)cc(O)c(*)c4O)cc3cc2s1,2.272726024867449
*c1cc2ccc3cc(c5ccc6c(c5)S(=O)(=O)c5cc(*)ccc5-6)cc4ccc(c1)c2c34,2.797710062646368
*c1ccc2c(c1)S(=O)(=O)c1cc(c4c(N)c(Cl)cc(*)c4F)ccc1-2,2.611165805590623
*c1ccc2c(c1)C(C)(C)c1cc(c4cc(F)cc(*)c4CO)ccc1-2,2.1563436628649617
*c1ccc(c3cc(CC(N)C(=O)O)cc(*)c3O)c2nsnc12,3.891611938236424
*c1cc2cc3sc(c4cc(*)c(OC)c5ncccc45)cc3cc2s1,2.7678957712919865
*c1ccc(c2nc(C(=O)OC)cc(*)c2N)cc1,2.252304127631436
*c1ccc(-c2ccc(c3cc(*)c(C=O)c(F)c3)s2)s1,3.480039596292177
*c1ccc2c(c1)[nH]c1cc(c4cncc(*)n4)ccc12,2.4976350698899847
*c1ccc2c(c1)C(C)(C)c1cc(c4ccnc5c4ccc4c(*)ccnc45)ccc1-2,2.676319813050716
*c1ccc(-c2ccc(c3cc(C(=O)OC)c(*)o3)s2)s1,3.2503960060659782
*c1ccc2c(c1)S(=O)(=O)c1cc(c4c(N)c(*)cc(F)c4Cl)ccc1-2,2.667168478940239
*c1cc(F)c(c2cc(O)c(*)cc2O)cc1F,2.299776725331314
*c1ccc2c(c1)[nH]c1cc(c4cc(OC)c(O)c(C=O)c4*)ccc12,2.684856441406597
*c1ccc(-c2ccc(c3cncc(*)n3)s2)s1,3.0736071788142865
*c1ccc(c2cnc(CO)c(*)c2)cc1,1.952503847000037
*c1ccc(c2cc(C(C)C)cc(*)c2N)cc1,1.3990183402157754
*c1ccc(-c2ccc(c3cnc4c(*)cc([N+](=O)[O-])cc4c3)s2)s1,3.744613266533797
*c1cc(c4cc(F)c(*)cc4F)c2nc(-c3ccc(C)cc3)ccc2c1,2.86212786858987
*c1cc2cc3sc(c4cc([N+](=O)[O-])cc(*)c4F)cc3cc2s1,3.6436848108870423
*c1cc2ccc3cc(c5cc(*)nnc5N)cc4ccc(c1)c2c34,2.522951555488423
*c1[nH]nc2cc(c3cc(F)c(*)cc3F)ncc12,2.881218461264273
*c1cc2cc3sc(c4cc(*)c5c(c4)C(=O)C(=O)N5)cc3cc2s1,3.781637754820229
*c1cc(F)c(c2cc(*)c(N)c(C)c2F)cc1F,1.7627811252134542
*c1cc2ccc3cc(c5c6ccccc6c(*)c6ccccc56)cc4ccc(c1)c2c34,2.666314844917381
*c1ccc2c(c1)C(C)(C)c1cc(c4cc([N+](=O)[O-])cc(*)n4)ccc1-2,3.781981844883238
*c1cc2cc3sc(c4ccc(*)c(C)c4[N+](=O)[O-])cc3cc2s1,3.268430546165405
*c1ccc(-c2ccc(c3cc(Cl)cc(*)n3)s2)s1,3.026944097623616
*c1ccc2c(c1)[nH]c1cc(c4cc(CCCCCC)c(*)s4)ccc12,2.1844897714006373
*c1cc2cc3sc(c4cc(C(=O)OC)c(*)[nH]4)cc3cc2s1,2.742523518808235
*c1ccc2c(-c3c(O)ccc4cc(c5cc6cc7sc(*)cc7cc6s5)ccc34)c(O)ccc2c1,2.639298397685764
*c1ccc2c(c1)S(=O)(=O)c1cc(c4cc(*)c(Cl)c(C(C)C)c4)ccc1-2,2.777852226254232
*c1cc2ccc3cc(c5cc(C(F)(F)F)c(*)cn5)cc4ccc(c1)c2c34,2.6820260880231475
*c1ccc2c(c1)[nH]c1cc(c4ncc(*)cc4F)ccc12,2.401323972632645
*c1cc(F)c(c2nc(*)c(OC)cc2[N+](=O)[O-])cc1F,3.828733797231231
*c1ccc2c(c1)C(C)(C)c1cc(c4cccc(*)c4C(=O)OC)ccc1-2,2.292381948327761
*c1ccc2c(c1)S(=O)(=O)c1cc(c4cnc5c(ccc6cc(*)cnc65)c4)ccc1-2,3.055786393739304
*c1cc(F)c(c2cc(C(=O)OC)[nH]c2*)cc1F,2.4378176246224483
*c1ccc2c(c1)S(=O)(=O)c1cc(c4ccnc5cc(*)cnc45)ccc1-2,3.232289999740067
*c1ccc2c(c1)[nH]c1cc(c4cc(F)cc(*)c4F)ccc12,2.0526620594061527
*c1ccc2c(c1)S(=O)(=O)c1cc(c4c(N)cc(C)c(*)c4C)ccc1-2,2.3797603453997445
*c1ccc(c3cc(*)c4ncnc(Cl)c4c3)c2nsnc12,3.893215749997049
*c1ccc(c2ccc(O)c(*)c2)cc1,1.563385664463456
*c1ccc(-c2ccc(c3cc(C=CC(=O)O)cc(*)c3OC(C)C)s2)s1,2.9819718911867987
*c1cc2ccc3cc(c5cc(*)ccc5[N+](=O)[O-])cc4ccc(c1)c2c34,3.4394465321679237
*c1cc2ccc3cc(c5nccc(*)c5N)cc4ccc(c1)c2c34,2.419151530613794
*c1cc2cc3sc(c4nc(*)n(C5CCCCO5)n4)cc3cc2s1,2.743084057113458
*c1cc2ccc3cc(c5ccc6c7ccc(*)cc7n(CC)c6c5)cc4ccc(c1)c2c34,2.3808997638255387
*c1cc2cc3sc(c4nc5ncccc5cc4*)cc3cc2s1,3.136283327774495
*c1ccc2c(c1)S(=O)(=O)c1cc(c4ccc([N+]#[C-])c(*)c4)ccc1-2,2.8578360781049668
*c1ccc2c(c1)S(=O)(=O)c1cc(c4cc(C(=O)O)c(*)o4)ccc1-2,3.3141566270952083
*c1ccc2c(c1)C(C)(C)c1cc(c4cc(*)cc5[nH]nc(N)c45)ccc1-2,2.086532199098958
*c1cc2ccc3cc(c5cc(C(=O)O)c(*)o5)cc4ccc(c1)c2c34,2.786590814228349
*c1cc2ccc3cc(c5cc(*)c[n+]([O-])c5)cc4ccc(c1)c2c34,2.688778351065519
*c1cc(F)c(c2cc(F)cc(*)c2OC)cc1F,2.2561133423664246
*c1cc(F)c(c2ncc(*)s2)cc1F,3.426217411098559
*c1ccc2c(c1)S(=O)(=O)c1cc(c4cnc(Cl)c(*)c4C)ccc1-2,2.744744718026773
*c1cc(F)c(c2ccc(*)c[n+]2[O-])cc1F,2.896805649656806
*c1cc2cc3sc(c4cc(*)c(N)c(Cl)c4Cl)cc3cc2s1,2.5181749964301527
*c1ccc(c2c(C)c(C)c(*)c(C)c2C)cc1,1.4830218649950326
*c1ccc(c3cc(OC)c(OC)cc3*)c2nsnc12,3.584072662008539
*c1ccc(-c2ccc(c3ccc(*)nc3C(=O)O)s2)s1,3.2669476081464395
*c1ccc(-c2ccc(c3cc(*)ncc3N)s2)s1,2.539621642491933
*c1ccc2c(c1)C(C)(C)c1cc(c4ccc(*)cc4CC#N)ccc1-2,2.219519914283514
*c1cc(F)c(c2nc(*)c(C)s2)cc1F,2.848405033631994
*c1ccc2ccc3c(c5ccc(*)cc5)ccc4ccc1c2c43,2.56643651405856
*c1ccc2c(c1)S(=O)(=O)c1cc(c4cc(OC)c(*)cc4OC)ccc1-2,2.7408272803540745
*c1cc(F)c(c2ccc(F)c(*)n2)cc1F,2.6592743230337645
*c1ccc(c3cc(*)c(Cl)cc3F)c2nsnc12,3.845946098841608
*c1ccc(-c2ccc(c3c(N)c(F)cc(*)c3C(F)(F)F)s2)s1,2.553110404285164
*c1ccc2c(c1)[nH]c1cc(c4c(F)c(F)c(-c5c(F)c(F)c(*)c(F)c5F)c(F)c4F)ccc12,2.808300000001509
*c1ccc(-c2ccc(c3cc(*)cc(C)c3C)s2)s1,2.530977072596489
*c1cc(F)c(c2cc(*)cc(C)c2Cl)cc1F,2.3358042653098696
*c1ccc2c(c1)C1(CCOCC1)c1cc(c5ccc(*)c6nsnc56)ccc1-2,3.661579181615526
*c1ccc(c2c(F)ncc(*)c2C)cc1,1.8713423210912568
*c1cc2ccc3cc(c5cc(*)c(N)c(C)c5F)cc4ccc(c1)c2c34,2.429308574761829
*c1ccc2c(c1)S(=O)(=O)c1cc(c4cccc(*)[n+]4[O-])ccc1-2,2.923701425145467
*c1cc2cc3sc(c4ccc(C(=O)O)c(*)c4OC(F)F)cc3cc2s1,3.187155872938104
*c1ccc2c(c1)C(C)(C)c1cc(c4cc(*)c(Cl)nc4C)ccc1-2,2.2722649375679103
*c1ccc(c3ccc(C(C)=O)c(*)c3)c2nsnc12,3.792004537048581
*c1ccc2c(c1)C(C)(C)c1cc(c4nc(C(=O)O)c(*)s4)ccc1-2,3.2247159824432376
*c1cc(F)c(c2cc(*)cc(C(F)(F)F)c2)cc1F,2.510618802653188
*c1ccc2c(c1)C(C)(C)c1cc(c4cc(C(F)(F)F)c(*)cn4)ccc1-2,2.748495536311162
*c1cc(F)c(c2cc(*)c(OC)cc2F)cc1F,2.1072210569648195
*c1ccc(-c2ccc(c3cc(C)nc(*)c3O)s2)s1,2.9269542259113672
*c1ccc(c3nc4cc(*)ccn4n3)c2nsnc12,3.761559303547447
*c1nc(c3ccc(*)cc3)cc2ccccc12,2.513918579933088
*c1ccc2c(c1)S(=O)(=O)c1cc(c4cc(*)c5c(c4)CC(=O)N5)ccc1-2,2.6571161889525943
*c1cc(F)c(c2ccc(C(=O)O)c(*)c2)cc1F,2.86010403595926
*c1cc(F)c(c2cc(*)c(O)c([N+](=O)[O-])c2C)cc1F,3.6488304613223312
*c1cc(F)c(c2cc(C)c(*)cn2)cc1F,2.512027452272753
*c1ccc2c(c1)[nH]c1cc(c4cccc(*)c4OC)ccc12,1.7501699964475073
*c1cc(F)c(c2cc(C=CC(=O)O)cc(*)c2OC(C)C)cc1F,2.7522329130401197
*c1ccc(c3sc(*)cc3C(=O)O)c2nsnc12,4.114767108590399
*c1ccc2c(c1)[nH]c1cc(c4cc(*)ccc4[N+](=O)[O-])ccc12,3.33676229187785
*c1cc2ccc3cc(c5ccc(OC(C)C(=O)Cl)c(*)c5)cc4ccc(c1)c2c34,2.656599965235994
*c1ccc2c(c1)C(C)(C)c1cc(c4ccc(*)nc4N)ccc1-2,2.298771367016582
*c1ccc(c2cc(OC(F)F)cc(*)c2Cl)cc1,2.1622384036661195
*c1cc2ccc3cc(c5cnnc(*)c5)cc4ccc(c1)c2c34,2.7352554795999944
*c1ccc(c2cc(C(C)=O)cc(*)c2N)cc1,2.0932365377034703
*c1ccc(c2cc(*)c(N)c(C(C)=O)c2)cc1,2.2748726196455324
*c1ccc2c(c1)C(C)(C)c1cc(c4cc(C=CC(=O)O)cc(*)c4OCCC)ccc1-2,2.8173000004111586
*c1ccc(c2cccc(*)c2)cc1,1.709849087797429
*c1ccc2c(c1)[nH]c1cc(c4ccc(*)c(F)c4C)ccc12,1.876928833952912
*c1ccc2c(c1)C(C)(C)c1cc(C4=CC(=O)C(*)=CC4=O)ccc1-2,4.683613263839972
*c1ccc(c3ccc4ccc(*)nc4c3)c2nsnc12,3.7239414643543034
*c1ccc(-c2ccc(c3ccc(*)cc3)s2)s1,2.8938336953544272
*c1ccc2c(c1)C(C)(C)c1cc(c4cc(*)ccc4C(N)=O)ccc1-2,2.2573516805148937
*c1ccc(-c2ccc(c3cc(*)nc4cnccc34)s2)s1,3.317918337984717
*c1ccc(c2cc(*)cc(CC)c2)cc1,1.7157708663174716
*c1cc2cc3sc(c4cc(F)c(*)cc4[N+](=O)[O-])cc3cc2s1,3.647333048657498
*c1ccc2c(c1)[nH]c1cc(c4cc(C(=O)O)cc(*)c4O)ccc12,2.1397188529179605
*c1cc2ccc3cc(c5cc(C)cc(*)c5Cl)cc4ccc(c1)c2c34,2.602418787217017
*c1cc2cc3sc(c4cccc5nc(*)nn45)cc3cc2s1,2.988383376816869
*c1ccc2c(c1)[nH]c1cc(c4nc(*)sc4C=O)ccc12,3.382888594797971
*c1cc(F)c(c2ccsc2*)cc1F,2.528722151208884
*c1ccc(c3cc(O)cc(*)c3N)c2nsnc12,3.4750545859617947
*c1ccc2c(c1)C(C)(C)c1cc(c4ccc5nc(*)sc5c4)ccc1-2,2.909367732521166
*c1ccc2c(c1)[nH]c1cc(c4cc(*)cc(OC(F)F)c4)ccc12,2.030930518030555
*c1ccc2c(c1)[nH]c1cc(c4ccc(*)c(O)c4)ccc12,1.847702446025039
*c1ccc(c3cc(*)cc(CO)c3N)c2nsnc12,3.434023366921248
*c1ccc(-c2ccc(c3ncc(*)cc3Cl)s2)s1,3.278694692385853
*c1cc(F)c(c2cc(F)c(*)cc2Cl)cc1F,2.5995226532693065
*c1ccc(-c2ccc(c3cc(*)c([N+](=O)[O-])cn3)s2)s1,3.9109091235630418
*c1ccc2c(c1)S(=O)(=O)c1cc(c4ccc(*)c[n+]4[O-])ccc1-2,3.071543661102041
*c1ccc(c3cc(F)c(*)cc3F)cc1NC(=O)c1ccccc1,2.3719330895860806
*c1cc2ccc3cc(c5cc(C(=O)OC)c(*)o5)cc4ccc(c1)c2c34,2.7659857409850552
*c1ccc2c(c1)C(C)(C)c1cc(c4cc(*)c(NC(C)=O)c(C(C)=O)c4)ccc1-2,2.734681829229593
*c1ccnc2c1ccc1c(c4cc(F)c(*)cc4F)ccnc12,2.837343283027419
*c1ccc2c(c1)C(C)(C)c1cc(c4cc(*)cc(C(N)=S)c4)ccc1-2,2.458252124615221
*c1cc2cc3sc(c4cc(C=O)cc(*)c4OC(C)=O)cc3cc2s1,3.1074833579465806
*c1cc2ccc3cc(c5nc(*)cn6ccnc56)cc4ccc(c1)c2c34,2.599051072671821
*c1ccc2c(c1)[nH]c1cc(c4cc([N+](=O)[O-])cc(*)n4)ccc12,3.6928222610939834
*c1ccc(-c2ccc(c3cc(*)c(Cl)c(CC)c3)s2)s1,2.8219895524117877
*c1ccc2c(c1)[nH]c1cc(c4cc([N+](=O)[O-])c(*)cc4NC(C)=O)ccc12,3.248289213472471
*c1ccc2c(c1)[nH]c1cc(c4cc(N)c(*)cc4[N+](=O)[O-])ccc12,2.899356019004429
*c1cc2cc3sc(c4cc(F)cc(*)n4)cc3cc2s1,2.890800312728339
*c1ccc(c2cc(*)cc(F)c2Cl)cc1,2.242329348701295
*c1ccc2c(c1)S(=O)(=O)c1cc(c4cc(C)cc(*)n4)ccc1-2,2.822442869338479
*c1cc(F)c(c2c(N)c(*)cc(C)c2Cl)cc1F,1.8368289629430747
*c1cc2ccc3cc(c5c(I)c(*)cc(C)c5[N+](=O)[O-])cc4ccc(c1)c2c34,3.195674920328217
*c1cc2cc3sc(c4ccsc4-c4sccc4*)cc3cc2s1,2.682675879371572
*c1cc2ccc3cc(c5ccc(C(=O)O)c(*)c5OC(F)F)cc4ccc(c1)c2c34,2.869446929924015
*c1cc2ccc3cc(c5cc(*)c(C)cc5OC)cc4ccc(c1)c2c34,2.500248520111508
*c1ccc(c2ccc(OC(C)C(=O)Cl)c(*)c2)cc1,2.334971041876184
*c1ccc2c(c1)S(=O)(=O)c1cc(c4cc(*)c(OCc5ccccc5)c(C=O)c4)ccc1-2,2.974013884960398
*c1ccc(-c2ccc(c3cc(F)c(*)cc3[N+](=O)[O-])s2)s1,3.6911273574480257
*c1ccc2c(c1)[nH]c1cc(c4ccc(*)c5nccnc45)ccc12,2.967328109775891
*c1cc(F)c(c2ccc(*)n2C(=O)OC(C)(C)C)cc1F,2.254301637641839
*c1cc2ccc3cc(c5cc(*)cc(C)c5C)cc4ccc(c1)c2c34,2.4774157755314232
*c1cc2ccc3cc(c5cc(CCCC)c(*)s5)cc4ccc(c1)c2c34,2.52272620661918
*c1ccc2c(c1)S(=O)(=O)c1cc(c4cc(*)c(F)c(C#N)c4)ccc1-2,2.935813156313697
*c1cc2ccc3cc(c5ccc6c7ccc(*)cc7n(-c7ccccc7)c6c5)cc4ccc(c1)c2c34,2.3921999984257707
*c1cc(F)c(c2cc(*)cc(CO)c2N)cc1F,1.7304281242988109
*c1ccc2c(c1)S(=O)(=O)c1cc(c4cc(Cl)cc(*)c4[N+](=O)[O-])ccc1-2,3.5940369419840525
*c1ccc(-c2ccc(c3cnc4cc(*)cnc4c3)s2)s1,3.292587949967649
*c1ccc(c3c(OC)cc(*)c4ncccc34)c2nsnc12,3.696442033650203
*c1cc2cc3sc(c4cc(OC)cc(*)c4C)cc3cc2s1,2.327375578788983
*c1ccc2c(c1)C(C)(C)c1cc(c4ccc(N)c(*)n4)ccc1-2,2.017685617412498
*c1ccc(-c2ccc(c3cc(*)cc(CC(=O)O)c3)s2)s1,2.759501959338458
*c1ccc2c(c1)S(=O)(=O)c1cc(c4cc(*)cc(C(F)F)c4)ccc1-2,2.782979681511649
*c1ccc(c3cc(Cl)c(N)c(*)c3C(=O)OC)c2nsnc12,3.839264101332904
*c1ccc(-c2ccc(c3cc(C(F)(F)F)c(*)cn3)s2)s1,3.2700232029555014
*c1ccc2c(c1)C(C)(C)c1cc(c4[nH]nc5cc(*)ncc45)ccc1-2,2.635228017062852
*c1ccc2ccc3ccc(c4cc(F)c(*)cc4F)nc3c2n1,3.1443800028101183
*c1ccc(-c2ccc(-c3ccc(c4ccc(*)c5nsnc45)s3)s2)s1,3.802243652371869
*c1cc2ccc3cc(c5cc(*)c6nc(Cl)sc6c5)cc4ccc(c1)c2c34,2.664535339818657
*c1ccc(-c2ccc(c3c[nH]c4ncc(*)nc34)s2)s1,2.8309732684478672
*c1cc2cc3sc(c4cc(*)c(N)c(CN(C)C5CCCCC5)c4)cc3cc2s1,2.0289910836885805
*c1ccc(c3cc(*)c(Cl)nc3N)c2nsnc12,3.688160670483816
*c1cc2cc3sc(c4cc(*)cc(N5CCOCC5)c4)cc3cc2s1,2.349558378231952
*c1ccc(-c2ccc(c3cc(C)cc(*)n3)s2)s1,2.764200396567397
*c1ccc(c2cc(C(C)(C)C)cc(*)c2N)cc1,1.406272207202714
*c1ccc(-c2ccc(c3cc(C(C)(C)C)cc(*)c3N)s2)s1,2.31576327117991
*c1ccc(c3cnc(*)nc3)c2nsnc12,3.960663663027435
*c1ccc2c(c1)[nH]c1cc(c4c(I)c(*)cc(C)c4[N+](=O)[O-])ccc12,3.089993929013781
*c1ccc2c(c1)C(C)(C)c1cc(c4cc(*)c(F)cn4)ccc1-2,2.629477705976244
*c1ccc2c(c1)C(=O)C(=O)c1cc(c4ccc(-c5ccc(*)s5)s4)ccc1-2,4.128964766716397
*c1ccc2c(c1)[nH]c1cc(c4cncc(*)c4C)ccc12,1.7276514451874745
*c1ccsc1-c1sccc1c3ccc(*)cc3,2.2700977784398817
*c1ccc(c3cc(C(=O)Cl)c(*)cc3C(=O)Cl)c2nsnc12,4.442148282865215
*c1ccc(c3cc(O)c(*)cc3O)c2nsnc12,3.749121313425861
*c1ccc(-c2ccc(c3ccc(-c4ccc(*)s4)s3)s2)s1,3.1553909278257573
*c1ccc2c(c1)[nH]c1cc(c4nc(*)cn5cc(C(=O)OCC)nc45)ccc12,2.8176185281425257
*c1ccc2c(c1)S(=O)(=O)c1cc(c4cc(*)c(C#N)c(F)c4)ccc1-2,3.1824217012090674
*c1cc(F)c(c2cnc(*)c(C(=O)O)c2)cc1F,3.1061667593395903
*c1cc2ccc3cc(c5ccc(*)cc5NC(=O)c5ccccc5)cc4ccc(c1)c2c34,2.560239337424268
*c1ccc2c(c1)C(C)(C)c1cc(c4cnc(OC)c5c(*)[nH]nc45)ccc1-2,2.609555548536434
*c1cc2ccc3cc(c5cc(*)cc(C=O)c5)cc4ccc(c1)c2c34,2.793423649358739
*c1ccc(c2nc([N+](=O)[O-])c(*)[nH]2)cc1,3.208487471406823
*c1ccc2c(c1)[nH]c1cc(c4cc(F)cc(*)c4N)ccc12,1.594870140501319
*c1ccc2c(c1)S(=O)(=O)c1cc(c4cc(C)c([N+](=O)[O-])c(*)c4N)ccc1-2,3.2500434794022506
*c1ccc(-c2ccc(c3cc(C(C)C)cc(*)c3N)s2)s1,2.3364316963567053
*c1ccc2c(c1)[nH]c1cc(c4ncc(*)c(C)n4)ccc12,2.431892203895104
*c1cc2ccc3cc(c5ccc(CO)c(*)c5)cc4ccc(c1)c2c34,2.525479383918008
*c1ccc2c(c1)S(=O)(=O)c1cc(c4cc(*)c5nc(-c6ccccc6O)ccc5c4)ccc1-2,3.0207840159270987
*c1ccc(c3cc(*)c(N)cc3C)c2nsnc12,3.4303202021378274
*c1cc(F)c(c2ccc(NC(=O)CC#N)c(*)c2)cc1F,2.2720170274137312
*c1cc(F)c(c2cc(*)cc(N)c2C)cc1F,1.722724365406989
*c1ccc(-c2ccc(c3ccc(*)cc3C(C)C)s2)s1,2.707600654900328
*c1cc(F)c(c2cc(*)c(C)cc2C)cc1F,1.77860246388104
*c1cc(F)c(c2cc(*)nc(C(=O)OC)c2)cc1F,3.0901289836024666
*c1cc2cc3sc(c4cc(F)c(*)c(F)c4)cc3cc2s1,3.056772837974982
*c1ccc2c(c1)C(C)(C)c1cc(c4cncc(*)c4N)ccc1-2,1.9384783274203092
*c1ccc2c(c1)S(=O)(=O)c1cc(c4cc(*)cc5ncccc45)ccc1-2,2.9159396480270656
*c1ccc2c(c1)[nH]c1cc(c4cc(*)c5cc[nH]c5c4)ccc12,1.6194084866943863
*c1ccc2ccc3c(c5ccc6c(c5)[nH]c5cc(*)ccc56)ccc4ccc1c2c43,2.5304566821078445
*c1ccc(c3cc(*)cc4cn[nH]c34)c2nsnc12,3.566720882531567
*c1ccc(c3cccc(*)c3COC(C)=O)c2nsnc12,3.7993204103686784
*c1cc(F)c(c2cc(C(C)(C)C)cc(*)c2O)cc1F,2.069855228581808
*c1ccc(-c2ccc(c3cc(*)cc(C(=O)OC)c3)s2)s1,2.91554090625658
*c1ccc2c(c1)C(C)(C)c1cc(c4cc(C)cc(*)n4)ccc1-2,2.344610772255065
*c1ccc2c(c1)C(C)(C)c1cc(c4ncc(*)cc4C(F)(F)F)ccc1-2,2.648145454180786
*c1ccc2c(c1)C(C)(C)c1cc(c4cccc(*)c4OC)ccc1-2,2.1056983321105736
*c1ccc(c3cccc(*)c3Cl)c2nsnc12,3.755733618712131
*c1cc2ccc3cc(c5cc6[nH]cnc6c(*)c5N)cc4ccc(c1)c2c34,2.3104057497020394
*c1ccc(-c2ccc(c3cc(*)ncn3)s2)s1,3.333727276972481
*c1ccc2c(c1)C(C)(C)c1cc(c4sc(*)nc4C(=O)OC)ccc1-2,3.191918438398468
*c1cc2cc3sc(c4ccc(C=O)c(*)n4)cc3cc2s1,3.4507008038556948
*c1ccc2c3ccc(c4cc(F)c(*)cc4F)cc3n(CC)c2c1,2.181281273877021
*c1ccc2c(-c3c(O)ccc4cc(c5ccc6c(c5)[nH]c5cc(*)ccc56)ccc34)c(O)ccc2c1,2.194689870637619
*c1cc2cc3sc(c4cc(F)cc(*)c4O)cc3cc2s1,2.6702840391590126
*c1ccc2c(c1)C(C)(C)c1cc(c4c(Cl)cc(*)c(C)c4Cl)ccc1-2,2.199020755503497
*c1ccc2c(c1)S(=O)(=O)c1cc(c4ccc(*)c5[nH]ncc45)ccc1-2,2.8464447850740564
*c1ccc2c(c1)S(=O)(=O)c1cc(c4cc(*)cc(CC)c4)ccc1-2,2.62757738908037
*c1ccc(-c2ccc(c3cc(*)ccc3OCc3ccccc3)s2)s1,2.5219358621821204
*c1ccc2c(c1)S(=O)(=O)c1cc(c4ccc(*)c(OC)c4)ccc1-2,2.7345010936249703
*c1cc2cc3sc(c4cc(C(=O)OC)c(*)o4)cc3cc2s1,3.1705642247326207
*c1ccc2c(c1)C(C)(C)c1cc(c4cc(*)c(OCCC)c(C=O)c4)ccc1-2,2.701555623922501
*c1cnc2c(c3ccc(*)cc3)cnn2c1,2.310528604540961
*c1ccc2c(c1)S(=O)(=O)c1cc(c4ccc5[nH]c6ccc(*)cc6c5c4)ccc1-2,2.475379152616223
*c1cc2cc3sc(c4cc(*)cc(C(F)(F)F)c4N)cc3cc2s1,2.373536540400462
*c1cc2ccc3cc(c5cc(*)ccc5CC#N)cc4ccc(c1)c2c34,2.55684360110927
*c1cc2ccc3cc(c5cc(O)cc(*)c5N)cc4ccc(c1)c2c34,2.4180044385040778
*c1cc2ccc3cc(c5cc(Cl)cc(*)c5F)cc4ccc(c1)c2c34,2.6404972489714416
*c1cc2cc3sc(c4sc(*)c5c4OCCO5)cc3cc2s1,2.957291253813328
*c1ccc(c2cc(OC)cc(*)c2Cl)cc1,1.7983267836550516
*c1ccc(c3ccc(*)c(C)c3)c2nsnc12,3.613890348842908
*c1ccc(c4cc(F)c(*)cc4F)c2sc(-c3ccccc3)nc12,2.884177657413
*c1ccc2c(c1)S(=O)(=O)c1cc(c4cc(O)cc(*)c4C)ccc1-2,2.5272698735470938
*c1cc2ccc3cc(c5c(N)c(C)cc(*)c5F)cc4ccc(c1)c2c34,2.406900779654862
*c1ccc(c3cc(*)c4[nH]ccc4c3)c2nsnc12,3.44339824796569
*c1ccc(c3nc(*)n(C)n3)c2nsnc12,3.761149233870919
*c1ccc2c(c1)C(C)(C)c1cc(c4cccc(*)c4COC(C)=O)ccc1-2,2.061861604901765
*c1cc2cc3sc(c4ccc(*)c(C(=O)OC)n4)cc3cc2s1,3.1610999555030164
*c1ccc2c(c1)[nH]c1cc(c4ccc(*)c5cccnc45)ccc12,2.444618976691612
*c1ccc(c3cc(*)cc(C(=O)O)c3OC)c2nsnc12,3.855389388260233
*c1ccc(c2ccc(CO)c(*)n2)cc1,2.1907843405437184
*c1ccc(c3cc(*)cc(C(N)=S)c3)c2nsnc12,3.693339736146385
*c1ccc(-c2ccc(c3cc(*)cc(OC(C)C)c3)s2)s1,2.6159923095998616
*c1ccc(-c2ccc(c3cc(*)c(C)nc3C)s2)s1,2.6714459491910887
*c1ccc2c(c1)C(C)(C)c1cc(c4cc(*)c(OC)cc4F)ccc1-2,2.1037995108006715
*c1ccc2c(c1)[nH]c1cc(c4cc(*)c(C(=O)OC)nc4N)ccc12,2.192604541903642
*c1cc2cc3sc(c4ncc(*)cc4C(F)(F)F)cc3cc2s1,3.229073627453332
*c1cc2ccc3cc(c5ccccc5*)cc4ccc(c1)c2c34,2.5235242267308173
*c1cc2cc3sc(c4cc(*)ccc4C(=O)OCC)cc3cc2s1,2.9240831666716565
*c1ccc2c(c1)C(C)(C)c1cc(c4cc(*)c(Cl)nc4N)ccc1-2,2.131609723938676
*c1ccc2c(c1)C(C)(C)c1cc(c4ccc5c(c4)S(=O)(=O)c4cc(*)ccc4-5)ccc1-2,2.8255071933814992
*c1cc2cc3sc(c4ccc5c(c4)[nH]c4cc(*)ccc45)cc3cc2s1,2.551292697455503
*c1ccc(-c2ccc(-c3ccc(c4ccc(-c5ccc(*)s5)s4)s3)s2)s1,3.2382998468287663
*c1cc2ccc3cc(c5cc(*)c(N)c(F)c5)cc4ccc(c1)c2c34,2.462594161845786
*c1ccc(c2c(C(=O)OC)cc(*)cc2C(=O)OC)cc1,2.657259054112062
*c1ccc(-c2ccc(c3cc(F)c(F)c(*)c3N)s2)s1,2.549062490805256
*c1ccc(-c2ccc(c3cc(*)cc4c3C(N)CCO4)s2)s1,2.506970332419508
*c1cc2ccc3cc(c5cc(F)c(F)cc5*)cc4ccc(c1)c2c34,2.684421605304072
*c1cc(F)c(c2nc(*)ccc2O)cc1F,2.365397991633285
*c1ccc(c2cc(F)cc(*)c2OCC)cc1,1.9438932663757795
*c1ccc2c(c1)C(C)(C)c1cc(c4cc(C=CC(=O)O)cc(*)c4OCC)ccc1-2,2.640704099678775
*c1cc2cc3sc(c4cc(C)cc(*)c4N)cc3cc2s1,2.1671838602954043
*c1ccc(c2cc(*)c(F)c(F)c2)cc1,2.141708898597815
*c1cc(F)c(c2ccc(*)c(C(=O)OC)n2)cc1F,2.9686510936451
*c1cc2cc3sc(c4cc(*)c(C)c(C)c4N)cc3cc2s1,2.08077909740328
*c1ccc2c(c1)[nH]c1cc(c4cc(*)cc(NC(=O)C(C)(C)C)c4)ccc12,1.7704250277625824
*c1ccc2c(c1)[nH]c1cc(c4ccc(*)c5nonc45)ccc12,3.347763390214773
*c1ccc2c(c1)C(C)(C)c1cc(c4cc(*)c(C=O)c(F)c4)ccc1-2,3.0807293707482843
*c1cc2ccc3cc(c5cncc(*)c5C=O)cc4ccc(c1)c2c34,3.131169191350817
*c1ccc2c(c1)S(=O)(=O)c1cc(c4ncc(*)nc4N)ccc1-2,3.0529532990684607
*c1cc(F)c(c2c(C)nc(C)c(*)c2C)cc1F,1.7232606152547
*c1ccc2c(c1)S(=O)(=O)c1cc(c4cnc(N)c(*)c4C(F)(F)F)ccc1-2,2.645662786118012
*c1ccc2c(c1)C(C)(C)c1cc(c4cc(CC)cc(*)c4N)ccc1-2,1.8213941362764683
*c1ccc(c3ccc(OC(F)(F)F)cc3*)c2nsnc12,3.826196108518373
*c1cc(F)c(c2cc(F)c(F)cc2*)cc1F,2.531663630070562
*c1cc(F)c(c2nnc(*)cc2C)cc1F,2.8457331394778924
*c1cc2ccc3cc(c5cc(*)c(OCCC)c(C=O)c5)cc4ccc(c1)c2c34,2.7813381921380835
*c1cc(F)c(c2cc(*)c(N)cc2OC)cc1F,1.620058408128809
*c1ccc(c2ccsc2*)cc1,2.117677118718833
*c1ccc2c(c1)S(=O)(=O)c1cc(c4ccc(-c5ccc(-c6ccc(*)cc6)cc5)cc4)ccc1-2,2.841099999981884
*c1cc2ccc3cc(c5ncc(*)c6[nH]cc(C(=O)O)c56)cc4ccc(c1)c2c34,2.5645118743656754
*c1ccc(-c2ccc(c3nc(*)n(C4CCCCO4)n3)s2)s1,2.852640136583904
*c1ccc2c(c1)C(C)(C)c1cc(c4ccc(-c5ccc(-c6ccc(*)cc6)cc5)cc4)ccc1-2,2.319821303379544
*c1ccc2c(c1)C(C)(C)c1cc(c4c(N)c(C)cc(*)c4Cl)ccc1-2,1.8777804413021053
*c1ccc(c3cc(*)c(Cl)c(Cl)c3)c2nsnc12,3.921561514532618
*c1ccc2c(c1)[nH]c1cc(c4cc(F)cc(*)c4OC)ccc12,1.9094883302494696
*c1ccc2c(c1)[nH]c1cc(c4ccc5c(*)ccnc5c4)ccc12,2.458526695941642
*c1cc(F)c(c2cc(C)c(*)cc2C)cc1F,1.736049965485682
*c1ccc(-c2ccc(c3cc(*)c(N)c(C)c3F)s2)s1,2.382948593557682
*c1ccc(-c2ccc(c3ccc(C(C)=O)c(*)c3)s2)s1,2.9938509479088995
*c1ccc2c(c1)C(C)(C)c1cc(c4cc(F)cc(*)c4C=O)ccc1-2,2.890135711718917
*c1ccc(c3cc(N)c(*)cc3F)c2nsnc12,3.5969608478609505
*c1ccc2c(c1)[nH]c1cc(c4cc(*)cc(CBr)c4)ccc12,1.812853558251514
*c1cc(F)c(c2cccc(*)c2C(=O)OC)cc1F,2.4674002576248184
*c1ccc2c(c1)S(=O)(=O)c1cc(c4ccc(*)o4)ccc1-2,3.006590405976582
*c1cc2ccc3cc(c5ccc(C(=O)O)c(*)c5)cc4ccc(c1)c2c34,2.6757406760719267
*c1cc2cc3sc(c4cnc(N(C)C)c(*)n4)cc3cc2s1,2.6008828947226568
*c1ccc2c(c1)[nH]c1cc(c4cccc(*)n4)ccc12,2.088978963697113
*c1cc2ccc3cc(c5cc(C)cc(*)n5)cc4ccc(c1)c2c34,2.440972961472852
*c1ccc(c2ccc(*)cc2[N+](=O)[O-])cc1,3.385605932446627
*c1ccc2c(c1)C(C)(C)c1cc(c4cc(*)nc(C(=O)OC)c4OC)ccc1-2,2.6882837783668494
*c1ccc(-c2ccc(c3ccc(*)c(C(=O)OCC)c3)s2)s1,3.046860346458054
*c1cc2cc3sc(c4ccc(NC(=O)CC#N)c(*)c4)cc3cc2s1,2.593634440612713
*c1ccc(-c2ccc(c3cc(C=CC(=O)O)cc(*)c3OCC)s2)s1,2.822252490761714
*c1ccc(c3[nH]nc4cnc(*)cc34)c2nsnc12,3.7999826435613073
*c1ccc2c(c1)S(=O)(=O)c1cc(c4sc(*)c(C(=O)O)c4C(=O)O)ccc1-2,3.5955961549734177
*c1cc2ccc3cc(c5cc(*)sc5C(=O)O)cc4ccc(c1)c2c34,3.032131830885592
*c1ccc(c2cc(*)c(OC)c(C(=O)O)c2OC)cc1,2.146857864509096
*c1ccc2c(c1)S(=O)(=O)c1cc(c4c(N)c(C)cc(*)c4Cl)ccc1-2,2.531897000123132
*c1cc2ccc3cc(c5cc(*)nn6ccnc56)cc4ccc(c1)c2c34,2.867568177014685
*c1ccc(-c2ccc(c3nn(C)c(*)c3C(=O)OCC)s2)s1,2.8446235711347225
*c1ccc(-c2ccc(c3ccc(CO)c(*)c3)s2)s1,2.6309979898894005
*c1ccc(c3nc(*)sc3CO)c2nsnc12,3.8632937676391528
*c1ccc2c(c1)S(=O)(=O)c1cc(c4cc(C(N)=NO)cc(*)c4OC)ccc1-2,2.667298562235174
*c1ccc(c3cc(*)c4c(c3)C(=O)C(=O)N4CC)c2nsnc12,3.946644412243342
*c1ccc(c3ccc(C)c(*)n3)c2nsnc12,3.625934064258871
*c1ccc2c(c1)C(C)(C)c1cc(c4cc(OC)cc(*)n4)ccc1-2,2.354545499958028
*c1ccc2c(c1)S(=O)(=O)c1cc(c4ccc(C(=O)O)c(*)c4OC(F)F)ccc1-2,3.162816323991657
*c1cccc(c4ccc(*)cc4)c1-c1cc2cnc(N)nc2nc1N,2.2909999999999986
*c1ccc2c(c1)C(C)(C)c1cc(c4cc(C(=O)O)c(*)cc4O)ccc1-2,2.412462996757462
*c1ccc(-c2ccc(c3c(C(F)(F)F)c(*)c[nH]c3=O)s2)s1,3.033355417218002
*c1nc(c3cc(F)c(*)cc3F)cc2ccccc12,2.7170390315288104
*c1ccc2c(c1)C(C)(C)c1cc(c4cncc(*)c4Cl)ccc1-2,2.3508268703662605
*c1ccc(-c2ccc(c3cc(C(=O)OC)[nH]c3*)s2)s1,2.7358778686928376
*c1cc2ccc3cc(c5ccc(OC(C)C(=O)NN)c(*)c5)cc4ccc(c1)c2c34,2.49371455467986
*c1cc(F)c(c2c(O)cc(O)c(*)c2C(=O)O)cc1F,2.456645836397072
*c1cc(F)c(c2cc(*)cc(CC#N)c2)cc1F,2.2724595981239646
*c1ccc(c2cc(*)cc(O)c2)cc1,1.7423150736251365
*c1ccc2c(c1)[nH]c1cc(c4cc(C(F)(F)F)cc(*)c4N)ccc12,1.8290976072806568
*c1ccc2c(c1)S(=O)(=O)c1cc(c4cc(*)c(O)c([N+](=O)[O-])c4C)ccc1-2,3.5511046787637293
*c1cc2ccc3cc(c5cc(*)cc(OC(F)(F)F)c5)cc4ccc(c1)c2c34,2.677715009514414
*c1ccc(c2cc(C)cc(*)n2)cc1,2.129663664205532
*c1cc(F)c(c2cc(F)cc(*)c2C=O)cc1F,3.145627059315421
*c1ccc(-c2ccc(c3nc(*)cn4ccnc34)s2)s1,2.9494497167825005
*c1ccc2c(c1)[nH]c1cc(c4c5ccccc5c(*)c5nsnc45)ccc12,3.7954588821750166
*c1cc2cc3sc(c4cc(*)ccc4OCC4CCCCO4)cc3cc2s1,2.4106556925451037
*c1cc(F)c(c2c(F)cc(F)c(*)c2F)cc1F,2.494768820083091
*c1ccc(c2ccc(N)c(*)c2)cc1,1.2502548332303105
*c1ccc(c2cc(C(=O)O)c(*)cn2)cc1,2.9680725196293136
*c1ccc2c(c1)[nH]c1cc(c4ccc(*)nc4Cl)ccc12,2.3891775483798217
*c1cc2cc3sc(c4cc(*)c(OC)cc4F)cc3cc2s1,2.544774965659071
*c1ccc(c3ncc(*)c4ccccc34)c2nsnc12,3.7189708751286
*c1ccc2c(c1)[nH]c1cc(c4ccc(F)c(*)n4)ccc12,2.2388842307283783
*c1ccc2c(c1)S(=O)(=O)c1cc(c4nc(*)c(C(=O)O)s4)ccc1-2,3.683904656164032
*c1ccc2c3ccc(c5ccc(*)c6nsnc56)cc3c3ccccc3c2c1,3.669658373047705
*c1ccc2c(c1)C(C)(C)c1cc(c4cccc(*)c4C(=O)O)ccc1-2,2.277985076576991
*c1cc2ccc3cc(c5cc(C(=O)O)cc(*)c5O)cc4ccc(c1)c2c34,2.738806379512772
*c1ccc(-c2ccc(c3ccc4cccc(*)c4n3)s2)s1,3.119377394354277
*c1ccc2[nH]c3c([N+](=O)[O-])cc(c4ccc(*)c5nsnc45)cc3c2c1,3.7253033287763686
*c1ccc(-c2ccc(c3cc(CC)c(*)s3)s2)s1,3.0282030595532525
*c1ccc2c(c1)S(=O)(=O)c1cc(c4cc(CC(N)C(=O)OC)cc(*)c4O)ccc1-2,2.689148874126292
*c1ccc2c(c1)C(C)(C)c1cc(c4cc(C)cc(*)c4O)ccc1-2,2.023238809253443
*c1cc2cc3sc(c4ccc(C(=O)O)c(*)c4)cc3cc2s1,2.999224321502374
*c1ccc2c(c1)S(=O)(=O)c1cc(c4nc(*)sc4C=O)ccc1-2,3.8267961460664752
*c1cc(F)c(c2csc(*)n2)cc1F,2.941227844099067
*c1ccc(c2cc(CO)c(*)cn2)cc1,2.284374088477513
*c1cc2ccc3cc(c5c(N)c(*)cc(F)c5Cl)cc4ccc(c1)c2c34,2.5819044936673
*c1ccc(c3cc(C(C)(C)C)cc(*)c3N)c2nsnc12,3.4723961613923686
*c1cc2ccc3cc(c5cc(C(=O)Cl)c(*)cc5C(=O)Cl)cc4ccc(c1)c2c34,3.7731794019649487
*c1ccc2c(c1)[nH]c1cc(c4ccc(*)c(C)c4)ccc12,1.7137791795285584
*c1ccc(-c2ccc(c3cccc(*)c3C(F)(F)F)s2)s1,2.669851802525544
*c1cc2ccc3cc(c5cc(C)c(*)nc5C)cc4ccc(c1)c2c34,2.5133818457790573
*c1ccc2c3ccc(c5ccc(-c6ccc(*)s6)s5)cc3c3ccccc3c2c1,2.843223146461595
*c1cc(F)c(c2nccc(*)c2C#N)cc1F,3.0128193903502027
*c1ccc(c3c(F)cc(N)c(*)c3F)c2nsnc12,3.542043840268275
*c1cc2ccc3cc(c5cc(OC)cc(*)c5Cl)cc4ccc(c1)c2c34,2.6302021053093863
*c1cc2ccc3cc(c5cc(*)cc(C)n5)cc4ccc(c1)c2c34,2.5079198656206865
*c1cccc(-c2cccc(c3cc(F)c(*)cc3F)n2)n1,2.507376745242312
*c1ccc2c(c1)[nH]c1cc(c4cc(C(=O)Cl)c(*)cc4C(=O)Cl)ccc12,3.628407504546935
*c1ccc2c(c1)C(C)(C)c1cc(c4cc(*)cc(OC(F)(F)F)c4)ccc1-2,2.4939607290737227
*c1ccc(-c2ccc(c3nnc(*)cc3C)s2)s1,3.228104304478716
*c1ccc(-c2ccc(c3nccc4nc(*)sc34)s2)s1,3.4259702753098207
*c1cc2cc3sc(c4cc(*)cc(CO)c4)cc3cc2s1,2.593049918411229
*c1cc2cc3sc(c4cc(*)cc(C(=O)O)c4OC)cc3cc2s1,2.797504313177979
*c1ccc2c(c1)[nH]c1cc(c4ccnc5c4ccc4c(*)ccnc45)ccc12,2.516294044780352
*c1ccc2c(c1)[nH]c1cc(c4cc(F)c(F)cc4*)ccc12,2.035129315259398
*c1ccc2c(c1)C(C)(C)c1cc(C4=CC=C(*)S4(=O)=O)ccc1-2,3.5119986118198354
*c1cc2ccc3cc(c5cccc(*)c5F)cc4ccc(c1)c2c34,2.5246231110284807
*c1csc2c(c3ccc(*)cc3)csc12,2.0710242872059563
*c1ccc(c3cc(Cl)cc(*)c3O)c2nsnc12,3.9352053430212406
*c1ccc2c(c1)C(C)(C)c1cc(c4cc(C)c(*)cc4C)ccc1-2,1.844654864470108
*c1ccc2c(c1)C1(CCOCC1)c1cc(c5ccc(*)cc5)ccc1-2,2.2847991318265883
*c1cc2cc3sc(c4ccc(*)c5cccnc45)cc3cc2s1,3.063173323529495
*c1ccc2c(c1)C(C)(C)c1cc(c4cc(*)c(Cl)[nH]c4=O)ccc1-2,2.54086774005464
*c1ccc(c3ccc(N)c(*)c3)c2nsnc12,3.4122874339895866
*c1cc(c3cc(F)c(*)cc3F)c2ncnn2c1,2.689816945214355
*c1ccc(-c2ccc(c3c(*)cncc3C(=O)O)s2)s1,3.0786079657770475
*c1cc(F)c(c2cc(*)cc(C#N)c2)cc1F,2.535837135584021
*c1ccc(c3cn(C)c(*)n3)c2nsnc12,3.506091832855966
*c1ccc(-c2ccc(c3cc(CN)cc(*)c3OC)s2)s1,2.567207683641016
*c1ccc2c(c1)S(=O)(=O)c1cc(c4cc5c(c(*)c4N)OC(F)(F)O5)ccc1-2,2.7101060363578195
*c1cc2cc3sc(c4cc(Cl)cc(*)c4[N+](=O)[O-])cc3cc2s1,3.5572212739744247
*c1cc(F)c(c2cc(*)nc(N)n2)cc1F,2.9814865230396466
*c1ccc(-c2ccc(c3nc(*)c(C)s3)s2)s1,2.914645080830476
*c1cc2cc3sc(c4cc(*)cc(C)c4N)cc3cc2s1,2.148126022144278
*c1ccc2c3ccc(c5cc(F)c(*)cc5F)cc3c3ccccc3c2c1,2.542171770829961
*c1cc(F)c(c2cc(Cl)cc(*)n2)cc1F,2.859082546145575
*c1ccc2c(c1)[nH]c1cc(c4cc(*)cc5ncccc45)ccc12,2.4122685330128557
*c1ccc2c(c1)C(C)(C)c1cc(c4ccc5c(*)nc(N)cc5c4)ccc1-2,2.4563104384217507
*c1ccc(c2nnc(*)s2)cc1,3.401569762863054
*c1ccc2c(c1)[nH]c1cc(c4ccc(-c5ccc(*)cn5)nc4)ccc12,2.526393188655105
*c1ccc(-c2ccc(c3ccc(*)c(NC(C)=O)c3)s2)s1,2.812343633282335
*c1ccc2c(c1)S(=O)(=O)c1cc(c4ccc5c(*)nc(N)cc5c4)ccc1-2,2.8282544318555214
*c1cc2cc3sc(c4nc(*)cn5cc(C(=O)OCC)nc45)cc3cc2s1,3.215178819704114
*c1cc2cc3sc(c4cc(*)c(C)cc4C)cc3cc2s1,2.325820422554517
*c1ccc2c(c1)S(=O)(=O)c1cc(c4cc(*)cc(F)c4C)ccc1-2,2.717664484273919
*c1cc2cc3sc(c4ccc(*)n4C(=O)OC(C)(C)C)cc3cc2s1,2.499460804318125
*c1ccc2c(c1)C(C)(C)c1cc(c4cccc(*)c4CO)ccc1-2,1.994396860113659
*c1ccc(c3cnc(Cl)c(*)c3N)c2nsnc12,3.6718643157807622
*c1ccc(c3nnc(*)cc3C)c2nsnc12,3.910151882766327
*c1cc2ccc3cc(c5cc(*)cc(C(C)=O)c5)cc4ccc(c1)c2c34,2.6838568613233917
*c1ccc(c3cc(C(C)(C)C)cc(*)c3Cl)c2nsnc12,3.765374099763815
*c1ccc2c(c1)S(=O)(=O)c1cc(c4cc(*)cc5c4OCC5)ccc1-2,2.609054279615421
*c1cc2cc3sc(c4ccc(F)c(*)n4)cc3cc2s1,2.863275502368104
*c1ccc2c(c1)S(=O)(=O)c1cc(c4nc(*)cnc4C(=O)OC)ccc1-2,3.461764013478477
*c1cc2cc3sc(c4nc(C)c(*)n4C)cc3cc2s1,2.533313851984442
*c1ccc2c(c1)[nH]c1cc(c4cc(*)c(=O)n(C)c4C)ccc12,1.9634161802742292
*c1cc2ccc3cc(c5nc(*)[nH]c5C)cc4ccc(c1)c2c34,2.3436372746989877
*c1ccc2c(c1)C(C)(C)c1cc(c4ccnc5cc(*)cnc45)ccc1-2,2.962017201837249
*c1ccc(c3ccc(*)nc3C(=O)O)c2nsnc12,4.036198718850944
*c1ccc(-c2ccc(c3cc(*)c(N)c(Cl)c3Cl)s2)s1,2.6537935145517624
*c1cc2cc3sc(c4cnc5c(ccc6cc(*)cnc65)c4)cc3cc2s1,3.0765915394832515
*c1cc2cc3sc(c4c(*)cncc4C(=O)O)cc3cc2s1,2.9733768573774846
*c1ccc2c(c1)S(=O)(=O)c1cc(c4cnc([N+](=O)[O-])c(*)c4)ccc1-2,3.71384846067204
*c1ccc(-c2ccc(c3ccc(*)cc3S)s2)s1,2.843127640389965
*c1ccc(-c2ccc(c3cc(CC(N)C(=O)OC)cc(*)c3O)s2)s1,2.6412049713279497
*c1cc(F)c(c2cc(C)cc(*)c2F)cc1F,2.233724420559052
*c1cc2ccc3cc(c5c(F)c(F)c(-c6c(F)c(F)c(*)c(F)c6F)c(F)c5F)cc4ccc(c1)c2c34,3.005234602114298
*c1ccc(c3nc(*)c(C)s3)c2nsnc12,3.7527153443818575
*c1ccc(c3cc(*)c(NC(C)=O)c(C(C)=O)c3)c2nsnc12,3.7475464339621176
*c1cc(F)c(c2ccc(*)cc2C(C)C)cc1F,2.015495207854911
*c1ccc(c3ccc(*)cc3C=O)c2nsnc12,3.848153083963535
*c1ccc(c2c(N)cc(Cl)c(*)c2Cl)cc1,1.5315449479509968
*c1cc2cc3sc(c4cc(*)c(OC)c(C(=O)O)c4OC)cc3cc2s1,2.82755709768947
*c1cc(F)c(c2c(*)cncc2C(=O)O)cc1F,2.951091887416763
*c1cc2cc3sc(c4cc(C(=O)OC)cc(*)n4)cc3cc2s1,3.190905625792625
*c1ccc2c(c1)C(C)(C)c1cc(c4cnc(N)c(*)c4C)ccc1-2,1.836117137419376
*c1ccc2c(c1)C(C)(C)c1cc(c4cc(C(=O)OC)cc(*)n4)ccc1-2,2.9639334387943115
*c1ccc2c(c1)[nH]c1cc(c4cc(*)ccc4OCc4ccccc4)ccc12,1.7121017403611376
*c1ccc(c2cc(*)nc(OC)c2N)cc1,1.8087724533205496
*c1cc2cc3sc(c4cc(*)cc(C#N)c4OC)cc3cc2s1,2.703987701452129
*c1ccc2c(c1)[nH]c1cc(c4ccc(*)cc4F)ccc12,2.0449469291224736
*c1cc(F)c(c2c[nH]cc(*)c2=O)cc1F,2.216643752448552
*c1cc(F)c(c2sc(*)nc2C)cc1F,3.237628966666392
*c1ccc2c(c1)[nH]c1cc(c4nc(*)c(OC)cc4[N+](=O)[O-])ccc12,3.51963308885554
*c1ccc2c(c1)[nH]c1cc(c4ccc(C(C)=O)c(*)c4)ccc12,2.4317619196636726
*c1cc2cc3sc(c4cc(*)cc(C=O)c4)cc3cc2s1,2.944973316744055
*c1ccc(c3nc(*)c(C)nc3N)c2nsnc12,3.579465645167923
*c1ccc(c2cc(Cl)cc(*)c2O)cc1,1.9446513653114377
*c1cc(F)c(c2cccc(*)c2OC)cc1F,2.1574264212624312
*c1ccc2c(c1)[nH]c1cc(c4ccc(C)c(*)c4C)ccc12,1.477434865202717
*c1ccc2c(c1)C(C)(C)c1cc(c4cc(*)c(O)c(C(=O)OC)n4)ccc1-2,2.788367814655214
*c1ccc(c3c(I)c(*)cc(C)c3[N+](=O)[O-])c2nsnc12,3.981403110899948
*c1ccc2c(c1)C(=O)c1cc(c4ccc(*)cc4)ccc1-2,3.4112241996125143
*c1ccc2c(c1)C(C)(C)c1cc(c4cc(C)c(N)c(*)n4)ccc1-2,1.9998958634074415
*c1cc(F)c(c2cc(C)nc(*)c2O)cc1F,2.4577905467918306
*c1ccc2c(c1)S(=O)(=O)c1cc(c4cc(C=O)cc(*)c4OC(C)=O)ccc1-2,3.1397727168037326
*c1ccc2c(c1)C(C)(C)c1cc(c4c(N)c(Cl)cc(*)c4OC)ccc1-2,2.025709580235378
*c1ccc2c(c1)C(C)(C)c1cc(c4c(N)c(F)cc(*)c4C(F)(F)F)ccc1-2,2.426048110552898
*c1ccc2c(c1)[nH]c1cc(c4cc(*)c5[nH]ccc5c4)ccc12,1.5674056969115586
*c1ccc2c(c1)C(C)(C)c1cc(c4cc(Cl)cc(*)c4F)ccc1-2,2.381078804972277
*c1ccc2c(c1)C(C)(C)c1cc(c4ncc(*)cc4C#N)ccc1-2,2.893452814569177
*c1cc2ccc3cc(c5cc(F)cc(*)c5F)cc4ccc(c1)c2c34,2.6190037787012925
*c1cc2ccc3cc(c5[nH]nc6cc(*)ncc56)cc4ccc(c1)c2c34,2.59844408042931
*c1ccc2c(c1)[nH]c1cc(c4cc(*)c5c(n4)CCCN5)ccc12,1.7629392678805234
*c1cc2cc3sc(c4nc(C(=O)O)c(*)s4)cc3cc2s1,3.5869062581546123
*c1ccc2c(c1)[nH]c1cc(c4cc(*)cc(N)c4)ccc12,1.5923940858942252
*c1cc2ccc3cc(c5cc(CO)c(*)cn5)cc4ccc(c1)c2c34,2.558165399816368
*c1cc2ccc3cc(c5sc(*)cc5C(=O)O)cc4ccc(c1)c2c34,2.8726115085005883
*c1ccc(c2cc(*)c(F)c(Cl)c2)cc1,2.188411505214044
*c1ccc(c3ccc4c(*)ccnc4c3)c2nsnc12,3.742573606227053
*c1ccc2c(c1)S(=O)(=O)c1cc(c4c(F)c(F)c(*)c(F)c4F)ccc1-2,3.1776240343384696
*c1ccc2c(c1)C(C)(C)c1cc(c4cc(*)sc4C(=O)O)ccc1-2,3.0977266003966526
*c1ccc(c3cc(*)cc(C)c3[N+](=O)[O-])c2nsnc12,4.024634131749121
*c1ccc2c(c1)C(C)(C)c1cc(c4cc(F)c(*)cc4[N+](=O)[O-])ccc1-2,3.458611840604512
*c1ccc(-c2ccc(c3cc(*)cc(N)c3C(=O)O)s2)s1,2.888425650874959
*c1ccc(c3cc(C(C)C)cc(*)c3N)c2nsnc12,3.443489358897281
*c1ccc(c3csc4c(*)csc34)c2nsnc12,3.679955189729328
*c1cc(F)c(c2ccc([N+]#[C-])c(*)c2)cc1F,2.570025046334525
*c1ccc(c2cc(F)c(*)c(F)c2)cc1,2.3150368644961605
*c1ccc2c(c1)[nH]c1cc(c4cc(C(=O)O)cc(*)c4OC)ccc12,2.252808116163965
*c1ccc2c(c1)S(=O)(=O)c1cc(c4sc(*)nc4C(=O)OC)ccc1-2,3.572928279223854
*c1ccc(c2cc(*)cc(C)c2C)cc1,1.547908143460699
*c1cc(F)c(c2ncc(*)[nH]2)cc1F,2.5692183998920126
*c1cnc2c(c3cc(F)c(*)cc3F)cc([N+](=O)[O-])cc2c1,3.817055376093551
*c1ccc2c(c1)[nH]c1cc(c4cc(*)c(C)nc4N)ccc12,1.5934933973090624
*c1ccc(c3c(N)c(F)cc(*)c3Cl)c2nsnc12,3.701694511371497
*c1ccc(c3cc(*)cc(C=O)c3F)c2nsnc12,3.883371224654312
*c1ccc2sc(c3cc(F)c(*)cc3F)nc2c1,3.096744618118312
*c1ccc2c(c1)S(=O)(=O)c1cc(c4ccc(*)c(NC(C)=O)c4)ccc1-2,2.7539345210881088
*c1cc(F)c(c2cnc(*)cc2[N+](=O)[O-])cc1F,3.911980259666345
*c1cc2cc3sc(c4cc(N)c(*)cc4F)cc3cc2s1,2.6058433180159115
*c1cc2ccc3cc(c5cc(*)c(O)c(F)c5F)cc4ccc(c1)c2c34,2.6586144964111447
*c1cc(F)c(c2cc(*)nc(C(=O)OC)c2OC)cc1F,2.887510792965275
*c1ccc(-c2ccc(c3nc(*)sc3C=O)s2)s1,3.7843894374943594
*c1ccc2c(c1)C(C)(C)c1cc(c4n[nH]c(*)c4[N+](=O)[O-])ccc1-2,3.189965260653125
*c1ccc2c(c1)[nH]c1cc(c4cccc(*)c4CN)ccc12,1.4587384844768163
*c1ccc(c3cc(*)c(C#N)c(F)c3)c2nsnc12,3.9651935408606382
*c1cccc2nc(c3ccc(*)cc3)nn12,2.564543779092947
*c1cc(F)c(c2cc(*)cc(N)c2C(=O)O)cc1F,2.5546192753979424
*c1ccc(-c2ccc(c3cc(C(=O)OCC)cc(*)c3N)s2)s1,2.515678259736688
*c1ccc(-c2ccc(c3cc(*)nc(N)n3)s2)s1,3.077661737742681
*c1ccc2c(c1)C(C)(C)c1cc(c4cc(*)cc(F)c4Cl)ccc1-2,2.41397634365148
*c1ccc2c(c1)[nH]c1cc(c4cc(*)cc(N5CCOCC5)c4)ccc12,1.5916030586239058
*c1cc(c3cc(F)c(*)cc3F)cc(N2CCCCC2)c1,1.8348575640111773
*c1ccc2c(c1)S(=O)(=O)c1cc(c4ccc(C(F)(F)F)c(*)c4)ccc1-2,2.789488378974236
*c1ccc2c(c1)C(C)(C)c1cc(c4sc(*)c([N+](=O)[O-])c4[N+](=O)[O-])ccc1-2,3.870784512006785
*c1cc2cc3sc(c4cnc5c(*)cnn5c4)cc3cc2s1,2.6968071613479045
*c1ccc2c(c1)S(=O)(=O)c1cc(c4ccc(N)c(*)c4C)ccc1-2,2.391298698214169
*c1cc(F)c(c2cncc(*)c2)cc1F,2.386999092097048
*c1cc2ccc3cc(c5cnc(*)cc5F)cc4ccc(c1)c2c34,2.621916183116712
*c1cc2cc3sc(c4cc(*)cc(OC)c4)cc3cc2s1,2.554744791581985
*c1ccc2c(c1)S(=O)(=O)c1cc(c4ccc(C=O)c(*)c4)ccc1-2,3.208382080114178
*c1ccc2c(c1)C(C)(C)c1cc(c4cc(*)c[n+]([O-])c4)ccc1-2,2.4825499193760834
*c1cc2ccc3cc(c5cc6c(s5)-c5sc(*)cc5C6=O)cc4ccc(c1)c2c34,3.7730001093128265
*c1cc2cc3sc(c4cccc(*)c4CN)cc3cc2s1,2.143699454572884
*c1ccc2c(c1)[nH]c1cc(c4cc(*)cc5sc(N)nc45)ccc12,1.77848642183553
*c1ccc(c3cc(*)c(C)c(C)c3N)c2nsnc12,3.4271881524738985
*c1ccc2c(c1)[nH]c1cc(c4cc(*)c5nccn5c4)ccc12,2.006033845861192
*c1ccc2c(c1)sc1cc(c4ccc(*)cc4)ccc12,2.2693999880868723
*c1cc2cc3sc(c4cc(Cl)cc(*)n4)cc3cc2s1,2.9540573494243496
*c1ccc2c(c1)C(C)(C)c1cc(c4ccc5sc(*)nc5c4)ccc1-2,2.822959553351347
*c1ccc(c2cnc(*)c(C(=O)OC)c2)cc1,2.72471995891284
*c1ccc(c3cnnc(*)c3)c2nsnc12,3.98326748516646
*c1ccc2c3ccc(c5cc6cc7sc(*)cc7cc6s5)cc3c3ccccc3c2c1,2.826887055373277
*c1ccc2c(c1)[nH]c1cc(c4cc(*)cc(OC(C)C)c4)ccc12,1.7186706390613558
*c1nc(c3cc(F)c(*)cc3F)nn1Cc1ccccc1,2.370274020026274
*c1cc2ccc3cc(c5cc(*)c(C)nc5N)cc4ccc(c1)c2c34,2.4568890755934216
*c1ccc2c(c1)[nH]c1cc(c4cncc(*)c4Cl)ccc12,2.085461548214833
*c1cc2ccc3cc(c5cc(I)c(*)cc5I)cc4ccc(c1)c2c34,2.4130227491991825
*c1ccc(-c2ccc(c3cc(*)ccc3CC#N)s2)s1,2.675041054468809
*c1c2ccccc2c(-c2c3ccccc3c(c7cc8ccc9cc(*)cc10ccc(c7)c8c910)c3ccccc23)c2ccccc12,2.9937999999999967
*c1cc(F)c(c2ccc(*)o2)cc1F,2.8338943455086167
*c1ccc2c(c1)[nH]c1cc(c4c5c(=O)oc(=O)c5c(*)c5c(=O)oc(=O)c45)ccc12,4.843010282316784
*c1ccc(c3ccc(-c4ccc(*)cc4)cc3)c2nsnc12,3.626231789252138
*c1ccc2c(c1)S(=O)(=O)c1cc(c4cc(C(=O)O)c(*)cn4)ccc1-2,3.300079945074123
*c1ccc(c3c(F)c(*)c(F)c(F)c3F)c2nsnc12,3.950011297394105
*c1ccc(c2cc(*)c(N)c(OC)c2)cc1,1.4035681497818338
*c1ccc2c(c1)[nH]c1cc(c4c(C)c(C)c(*)c(C)c4C)ccc12,1.4515259445000963
*c1ccc2c(c1)[nH]c1cc(c4ncc(*)c5[nH]cc(C(=O)O)c45)ccc12,2.280543794145353
*c1ccc(-c2ccc(c3c(C)c(C)cc(*)c3N)s2)s1,2.232303790533547
*c1cc(F)c(c2nc(C)c(*)n2C)cc1F,2.1599192349950425
*c1ccc2c(c1)S(=O)(=O)c1cc(c4cc(*)cc(CO)c4N)ccc1-2,2.440582520464285
*c1cc2ccc3cc(c5nc(*)sc5CO)cc4ccc(c1)c2c34,2.670640298535937
*c1ccc(c2nc(*)cnc2Cl)cc1,2.9318692381784075
*c1ccc(c3sc(*)c4cc(C(=O)O)sc34)c2nsnc12,4.219057054717192
*c1ccc(c3cc(C)cc(*)c3Cl)c2nsnc12,3.7373703484309138
*c1ccc2c(c1)[nH]c1cc(c4cc(*)sc4C(=O)O)ccc12,2.9173595890296484
*c1ccc(c2cc(*)c(C)s2)cc1,2.056646536047907
*c1ccc2c(c1)S(=O)(=O)c1cc(c4ccc(*)c(Cl)c4Cl)ccc1-2,2.947084774425872
*c1ccc2c(c1)C(C)(C)c1cc(c4nc(*)cn5cc(C(=O)OCC)nc45)ccc1-2,3.0095531507433195
*c1cc2ccc3cc(c5nc(*)c(C)s5)cc4ccc(c1)c2c34,2.57646250162001
*c1ccc2c(c1)[nH]c1cc(c4cccc(*)c4COC(C)=O)ccc12,1.759615548290119
*c1ccc(c2ccc(*)c(C#N)c2)cc1,2.462449267402397
*c1ccc2c(c1)[nH]c1cc(c4sc(*)c([N+](=O)[O-])c4[N+](=O)[O-])ccc12,3.7587500209525775
*c1ccc(-c2ccc(c3nc(C(=O)O)c(*)s3)s2)s1,3.634319901063502
*c1ccc(c2cc(*)cc(C)n2)cc1,2.294723112748263
*c1cc(F)c(c2cnc(*)c(O)c2)cc1F,2.6037293942496915
*c1ccc(-c2ccc(c3cncc(*)c3C)s2)s1,2.6378150706909085
*c1ccc(-c2ccc(c3c[nH]cc(*)c3=O)s2)s1,2.634737645414257
*c1cc(F)c(c2cc(C(C)C)cc(*)c2N)cc1F,1.688585756566114
*c1ccc(-c2ccc(c3ccc(*)nc3Cl)s2)s1,3.2262427446962967
*c1ccc(c2cc(*)c([N+]#[C-])c(C)c2)cc1,2.256558633995658
*c1ccc2c(c1)S(=O)(=O)c1cc(c4ccc(*)c(CO)c4)ccc1-2,2.700610205967561
*c1ccc2c(c1)[nH]c1cc(c4cc(S(=O)(=O)C(F)(F)F)cc(*)c4C)ccc12,2.3962571103412205
*c1ccc(c3cc(NCC(=O)NN)cc(*)c3C)c2nsnc12,3.4817270038558097
*c1ccc2c(c1)S(=O)(=O)c1cc(c4ccc(OC(C)C(=O)NN)c(*)c4)ccc1-2,2.6027301115533645
*c1ccc(c3cc(F)c(*)cc3F)c2cc[nH]c12,2.1217386893697228
*c1ccc2c(c1)C(C)(C)c1cc(c4cc(*)c(F)c(C#N)c4N)ccc1-2,2.162737156471299
*c1ccc2c(c1)C(C)(C)c1cc(c4c(C)ncc(*)c4C)ccc1-2,1.9769794115754291
*c1ccc(c3ccc(*)cc3)c2cnccc12,2.422056003897993
*c1ccc2c(c1)[nH]c1cc(c4cc(*)ccc4F)ccc12,1.8819681242270927
*c1ccc2c(c1)S(=O)(=O)c1cc(c4c(C)sc(*)c4C)ccc1-2,2.658958891135778
*c1ccc2c(c1)[nH]c1cc(c4cc(C=O)c(*)cn4)ccc12,3.106791080670119
*c1ccc(c2cc(*)c(OCCCC)c(C=CC(=O)O)c2)cc1,2.766353453920664
*c1ccc2c(c1)C(C)(C)c1cc(c4cc(*)c(N=S(C)(C)=O)c([N+](=O)[O-])c4)ccc1-2,3.152228215962204
*c1ccc(c3sc(*)c(C(=O)O)c3C(=O)O)c2nsnc12,4.4740229308437565
*c1cc2ccc3cc(c5cc(*)cc(C(F)(F)F)c5Cl)cc4ccc(c1)c2c34,2.7227084016130902
*c1ccc2c(c1)S(=O)(=O)c1cc(c4ccc(*)n4C(=O)OC(C)(C)C)ccc1-2,2.7024680599071216
*c1ccc2nc(c3ccc(*)cc3)sc2c1,2.922648142610889
*c1ccc(c2sc(*)c([N+](=O)[O-])c2[N+](=O)[O-])cc1,4.002093078201373
*c1ccc(c3cc(*)cc(C#N)c3O)c2nsnc12,3.835632228590505
*c1ccc2ccc3ccc(c4ccc(-c5ccc(*)s5)s4)nc3c2n1,3.1612672525116574
*c1cc2cc3sc(c4cnc(*)c(C(=O)OC)c4)cc3cc2s1,3.251168667294075
*c1ccc(-c2ccc(c3cc(C(=O)O)cc(*)c3N)s2)s1,2.5692020318896924
*c1cc2cc3sc(c4cc(*)c5c(n4)CCCN5)cc3cc2s1,2.38354164940652
*c1cc2cc3sc(c4ccc(*)c(NC(C)=O)c4)cc3cc2s1,2.7015996304538707
*c1ccc(-c2ccc(c3cn(C)cc(*)c3=O)s2)s1,2.6799140777178856
*c1cc(F)c(c2nc(*)[nH]c2C)cc1F,2.057606424597308
*c1ccc(-c2ccc(c3cnc(*)c(N)c3)s2)s1,2.789366831623445
*c1ccc2c(c1)S(=O)(=O)c1cc(c4cc(*)cc([N+](=O)[O-])c4C)ccc1-2,3.4419496133072585
*c1ccnc2c1ccc1c(c4ccc(*)c5nsnc45)ccnc12,3.780211932046992
*c1ccc2c(c1)[nH]c1cc(c4cc(*)c5c(c4)CC(=O)N5)ccc12,1.818376503057464
*c1cc2ccc3cc(c5cc(*)c(OC)c(F)c5F)cc4ccc(c1)c2c34,2.6419229852078976
*c1ccc(c3nccc4[nH]cc(*)c34)c2nsnc12,3.419988429275568
*c1ccc2c(c1)C(C)(C)c1cc(c4cc(*)ccc4OCC(=O)Cl)ccc1-2,2.3923427001612065
*c1ccc2c(c1)[nH]c1cc(c4[nH]nc5cc(*)ncc45)ccc12,2.416481299798126
*c1ccc2c(c1)C(C)(C)c1cc(c4cc(S(C)(=O)=O)cc(*)c4N)ccc1-2,1.9887526715622623
*c1cnc2c(ccc3cc(c4ccc(*)cc4)cnc32)c1,2.6427427381470983
*c1cc(F)c(c2cnc(*)c(N)c2)cc1F,2.2227048168253867
*c1ccc2c(c1)[nH]c1cc(c4cc(OC)cc(*)n4)ccc12,2.062228449641517
*c1cc(F)c(c2cc(*)cc([N+](=O)[O-])c2[N+]([O-])=NC(C)(C)C)cc1F,3.851626308148015
*c1ccc2c(c1)[nH]c1cc(c4ccc(*)c(CO)c4)ccc12,1.8140352686853136
*c1ccc(-c2ccc(c3ccc(*)c(CC(=O)O)c3)s2)s1,2.9097671176482818
*c1ccc2c(c1)[nH]c1cc(c4cc(C(=O)O)nc(*)c4O)ccc12,2.5379198976343043
*c1ccc2c(c1)C(C)(C)c1cc(c4cc(C)cc(*)c4F)ccc1-2,2.1686316490672675
*c1cc2cc3sc(c4cc(*)c(=O)n(C)c4C)cc3cc2s1,2.5844832799865367
*c1cc2ccc3cc(c5cc(CN)cc(*)c5OC)cc4ccc(c1)c2c34,2.499628584759202
*c1ccc(-c2ccc(c3cc(*)cc([N+](=O)[O-])c3[N+]([O-])=NC(C)(C)C)s2)s1,3.8021752894390577
*c1cc(F)c(c2cc(*)c(C(=O)O)cc2O)cc1F,2.7678996672527045
*c1sc(c3cc(F)c(*)cc3F)c2cc(C(=O)O)sc12,3.652386950280137
*c1ccc2c(c1)C(C)(C)c1cc(c4ccc([N+]#[C-])c(*)c4)ccc1-2,2.4210389707123934
*c1cc2cc3sc(c4cc(*)cnc4OC)cc3cc2s1,2.6369282569074257
*c1cc2ccc3cc(c5cc(Cl)cc(*)c5O)cc4ccc(c1)c2c34,2.695574904106982
*c1ccc2c(c1)C(C)(C)c1cc(c4ccc(*)c(N)c4N)ccc1-2,1.7567997413647776
*c1ccc2c(c1)S(=O)(=O)c1cc(c4c(C)c(C)c(*)c(C)c4C)ccc1-2,2.475352578802765
*c1ccc2c(c1)[nH]c1cc(c4cc(F)cc(*)c4OC(C)C)ccc12,1.8965496949384948
*c1ccc(c3cc(*)ccc3-c3ccccc3)c2nsnc12,3.606184265573917
*c1c[nH]c2ncc(c3ccc(*)cc3)nc12,2.447651204310591
*c1ccc(c3sc(*)cc3C(C)=O)c2nsnc12,4.011306596410896
*c1ccc2c(c1)S(=O)(=O)c1cc(c4cc(F)c(*)c(Cl)c4)ccc1-2,2.964416089380681
*c1ccc2c(c1)S(=O)(=O)c1cc(c4cc(C)c(N)c(*)c4[N+](=O)[O-])ccc1-2,3.197375399856897
*c1ccc2c(c1)C(C)(C)c1cc(c4c(N)c(Cl)cc(*)c4F)ccc1-2,2.046382653448425
*c1ccc2c(c1)C1(CCOCC1)c1cc(c5ccc(-c6ccc(*)s6)s5)ccc1-2,2.875713398099282
*c1ccc(-c2ccc(c3cc(S(N)(=O)=O)cc(*)c3N)s2)s1,2.3864549839363347
*c1ccc2c(c1)S(=O)(=O)c1cc(c4c(C)nc(C)c(*)c4C)ccc1-2,2.5713429681553004
*c1cc2ccc3cc(c5cc(C(C)(C)C)c(*)cc5C(C)(C)C)cc4ccc(c1)c2c34,2.5458234677949294
*c1cc(F)c(c2cc(*)cc(C(N)=S)c2)cc1F,2.5835544827780543
*c1cc2ccc3cc(c5cc(C)c(*)cn5)cc4ccc(c1)c2c34,2.512759452328833
*c1ccc(c3c(C)c(Cl)cc(*)c3N)c2nsnc12,3.6187872356965554
*c1ccc(-c2ccc(c3nc(*)n[nH]3)s2)s1,2.8106198032855296
*c1ccc(c2cc(F)c(F)c(*)c2N)cc1,1.6541698010018422
*c1ccc(-c2ccc(c3nc(*)cc4ccccc34)s2)s1,2.9464816293249965
*c1ccc2c(c1)C(C)(C)c1cc(c4cc(*)c5c(c4)C(C)(C)C(=O)N5)ccc1-2,2.126779474516732
*c1ccc(c3cc(C=O)c(*)cc3C=O)c2nsnc12,4.085879553502393
*c1ccc2c(c1)S(=O)(=O)c1cc(c4cc(*)ccc4OCC(=O)Cl)ccc1-2,2.748592656197487
*c1ccc2c(c1)[nH]c1cc(c4ccc5c(c4)S(=O)(=O)c4cc(*)ccc4-5)ccc12,2.6512965642049897
*c1cc2ccc3cc(c5cncc(*)c5)cc4ccc(c1)c2c34,2.557945332608492
*c1ccc(-c2ccc(c3ccc(*)c(Cl)c3C)s2)s1,2.8490116858706145
*c1ccc(-c2ccc(c3ccc(*)c(C)c3)s2)s1,2.777835795681673
*c1cc2ccc3cc(c5cnc6[nH]cc(*)c6c5)cc4ccc(c1)c2c34,2.410901844542863
*c1cc(F)c(c2cc(C=O)cc(*)c2OC)cc1F,2.8129150523975373
*c1ccc(-c2ccc(c3cn(C)c(*)n3)s2)s1,2.4706521269611703
*c1cc2cc3sc(c4cc(*)c5nccn5c4)cc3cc2s1,2.687078516604948
*c1ccc(-c2ccc(c3cnc(*)nc3)s2)s1,3.293979876198496
*c1cc2ccc3cc(c5cc(*)cc(Oc6ccccc6)c5)cc4ccc(c1)c2c34,2.532000022789087
*c1cc(c3ccc(*)cc3)c2c(c1)NC(=O)C2=O,3.745383967635288
*c1ccc(-c2ccc(c3ccc(-c4ccc(*)cc4)cc3)s2)s1,2.736634415278802
*c1cc(F)c(c2cccc(*)c2CO)cc1F,1.8382642615582432
*c1cc(F)c(c2cc(CN)cc(*)c2OC)cc1F,1.973061909023749
*c1cc2ccc3cc(c5ccc6c(c5)Cc5cc(*)ccc5-6)cc4ccc(c1)c2c34,2.458899644196407
*c1ccc(c2cc(OC)cc(*)c2N)cc1,1.398511949067081
*c1ccc2c(c1)C(C)(C)c1cc(c4cc(*)c(N)c([N+]([O-])=NC)c4)ccc1-2,2.655084351533631
*c1ccc(c3cnc4c(*)cc([N+](=O)[O-])cc4c3)c2nsnc12,3.996652027568763
*c1ccc2c(c1)[nH]c1cc(c4cc(*)c(N)cc4F)ccc12,1.5368362258284405
*c1ccc(c3cc(*)cc(C(=O)OC)c3)c2nsnc12,3.811371764007033
*c1cc2ccc3cc(c5ccc6c(c5)C(=O)C(=O)c5cc(*)ccc5-6)cc4ccc(c1)c2c34,4.1578041333449445
*c1cc2ccc3cc(c5ccc6c(c5)C(C)(C)c5cc(*)ccc5-6)cc4ccc(c1)c2c34,2.4846409769042115
*c1ccc(c3cc(F)c(*)cc3F)c2[nH]ncc12,2.557450477236076
*c1ccc2c(c1)C(C)(C)c1cc(c4ccc(OC(C)C(=O)Cl)c(*)c4)ccc1-2,2.3905743668930626
*c1ccnc2cc(c3cc(F)c(*)cc3F)cnc12,3.19948225483972
*c1cc2ccc3cc(c5cc(C)c(*)cc5N)cc4ccc(c1)c2c34,2.39924900924468
*c1cc2ccc3cc(c5cc(*)cc(O)c5)cc4ccc(c1)c2c34,2.485310483318344
*c1cc2cc3sc(c4cc(C)cc(*)c4C)cc3cc2s1,2.278713904353121
*c1ccc(c3cnc(N(C)C)c(*)n3)c2nsnc12,3.492694326492374
*c1ccc2c(c1)[nH]c1cc(c4ccc(*)c(NC(C)=S)c4)ccc12,2.206339445873305
*c1ccc2c(c1)C(C)(C)c1cc(c4cccc5c4sc4c(*)cccc45)ccc1-2,2.197235726777248
*c1cc(F)c(c2cc(*)cc(C=O)c2)cc1F,2.9317035114468464
*c1ccc(c2cc(C(C)(C)C)c(*)cc2C(C)(C)C)cc1,1.7383152572176774
*c1ccc(-c2ccc(c3cc(C(=O)O)c(*)cc3O)s2)s1,3.0358569478657067
*c1cc2sc3cc(c4ccc(*)c5nsnc45)sc3c2s1,3.8719202441286815
*c1ccc2c(c1)S(=O)(=O)c1cc(c4cc([N+](=O)[O-])cc(*)c4F)ccc1-2,3.65687352431039
*c1ccc2c(c1)[nH]c1cc(c4ccc(C(=O)c5ccc(*)cc5)cc4)ccc12,2.8017740997740805
*c1cc2cc3sc(c4c(N)cc(C)c(*)c4C)cc3cc2s1,1.9196488213727343
*c1ccc(c2cc(*)cc(CC(=O)O)c2)cc1,1.982336758926056
*c1ccc(c3nc(*)ccc3O)c2nsnc12,3.700513621730156
*c1cc2cc3sc(c4cc(*)c(N)c(OC(F)(F)F)c4)cc3cc2s1,2.514709422212406
*c1ccc(c2cc(C(C)(C)C)cc(*)c2O)cc1,1.6656448501171028
*c1ccc(c2cc(*)cc(F)c2C)cc1,1.8359945066233148
*c1ccc2c(c1)S(=O)(=O)c1cc(c4cccc(*)c4-c4cc5cnc(N)nc5nc4N)ccc1-2,2.630577541561609
*c1cc(F)c(c2cc(C(=O)OC)c(*)[nH]2)cc1F,2.562609531110618
*c1cc2ccc3cc(c5cc(*)cc(N6CCCC6)c5)cc4ccc(c1)c2c34,2.344131151380789
*c1cc2ccc3cc(c5ncc6cc(*)ccc6n5)cc4ccc(c1)c2c34,2.9424183522369205
*c1ccc2c(c1)C(C)(C)c1cc(c4cc(OC(F)F)cc(*)c4Cl)ccc1-2,2.3848962470892774
*c1ccc2c(c1)C(C)(C)c1cc(c4sc(*)c5c4OCCO5)ccc1-2,2.6649312903424587
*c1ccc(c3ccc(*)nc3)c2nsnc12,3.829116313584684
*c1ccc2c(c1)[nH]c1cc(c4c(F)c(F)c(*)c5nsnc45)ccc12,3.8349623300707583
*c1ccc2c(c1)[nH]c1cc(c4cc(C(C)(C)C)cc(*)c4Cl)ccc12,1.798457361264369
*c1cc2cc3sc(c4cc(*)cc(OC(F)F)c4)cc3cc2s1,2.762617181246968
*c1cc2ccc3cc(c5c(C)c([N+](=O)[O-])cc(*)c5OC)cc4ccc(c1)c2c34,3.330770645427771
*c1ccc(c3cc(OC)cc(*)c3C)c2nsnc12,3.637492398228781
*c1cc2ccc3cc(c5ccc6c(c5)C(=O)c5ccc(*)cc5C6=O)cc4ccc(c1)c2c34,4.018198991814366
*c1cc2ccc3cc(c5cc(F)c(*)c(Cl)c5)cc4ccc(c1)c2c34,2.673877207944735
*c1ccc(c3c(N)c(F)cc(*)c3C(F)(F)F)c2nsnc12,3.64602402589282
*c1ccc(-c2ccc(c3cc(*)ccc3-c3ccccc3)s2)s1,2.6402132050449323
*c1cc2cc3sc(c4ccc(*)c(OC(F)F)c4)cc3cc2s1,2.988858829604369
*c1cc2cc3sc(c4ccc5nc(*)nn5c4)cc3cc2s1,2.86291028161469
*c1ccc2c(c1)S(=O)(=O)c1cc(c4cc(*)cc(C(=O)OC)c4)ccc1-2,2.857729296203866
*c1cc2cc3sc(c4cc(*)ncn4)cc3cc2s1,3.306697640286927
*c1cc(F)c(c2cnc(*)nc2)cc1F,3.219733995343089
*c1ccc2c(c1)S(=O)(=O)c1cc(c4cnc(C#N)c(*)c4)ccc1-2,3.2099117632152474
*c1ccc2c(c1)C(C)(C)c1cc(c4ccc(*)c(NC(C)=S)c4)ccc1-2,2.406885103006867
*c1ccc2c(c1)C(C)(C)c1cc(c4cnc5n[nH]c(*)c5c4)ccc1-2,2.664538507418272
*c1ccc(c3cc(*)cc(OC(F)F)c3N)c2nsnc12,3.584855396871947
*c1ccc2c(c1)S(=O)(=O)c1cc(c4nc(*)cn5cc(C)nc45)ccc1-2,2.984776311077302
*c1ccc(c3cc(*)c4c(c3)C(C)(C)C(=O)N4)c2nsnc12,3.655414830456937
*c1cc2ccc3cc(c5cc(*)c([N+](=O)[O-])cn5)cc4ccc(c1)c2c34,3.6444029839526775
*c1ccc2c(c1)C(C)(C)c1cc(c4nc(C)c(*)n4C)ccc1-2,2.1597522923307717
*c1cnc2cc(c3cc(F)c(*)cc3F)cnc2c1,3.1415722673959525
*c1ccc(-c2ccc(c3cc(C#N)cc(*)c3O)s2)s1,2.816128784591935
*c1ccc2c(c1)C(C)(C)c1cc(c4ccc(*)c(CC(=O)O)c4)ccc1-2,2.182113866331559
*c1ccc2c(c1)[nH]c1cc(c4ccc5c(c4)c(*)cn5C(=O)OC(C)(C)C)ccc12,1.8653657135001696
*c1ccc(c3cc(*)c(C=O)cn3)c2nsnc12,4.080078830198601
*c1ccc2c(c1)C1(CCOCC1)c1cc(c5cc(F)c(*)cc5F)ccc1-2,2.559687288444252
*c1ccc(c3cc(*)ccc3[N+](=O)[O-])c2nsnc12,4.075911645405532
*c1cc(F)c(c2cc(*)cc(CC(F)(F)F)c2)cc1F,2.3158931950905344
*c1ccc(c2nc(*)c[nH]c2=O)cc1,2.816067624279164
*c1cc2cc3sc(c4cc(C)c(*)cc4C)cc3cc2s1,2.476175435520965
*c1ccc2c(c1)S(=O)(=O)c1cc(c4cc(*)c(C=O)c(F)c4)ccc1-2,3.3352533615890354
*c1ccc(-c2ccc(c3cc(F)c(N)c(*)c3F)s2)s1,2.5076354662850946
*c1ccc2c(c1)C(C)(C)c1cc(c4ccc5ncc(*)n5c4)ccc1-2,2.104155748504449
*c1cc2ccc3cc(c5cnc(*)nc5)cc4ccc(c1)c2c34,2.736943881249464
*c1ccc2c(c1)[nH]c1cc(c4cc(*)cc(C)c4Cl)ccc12,1.9307018692971416
*c1cc2ccc3cc(c5nc(*)c[nH]c5=O)cc4ccc(c1)c2c34,2.8005836993260567
*c1ccc2c3ccc(c4ccc(-c5ccc(*)s5)s4)cc3n(CC)c2c1,2.5988413104763524
*c1ccc(-c2ccc(c3ccc(*)c4cnccc34)s2)s1,3.019570557741712
*c1cc2cc3sc(c4nn(C)c(*)c4C(=O)OCC)cc3cc2s1,2.702107017555743
*c1cc2ccc3cc(c5c(C)ncc(*)c5C)cc4ccc(c1)c2c34,2.5856799461695905
*c1ccc2c(c1)S(=O)(=O)c1cc(c4c(F)cc(*)c5nsnc45)ccc1-2,4.000866695417416
*c1ccc(c3cc(*)ccc3OCC3CCCCO3)c2nsnc12,3.605180115819222
*c1ccc2c(c1)[nH]c1cc(c4[nH]nc5cnc(*)cc45)ccc12,2.397318367188335
*c1ccc2c(c1)S(=O)(=O)c1cc(c4cc(NCC(=O)NN)cc(*)c4C)ccc1-2,2.4122348424964137
*c1cc(F)c(c2cc(C(=O)O)c(*)o2)cc1F,3.1908350540503365
*c1cc2cc3sc(c4cc(O)c(*)cc4C#N)cc3cc2s1,3.025863216821201
*c1ccc(c3ncc(*)c4[nH]cc(C(=O)O)c34)c2nsnc12,3.7864670097318056
*c1ccc2c(c1)S(=O)(=O)c1cc(c4cc(C(=O)O)c(*)cc4C(=O)O)ccc1-2,3.281330587683831
*c1ccc2c(c1)[nH]c1cc(c4cc(C)cc(*)c4F)ccc12,1.8464525207114943
*c1ccc2c(c1)S(=O)(=O)c1cc(c4ccc(-c5ccc(*)cc5)cc4)ccc1-2,2.7731009419049597
*c1cc(F)c(c2sc(*)nc2C(=O)OC)cc1F,3.586156536988209
*c1ccc(-c2ccc(c3cc(*)ccc3C(N)=O)s2)s1,2.75484777930906
*c1cc(c3cc(F)c(*)cc3F)c(O)c2ncccc12,2.631942535842549
*c1ccc(c2ccc(NC(=O)CC#N)c(*)c2)cc1,1.9510909391974385
*c1ccc(c2cc(*)cc(C(C)C)c2N)cc1,1.3552008589740887
*c1ccc(-c2ccc(c3cc(*)ccc3C)s2)s1,2.566022197775423
*c1ccc2c(c1)S(=O)(=O)c1cc(c4ccc5ccc6ccc(*)nc6c5n4)ccc1-2,3.1873227345059902
*c1ccc2c(c1)S(=O)(=O)c1cc(c4sc(*)c([N+](=O)[O-])c4[N+](=O)[O-])ccc1-2,4.074115259051748
*c1ccc2c(c1)-c1cc(c4cc(F)c(*)cc4F)ccc1S2(=O)=O,2.825390319218769
*c1cc2ccc3cc(c5sc(*)nc5C(=O)OCC)cc4ccc(c1)c2c34,3.050193282472574
*c1ccc(c3cc(*)cc(N4CCCCC4)c3)c2nsnc12,3.415734806573417
*c1cc2ccc3cc(c5nc(*)sc5C=O)cc4ccc(c1)c2c34,3.519381424086784
*c1ccc(c2cc(*)c(O)c(F)c2F)cc1,1.9931879346
*c1ccc2c(c1)C(C)(C)c1cc(c4cc(*)cc(N)n4)ccc1-2,2.258256498552305
*c1ccc2c(c1)S(=O)(=O)c1cc(c4cccc(*)c4COC(C)=O)ccc1-2,2.7066254313864246
*c1ccc2c(c1)S(=O)(=O)c1cc(c4ccc(*)c(F)c4F)ccc1-2,2.961327603974161
*c1ccc2c(c1)C(C)(C)c1cc(c4cc(OC)cc(*)c4Cl)ccc1-2,2.117142607284688
*c1ccc2c(c1)S(=O)(=O)c1cc(c4cc(*)c(N)c(F)c4)ccc1-2,2.531141924123569
*c1cc2ccc3cc(c5cc(*)cc(N)c5)cc4ccc(c1)c2c34,2.3816961428402785
*c1ccc2c(c1)S(=O)(=O)c1cc(c4cc(*)c5c(c4)NC(=O)C5=O)ccc1-2,3.854085931523974
*c1ccc2c(c1)[nH]c1cc(c4cc(*)cc(NC(C)=O)c4)ccc12,1.7844815826793818
*c1cc(F)c(c2cc(C(=O)O)cc(*)c2N)cc1F,2.0913937457137504
*c1cnc(OC)c2c(c3ccc(*)cc3)[nH]nc12,2.533354367741263
*c1ccc2c(c1)C(C)(C)c1cc(c4ccc(*)c(N)c4)ccc1-2,1.927230454282321
*c1ccc2c(c1)S(=O)(=O)c1cc(c4sc(*)c5cc(C(=O)O)sc45)ccc1-2,3.6243740973640497
*c1cc(F)c(c2c(F)cc(F)c(*)c2[N+](=O)[O-])cc1F,3.806603559176844
*c1nc(c3cc(F)c(*)cc3F)cn2cc(C(=O)OCC)nc12,3.231285858469024
*c1cc2cc3sc(c4ccc(OC(C)C(=O)O)c(*)c4)cc3cc2s1,2.5118242770363617
*c1cc(F)c(c2cnc(OC)c(*)c2OC)cc1F,2.066112898810156
*c1ccc(c3cc(*)c(OC)cc3F)c2nsnc12,3.672304910561016
*c1cc2ccc3cc(c5cc6sc7cc(*)sc7c6s5)cc4ccc(c1)c2c34,2.7681687169400013
*c1cc2ccc3cc(c5cc(*)cc(C(C)C)c5N)cc4ccc(c1)c2c34,2.38019587429737
*c1ccc(c3cc(*)nc(C(=O)OC)c3)c2nsnc12,3.984931283499434
*c1cc(F)c(c2ccc(*)s2)cc1F,3.0983103629757203
*c1ccc(c2c(N)c(*)c(Cl)c(F)c2Cl)cc1,1.915922394392647
*c1ccc(-c2ccc(c3nc(*)c(C(=O)O)cc3Cl)s2)s1,3.473466690144583
*c1ccc(c2cc(*)c(NC(C)=O)c(C(C)=O)c2)cc1,2.731538730609178
*c1cc(F)c(c2cnc(N(C)C)c(*)n2)cc1F,2.389471804156238
*c1ccc2c(c1)C(C)(C)c1cc(c4nc(*)cnc4Cl)ccc1-2,2.907437284772091
*c1ccc2c(c1)S(=O)(=O)c1cc(c4cc(F)cc(*)c4O)ccc1-2,2.780689761612792
*c1ccc(c3ccc4nc(*)nn4c3)c2nsnc12,3.786534819868264
*c1ccc(c2cc([N+](=O)[O-])c(*)cc2NC(C)=O)cc1,3.37038015727069
*c1cc2ccc3cc(c5cc(*)c(F)cc5F)cc4ccc(c1)c2c34,2.604487467037156
*c1cc2cc3sc(c4cc(*)c(O)c([N+](=O)[O-])c4C)cc3cc2s1,3.5585126379182093
*c1cc2ccc3cc(c5cccc(C(=O)O)c5*)cc4ccc(c1)c2c34,2.705726314904144
*c1ccc2c(c1)C(C)(C)c1cc(c4cnc([N+](=O)[O-])c(*)c4)ccc1-2,3.528319885686519
*c1ncc(c3ccc(*)cc3)c2ccccc12,2.561621872015225
*c1ccc2c(c1)[nH]c1cc(c4cc(*)ncn4)ccc12,2.7264912163012047
*c1cc2ccc3cc(c5c(N)cc(Cl)c(*)c5Cl)cc4ccc(c1)c2c34,2.619352286031753
*c1cc2cc3sc(c4cc(*)cc5sc(N)nc45)cc3cc2s1,2.4382644773282136
*c1ccc2c(c1)[nH]c1cc(c4cc(Cl)cc(*)c4Cl)ccc12,2.034734621797252
*c1cc2cc3sc(c4cc(C(F)(F)F)cc(*)c4O)cc3cc2s1,2.7531277138640866
*c1ccc2c(c1)C(C)(C)c1cc(c4cc(*)ccc4F)ccc1-2,2.1886593405884827
*c1ccc2c(c1)S(=O)(=O)c1cc(c4c(C)cc(*)cc4[N+](=O)[O-])ccc1-2,3.48918923494469
*c1ccc2c(c1)S(=O)(=O)c1cc(c4ccc(C=O)c(*)n4)ccc1-2,3.486693220203507
*c1ccc2c(c1)[nH]c1cc(c4ccc5ccc6ccc(*)nc6c5n4)ccc12,2.695211001428333
*c1ccc(-c2ccc(c3cc(*)cc(N4CCOCC4)c3)s2)s1,2.4913608785905943
*c1cc(F)c(c2cc(*)c(OCCC)c(C=O)c2)cc1F,2.8305681288325117
*c1cc2cc3sc(c4c5c(=O)oc(=O)c5c(*)c5c(=O)oc(=O)c45)cc3cc2s1,5.037588829371644
*c1cc2cc3sc(c4cc(*)c5c(c4)OCCC5=O)cc3cc2s1,3.1555900264826557
*c1ccc(-c2ccc(c3cc(*)cc(-c4ccccc4)c3)s2)s1,2.6348458413579605
*c1ccc2c(c1)[nH]c1cc(c4ccc(*)cc4CC#N)ccc12,1.89573177847606
*c1ccc(-c2ccc(c3cnc4[nH]cc(*)c4c3)s2)s1,2.529951774459348
*c1ccc(c2c(N)c(Cl)cc(*)c2OC)cc1,1.6613059652082778
*c1ccc(-c2ccc(c3cc(*)c4c(c3)CC(=O)N4)s2)s1,2.6368264657211804
*c1ccc2c(c1)C(C)(C)c1cc(c4cc([N+](=O)[O-])cc(*)c4F)ccc1-2,3.585051624641631
*c1ccc2c(c1)[nH]c1cc(c4cc5[nH]cc(*)c5cn4)ccc12,1.739740254772981
*c1cc2ccc3cc(c5cc(C)cc(*)c5[N+]#[C-])cc4ccc(c1)c2c34,2.5160240551296624
*c1cc2ccc3cc(c5cc(F)c(C)c(*)c5N)cc4ccc(c1)c2c34,2.5081399909857285
*c1cc(F)c(c2cccc(*)c2CN)cc1F,1.5934789929029978
*c1ccc(-c2ccc(c3cc(*)c4nccn4c3)s2)s1,2.7469155601786985
*c1cc(F)c(c2ccc(C(C)=O)c(*)c2)cc1F,2.868552008335888
*c1cc2cc3sc(c4cnc(*)cn4)cc3cc2s1,3.307689974546124
*c1ccc2c(c1)C(C)(C)c1cc(c4ccc(OC(C)C(=O)NN)c(*)c4)ccc1-2,2.054346771765614
*c1ccc2c(c1)C(C)(C)c1cc(c4ccc(*)c(F)c4C)ccc1-2,2.206665607095234
*c1ccc2c(c1)S(=O)(=O)c1cc(c4ccc(*)[nH]4)ccc1-2,2.669958223514284
*c1ccc(-c2ccc(c3cc(Cl)cc(*)c3[N+](=O)[O-])s2)s1,3.558756121038554
*c1ccc(c2cn(C)cc(*)c2=O)cc1,1.808059482324255
*c1cc2cc3sc(c4cc(C(C)C)cc(*)c4N)cc3cc2s1,2.183024784771757
*c1ccc2c(c1)C(C)(C)c1cc(c4cc(*)cc(C(F)(F)F)c4Cl)ccc1-2,2.5251723306350096
*c1cc(F)c(c2cc(*)cc(C)c2N)cc1F,1.6399729238062035
*c1ccc2c(c1)C(C)(C)c1cc(c4cc(*)c5cn[nH]c5c4)ccc1-2,2.261433812264961
*c1cc2ccc3cc(c5cc(*)cc([N+](=O)[O-])c5[N+]([O-])=NC(C)(C)C)cc4ccc(c1)c2c34,3.695370691733871
*c1ccc2c(c1)C(C)(C)c1cc(c4cc(Cl)c(*)cc4C)ccc1-2,2.157907524962777
*c1cc2ccc3cc(c5cc(C)cc(*)c5N)cc4ccc(c1)c2c34,2.3936505890876294
*c1ccc(-c2ccc(c3ncc(*)n3C)s2)s1,2.675915368499991
*c1ccc(c2cc(*)cc([N+](=O)[O-])c2C)cc1,3.3842471078226506
*c1ccc(c2cccc(*)c2C#N)cc1,2.4410630023934865
*c1cc2ccc3cc(c5cc(*)cc(-c6ccccc6)c5)cc4ccc(c1)c2c34,2.482017825486101
*c1ccc(c2cc(*)cc(C(C)=O)c2)cc1,2.5821052618147986
*c1ccc(c2ccccc2*)cc1,1.689649710692302
*c1ccc(-c2ccc(c3cc(*)cc4cncn34)s2)s1,2.820342195461004
*c1ccc2c(c1)S(=O)(=O)c1cc(c4cc(*)c5nc(-c6ccc(C)cc6)ccc5c4)ccc1-2,2.9877012381179537
*c1cc2ccc3cc(c5nc(*)n(C)n5)cc4ccc(c1)c2c34,2.531612819503333
*c1ccc2c3ccc(c4ccc(*)cc4)cc3n(CC)c2c1,1.892902296406834
*c1cc2ccc3cc(c5ccnc(*)c5C=O)cc4ccc(c1)c2c34,2.9622581841635167
*c1cc2cc3sc(c4c(N)c(C)cc(*)c4F)cc3cc2s1,2.197842201356277
*c1ccc2c(c1)C(C)(C)c1cc(c4cnc5cc(*)cnc5c4)ccc1-2,2.9189619724877343
*c1ccc2c(c1)[nH]c1cc(c4c(F)cc(N)c(*)c4F)ccc12,1.6183043331045752
*c1cc2cc3sc(c4cc(*)c(NC(C)=O)c(C(C)=O)c4)cc3cc2s1,2.883601562207838
*c1ccc2c(c1)C(C)(C)c1cc(c4c(C)c(Cl)cc(*)c4N)ccc1-2,1.9007930660286052
*c1cc2ccc3cc(c5cc(*)cc6sc(N)nc56)cc4ccc(c1)c2c34,2.376232275984256
*c1cc2cc3sc(c4cc(Cl)c(N)c(*)c4C(=O)OC)cc3cc2s1,2.531674759233836
*c1ccc2c(c1)S(=O)(=O)c1cc(c4cc(F)c(*)cc4F)ccc1-2,2.983411856982686
*c1ccc2c(c1)C(C)(C)c1cc(c4sc(*)c5c4C(=O)OC5=O)ccc1-2,3.757621203352808
*c1ccc(c3cc(*)c(OCCCC)c(C=CC(=O)O)c3)c2nsnc12,3.8071786314427256
*c1cc2cc3sc(c4ncc(*)c(C)c4[N+](=O)[O-])cc3cc2s1,3.45914459187294
*c1ccc(N(c2ccccc2)c2ccc(c4cc(F)c(*)cc4F)cc2)cc1,2.0629170189559205
*c1ccc(c3ccnc(*)c3)c2nsnc12,3.768431241935482
*c1cc2ccc3cc(c5ccc(CO)c(*)n5)cc4ccc(c1)c2c34,2.5021745235108503
*c1ccc(-c2ccc(c3cc(*)cc(C(=O)O)c3OC)s2)s1,2.88758357684142
*c1cc(F)c(c2cc(C=CC(=O)O)cc(*)c2OCC)cc1F,2.720898997829141
*c1ccc2c(c1)S(=O)(=O)c1cc(c4cc(Cl)cc(*)c4OC)ccc1-2,2.8170124190991768
*c1cc2cc3sc(c4cc(C)c(*)cn4)cc3cc2s1,2.8653972972174
*c1cc(F)c(c2ccc(*)c(NC(C)=O)c2)cc1F,2.271996621501774
*c1ccc(c2cc(*)c(OC)cc2OC)cc1,1.6519564444876254
*c1ccc2c(c1)[nH]c1cc(c4cc(*)c(N)c(C#N)c4)ccc12,1.7952925283445251
*c1ccc2c(c1)[nH]c1cc(c4ccc5ccc(*)nc5c4)ccc12,2.511235437524006
*c1ccc2c(c1)[nH]c1cc(c4cc(*)c(Cl)nc4N)ccc12,1.8427084741519928
*c1ccc2c(c1)C(C)(C)c1cc(c4nc(*)nn4Cc4ccccc4)ccc1-2,2.326062103561904
*c1cc2cc3sc(c4cc(*)nc(N)n4)cc3cc2s1,3.039567015751444
*c1cc2ccc3cc(c5ncc(*)cc5C(F)(F)F)cc4ccc(c1)c2c34,2.654001439969925
*c1ccc(-c2ccc(c3cc(OC)c(OC)cc3*)s2)s1,2.558951529381236
*c1ccc2c(c1)C(C)(C)c1cc(c4cc(*)cc(CC(F)(F)F)c4)ccc1-2,2.2227282990574757
*c1cc2ccc3cc(c5cc(*)nc(C(=O)OC)c5)cc4ccc(c1)c2c34,2.764049049303094
*c1cc2ccc3cc(c5cc(C(F)(F)F)cc(*)c5N)cc4ccc(c1)c2c34,2.515885821965269
*c1ccc2c(c1)[nH]c1cc(c4cc5cc6sc(*)cc6cc5s4)ccc12,2.5783790138214675
*c1ccc(c3cc(*)cc(CC)c3)c2nsnc12,3.58115185581992
*c1ccc2c(c1)C(C)(C)c1cc(c4cc(*)cnc4C)ccc1-2,2.147433486313254
*c1cc2cc3sc(c4cc(F)c(*)cc4F)cc3cc2s1,3.1156777959427693
*c1ccc2c(c1)S(=O)(=O)c1cc(c4cc(*)c(F)c(C)c4)ccc1-2,2.7210974006298647
*c1ccc2c(c1)C(C)(C)c1cc(c4cnc(*)c(C(=O)OC)n4)ccc1-2,3.1752118415911346
*c1ccc2c(c1)S(=O)(=O)c1cc(c4c(Cl)ccc(*)c4Cl)ccc1-2,2.851247008579
*c1cc2ccc3cc(c5cc(*)c6c(n5)CCCN6)cc4ccc(c1)c2c34,2.365363156105338
*c1cc2ccc3cc(c5nc(*)ccc5O)cc4ccc(c1)c2c34,2.477863872977464
*c1cc2ccc3cc(c5cc(N)cc(*)c5C)cc4ccc(c1)c2c34,2.417075400526468
*c1ccc2c(c1)S(=O)(=O)c1cc(c4c(F)cc(N)c(*)c4F)ccc1-2,2.533142979135268
*c1cc(F)c(c2cccc(*)c2CC(=O)O)cc1F,2.076040579285728
*c1ccc(c2nc(*)c(C(=O)O)cc2Cl)cc1,3.0810907736332007
*c1ccc2c(c1)S(=O)(=O)c1cc(c4ncc(*)c5[nH]cc(C(=O)O)c45)ccc1-2,2.9776233703837054
*c1cc2cc3sc(c4c(F)cc(N)c(*)c4F)cc3cc2s1,2.2691506263961525
*c1ccc2c(c1)[nH]c1cc(c4cc(*)c(C=O)cn4)ccc12,3.0849031014352164
*c1cc2ccc3cc(c5cc(F)cc(*)c5OCC)cc4ccc(c1)c2c34,2.618346297951351
*c1ccc2c(c1)S(=O)(=O)c1cc(c4cc(*)cc(C)n4)ccc1-2,2.906055054260848
*c1cc2ccc3cc(c5cccc(*)c5OC)cc4ccc(c1)c2c34,2.546589077071537
*c1ccc(-c2ccc(c3ncc(*)nc3C(=O)OCC)s2)s1,3.5391120300200214
*c1ccc(c3cc(Cl)cc(*)c3Cl)c2nsnc12,3.9167028229292074
*c1ccc(c3cc(C)c(*)cc3N)c2nsnc12,3.4775644054342125
*c1cc(F)c(c2cc(*)cc(OC(F)F)c2)cc1F,2.4349682050300423
*c1ccc2c(c1)C(C)(C)c1cc(c4cc5[nH]cc(*)c5cn4)ccc1-2,2.028395597648136
*c1cc(F)c(c2ccc(*)nc2)cc1F,2.782843640985216
*c1ccc2c(c1)S(=O)(=O)c1cc(c4nc(*)c5ccccc5n4)ccc1-2,3.3617758113377727
*c1ccc(c2cc(F)c(N)c(*)c2F)cc1,1.5994690172938364
*c1ccc2c(c1)C(C)(C)c1cc(c4ccc(-c5ccc(*)cn5)nc4)ccc1-2,2.73825281202253
*c1cc2[nH]cnc2c(c3cc(F)c(*)cc3F)c1N,1.684120616977562
*c1cc2ccc3cc(c5cnc(*)c(N)c5)cc4ccc(c1)c2c34,2.4064193278511605
*c1cc2ccc3cc(c5ccc(-c6ccc(*)s6)s5)cc4ccc(c1)c2c34,2.7346429609541034
*c1ccc(c3cc(*)cc(C(=O)Cl)c3)c2nsnc12,3.939443283626064
*c1ccc2c(c1)[nH]c1cc(c4cc(F)c(*)cc4[N+](=O)[O-])ccc12,3.362946735153613
*c1cc2ccc3cc(c5cc(*)c(NC(C)=O)c(C(C)=O)c5)cc4ccc(c1)c2c34,2.7786334951068064
*c1ccc2cc(c3cc(F)c(*)cc3F)ccc2c1,2.509225957691688
*c1cc2cc3sc(c4ccc(*)s4)cc3cc2s1,2.996628148193192
*c1ccc2c(c1)C(C)(C)c1cc(c4c(F)cc(F)c(*)c4[N+](=O)[O-])ccc1-2,3.4398760367615413
*c1ccc2c(c1)[nH]c1cc(c4cc(*)c(C(=O)O)cc4O)ccc12,2.3300957262359248
*c1ccc(c2c(N)c(F)cc(*)c2C(F)(F)F)cc1,2.290425821407976
*c1ccc2c(c1)S(=O)(=O)c1cc(c4cc(C(C)C)cc(*)c4N)ccc1-2,2.441760103535477
*c1ccc2c(c1)S(=O)(=O)c1cc(c4nc(*)[nH]c4C(F)(F)F)ccc1-2,2.833540299889832
*c1ccc(c3cc(C(=O)OCC)c(*)s3)c2nsnc12,4.06942107371165
*c1ccc(-c2ccc(c3cc(*)c(N)c(OC)c3)s2)s1,2.329686768453251
*c1cc2ccc3cc(c5cc(*)cc(C(N)=S)c5)cc4ccc(c1)c2c34,2.573466967424466
*c1ccc2c(c1)S(=O)(=O)c1cc(c4nc5ncccc5cc4*)ccc1-2,3.195811913163343
*c1cc2ccc3cc(c5nc(*)cn6c(Cl)cnc56)cc4ccc(c1)c2c34,2.767182050682671
*c1cc2cc3sc(c4sc(*)c5c4C(=O)OC5=O)cc3cc2s1,4.015110920387489
*c1cc(F)c(c2ncc(*)nc2N)cc1F,2.8344276545893408
*c1ccc2c(c1)C(C)(C)c1cc(c4cc(*)cc(C(=O)Cl)c4)ccc1-2,3.1620246855764527
*c1ccc(c2cc(CN)cc(*)c2OC)cc1,1.607363821189413
*c1cc2cc3sc(c4cc(*)cc(C)c4C)cc3cc2s1,2.403543753669239
*c1cc2cc3sc(c4c(N)c(F)cc(*)c4C(F)(F)F)cc3cc2s1,2.387227110566839
*c1ccc(c3cnc(*)cc3N)c2nsnc12,3.5741670776643906
*c1ccc2c(c1)S(=O)(=O)c1cc(c4ccc(*)c5nsnc45)ccc1-2,3.8422934376736713
*c1cc2cc3sc(c4cnc(N)c(*)c4C(F)(F)F)cc3cc2s1,2.4434975739416864
*c1ccc2c(c1)S(=O)(=O)c1cc(c4cc(CO)c(*)cn4)ccc1-2,2.933853942413881
*c1ccc2c(c1)[nH]c1cc(c4c(F)ncc(*)c4C)ccc12,1.8516471522657405
*c1ccc(c2ccc(*)cc2F)cc1,2.1114493437017083
*c1cc2cc3sc(c4cccc(*)c4CC(=O)O)cc3cc2s1,2.361454470576386
*c1ccc(c2cc(*)c(F)cn2)cc1,2.5346295387566293
*c1ccc(-c2ccc(c3c(N)cc(Cl)c(*)c3Cl)s2)s1,2.50782118620952
*c1ccc2c(c1)C(C)(C)c1cc(c4ccc5c(c4)Cc4cc(*)ccc4-5)ccc1-2,2.2461008955805397
*c1ccc2c(c1)S(=O)(=O)c1cc(c4cc(*)cc(CO)c4)ccc1-2,2.6749738835502166
*c1ccc(c3[nH]c(*)nc3C(=O)OC)c2nsnc12,3.958330415067776
*c1cc2ccc3cc(c5cc(CC)cc(*)c5N)cc4ccc(c1)c2c34,2.3864701957313974
*c1cc2ccc3cc(c5cc(*)cc(CO)c5N)cc4ccc(c1)c2c34,2.393409531624046
*c1ccc(c2ccc(*)c(CCl)c2)cc1,1.9311705386417295
*c1cc2cc3sc(c4cc(*)cc(NC(=O)C(C)(C)C)c4)cc3cc2s1,2.5456692048273983
*c1cc2ccc3cc(c5cc(C(=O)NN)cc(*)c5O)cc4ccc(c1)c2c34,2.6022363534821658
*c1ccc2c(c1)C(C)(C)c1cc(c4cc(CCC(=O)O)cc(*)c4O)ccc1-2,2.168402246291534
*c1ccc(c2sc(*)cc2CCCCCCCC)cc1,2.3581993556809526
*c1ccc2c(c1)S(=O)(=O)c1cc(c4cc(*)cc(CBr)c4)ccc1-2,2.6717672671900594
*c1ccc2c(c1)S(=O)(=O)c1cc(c4nc(C)c(*)n4C)ccc1-2,2.742626659103965
*c1cc2cc3sc(c4c(N)c(Cl)cc(*)c4Cl)cc3cc2s1,2.418417849770754
*c1ccc(-c2ccc(c3cc(Cl)c(F)c(*)c3N)s2)s1,2.585544855209145
*c1ccc2c(c1)C(C)(C)c1cc(c4cc(*)cc(C)c4Cl)ccc1-2,2.2216274175492225
*c1ccc2c(c1)S(=O)(=O)c1cc(c4cc(*)c(OC)cc4F)ccc1-2,2.676345400050065
*c1ccc2c(c1)C(C)(C)c1cc(c4cc(C(=O)O)c(*)cc4C(=O)O)ccc1-2,2.9644007313924323
*c1ccc2c(c1)[nH]c1cc(c4cc(*)c5c(=O)[nH][nH]c5c4)ccc12,2.097120293959069
*c1cc2cc3sc(c4cc(C)c([N+](=O)[O-])c(*)c4N)cc3cc2s1,3.2328056156153253
*c1ccc(c3ncc(*)cc3Cl)c2nsnc12,3.909731362668572
*c1ccc2c(c1)C(C)(C)c1cc(c4cc(*)cc(C#N)c4O)ccc1-2,2.3203064590017606
*c1ccc2c(c1)[nH]c1cc(c4cc(*)c5c(c4)OCCC5=O)ccc12,2.6609254459478064
*c1c2c(c(c4ccc(-c5ccc(*)s5)s4)c3nsnc13)N=S=N2,4.501835394787016
*c1ccc(c2cc(C(F)(F)F)nc(*)c2N)cc1,2.186586752855616
*c1ccc2c(c1)[nH]c1cc(c4cc(F)c(*)cc4F)ccc12,2.200944402285788
*c1cc2cc3sc(c4cc(*)cc(Oc5ccccc5)c4)cc3cc2s1,2.621441721013567
*c1ccc(-c2ccc(c3cc(*)c4c(c3)C(=O)C(=O)N4)s2)s1,3.7475597803616343
*c1ccc2c(c1)C(C)(C)c1cc(c4sc(*)nc4C)ccc1-2,2.867510631300649
*c1ccc(-c2ccc(c3nc(*)cn(C)c3=O)s2)s1,3.0855165002036555
*c1ccc2c(c1)S(=O)(=O)c1cc(c4c(C)ncc(*)c4C)ccc1-2,2.601632120521457
*c1cc2ccc3cc(c5cc(F)c(*)cc5[N+](=O)[O-])cc4ccc(c1)c2c34,3.471235946502536
*c1ccc2c(c1)S(=O)(=O)c1cc(c4nc(*)c(N)cc4C)ccc1-2,2.504823835932246
*c1ccc(-c2ccc(c3cc(*)c(OCCCC)c(C=CC(=O)O)c3)s2)s1,2.9420756539694617
*c1ccc(c3ccc4nc(*)ccc4c3)c2nsnc12,3.7996865144595176
*c1ccc(c3cnc(OCc4ccccc4)c(*)c3)c2nsnc12,3.659623369426901
*c1ccc(c2ncc(*)cc2Cl)cc1,2.5319215427856143
*c1ccc(-c2ccc(c3cc(*)c(C#N)c(F)c3)s2)s1,3.298064104825828
*c1ccc2c(c1)S(=O)(=O)c1cc(c4cc(F)cc(*)n4)ccc1-2,2.996939471199493
*c1cc(c3cc(F)c(*)cc3F)c(N)c(CN(C)C2CCCCC2)c1,1.617589594286976
*c1cc2ccc3cc(c5cc(*)cc(C#N)c5O)cc4ccc(c1)c2c34,2.6285977648640597
*c1ccc2c(c1)C(C)(C)c1cc(c4ccc(C)c(*)c4C)ccc1-2,1.837279589760852
*c1ccc(-c2ccc(c3ccc(*)c(C#N)c3)s2)s1,3.1553842348358407
*c1cc(F)c(c2cc([N+](=O)[O-])c(*)cc2NC(C)=O)cc1F,3.5465055646733568
*c1cc(F)c(c2ncc(*)c(C)c2[N+](=O)[O-])cc1F,3.62710929055664
*c1ccc2c(c1)S(=O)(=O)c1cc(c4ccnc5c4ccc4c(*)ccnc45)ccc1-2,2.9804105925631306
*c1ccc2c(c1)S(=O)(=O)c1cc(c4ccc(CC(=O)O)c(*)c4)ccc1-2,2.75713911081944
*c1cc2ccc3cc(c5c(N)c(F)cc(*)c5Cl)cc4ccc(c1)c2c34,2.596402639022962
*c1ccc2c(c1)[nH]c1cc(c4cc(C)c(N)c(*)n4)ccc12,1.6957381269783554
*c1ccc2c(c1)[nH]c1cc(c4ncc(*)nc4C=O)ccc12,3.1993389591495416
*c1cc2ccc3cc(c5ccc(C=O)c(*)c5)cc4ccc(c1)c2c34,2.912870449763844
*c1ccc2c(c1)S(=O)(=O)c1cc(c4nc(*)n[nH]4)ccc1-2,2.91571614553336
*c1ccc(c2cnc(*)cn2)cc1,2.9908275632637444
*c1cc2ccc3cc(c5ccc(OC(F)(F)F)cc5*)cc4ccc(c1)c2c34,2.718355989967268
*c1ccc(c3c(O)cc(O)c(*)c3O)c2nsnc12,3.7838394551278256
*c1ccc2c(c1)[nH]c1cc(c4ccc(-c5ccc(*)cc5)cc4)ccc12,1.9912363904751331
*c1cc2ccc3cc(c5cnc(N)c(*)c5OC)cc4ccc(c1)c2c34,2.510929384483814
*c1cc2cc3sc(c4sc(*)nc4C)cc3cc2s1,3.2238962693012514
*c1ccc(c2cc(C(F)(F)F)c(*)cn2)cc1,2.615531803738633
*c1cc(c3cc(F)c(*)cc3F)c2c(c1)C(C)(C)C(=O)N2,2.209434193851614
*c1cc2ccc3cc(c5sc(*)cc5C(=O)OC)cc4ccc(c1)c2c34,2.845849336230134
*c1cc2cc3sc(c4ccc(*)c5nccnc45)cc3cc2s1,3.4863818992194044
*c1cc2cc3sc(c4nc(*)nn4COC)cc3cc2s1,2.7926265750995904
*c1ccc2c(c1)S(=O)(=O)c1cc(c4ccc(*)nc4Cl)ccc1-2,3.120342723403155
*c1cc(F)c(c2ccc(*)c(C=O)c2F)cc1F,3.1620346296814885
*c1ccc(c2cc(C)c(*)c(C)c2)cc1,1.4587533072126884
*c1cc2cc3sc(c4c(OC)cc(*)c5ncccc45)cc3cc2s1,3.021958047549717
*c1ccc(-c2ccc(c3ncc(*)c(N)c3N)s2)s1,2.471180073694475
*c1cc2cc3sc(c4nc(*)c(C(=O)O)cc4Cl)cc3cc2s1,3.410409425541413
*c1cc2ccc3cc(c5cc(OC)c(*)cc5OC)cc4ccc(c1)c2c34,2.5303442145159254
*c1cc(c3ccc(*)cc3)cc(CNC2CCC(O)CC2)c1N,1.388485362232065
*c1ccc(c3cnc(*)c(O)c3)c2nsnc12,3.858250716950626
*c1ccc2c(c1)S(=O)(=O)c1cc(c4cc(CCCC)c(*)s4)ccc1-2,3.014930506196776
*c1ccc(-c2ccc(c3cc(F)cc(*)c3O)s2)s1,2.786793810101828
*c1ccc2c(c1)C(C)(C)c1cc(c4cc(CC(=O)O)cc(*)c4O)ccc1-2,2.164840548011956
*c1ccc(c2ccc(*)nc2C(=O)O)cc1,2.699044052141459
*c1ccc(c2cnc(N)c(*)c2C(F)(F)F)cc1,2.304928046231317
*c1cc(F)c(c2cc(OC)cc(*)c2Cl)cc1F,2.0850416371926785
*c1cc(F)c(c2nc(*)c(C(=O)O)s2)cc1F,3.746551722609654
*c1ccc(-c2ccc(c3cc(*)cc(N)c3)s2)s1,2.447129153056573
*c1ccc(c3cc(N)c([N+](=O)[O-])c(*)n3)c2nsnc12,3.9064639008749262
*c1ccc(c2nc(C(=O)O)ccc2*)cc1,2.890644370484274
*c1ccc2c(c1)[nH]c1cc(c4ccc(-c5ccc(-c6ccc(*)cc6)cc5)cc4)ccc12,2.1131000000071496
*c1ccc(-c2ccc(c3cc(C(C)(C)C)cc(*)c3O)s2)s1,2.616604815689037
*c1ccc(c3cc(C=O)c(*)cn3)c2nsnc12,4.064159279664612
*c1ccnc(-c2cc(c3ccc(*)cc3)ccn2)c1,2.5702987382495257
*c1cc2ccc3cc(c5ccc6[nH]c7ccc(*)cc7c6c5)cc4ccc(c1)c2c34,2.387197570449933
*c1cc2ccc3cc(c5cc(*)c(C#N)c(F)c5)cc4ccc(c1)c2c34,2.7852438084659195
*c1ccc(-c2ccc(c3cc(*)cc([N+](=O)[O-])c3C)s2)s1,3.394983817568081
*c1ccc2c(c1)C(C)(C)c1cc(c4ccsc4*)ccc1-2,2.363569722818984
*c1ccc(c3cc(*)cc(OC)c3)c2nsnc12,3.626666879588426
*c1cc2cc3sc(c4cc(*)c(Cl)c(OC(F)(F)F)c4)cc3cc2s1,3.04444756150774
*c1ccc2c(c1)C(C)(C)c1cc(c4ccc5[nH]c6ccc(*)cc6c5c4)ccc1-2,1.9084710044118107
*c1cc2ccc3cc(c5ncc(*)cc5F)cc4ccc(c1)c2c34,2.6150573503747685
*c1ccc2c(c1)[nH]c1cc(c4nc(*)cnc4C(=O)OC)ccc12,2.956569349773127
*c1ccc2c(c1)[nH]c1cc(c4ccc(*)nc4N)ccc12,1.988762382635917
*c1ccc2c(c1)C(C)(C)c1cc(c4cn(C)c(*)n4)ccc1-2,1.9925668310604276
*c1ccc(-c2ccc(c3nc4cc(*)ccn4n3)s2)s1,2.9601871740747656
*c1ccc2c(c1)S(=O)(=O)c1cc(c4cc(*)c(F)c(C#N)c4N)ccc1-2,2.643292796308847
*c1cc2cc3sc(c4ccc(*)c(F)c4C)cc3cc2s1,2.768915708518522
*c1ccc(c2cc(*)c(OC)c(F)c2F)cc1,1.999445803049952
*c1cc2ccc3cc(c5cc(C(F)(F)F)nc(*)c5N)cc4ccc(c1)c2c34,2.525529325424311
*c1ccc2c(c1)[nH]c1cc(c4cc(C(=O)OCC)cc(*)c4N)ccc12,1.817673960584876
*c1ccc2c(c1)[nH]c1cc(c4c(C)c([N+](=O)[O-])cc(*)c4OC)ccc12,3.255670868251852
*c1cc(F)c(c2cc(C(=O)OC)cc(*)n2)cc1F,3.2198232908762443
*c1cc(F)c(c2cc(*)c[n+]([O-])c2)cc1F,2.661622296134368
*c1cc2cc3sc(c4ccc(C(=O)O)c(*)n4)cc3cc2s1,3.195739939398199
*c1ccc(-c2ccc(c3cncc(*)c3C(=O)O)s2)s1,3.0387546700380588
*c1cc2cc3sc(c4cc(*)c5c(=O)[nH][nH]c5c4)cc3cc2s1,2.7900746153400604
*c1ccc2c(c1)C(C)(C)c1cc(c4cc(*)cc5c(C(=O)O)cc(-c6ccccc6)nc45)ccc1-2,3.32181183344633
*c1ccc2c(c1)C(C)(C)c1cc(c4cc(C=CC(=O)O)cc(*)c4OC(C)C)ccc1-2,2.672515608533616
*c1ccc(-c2ccc(c3cc(*)c(Cl)nc3C)s2)s1,2.9379115574163146
*c1ccc2c(c1)[nH]c1cc(c4cc5[nH]cnc5c(*)c4N)ccc12,1.500371698587628
*c1ccc2cccc(c3ccc(*)cc3)c2n1,2.709072772990181
*c1ccc(c2cc(N)cc(*)c2F)cc1,1.6024407709293982
*c1cc(c3ccc(*)cc3)c2nccn2c1,2.0716395729985355
*c1ccc(c3c(F)ncc(*)c3C)c2nsnc12,3.79309333772776
*c1ccc2c(c1)[nH]c1cc(C4=CC(=O)C(*)=CC4=O)ccc12,4.564480478515307
*c1cnc2n[nH]c(c3cc(F)c(*)cc3F)c2c1,2.949421817121936
*c1ccc2c(c1)S(=O)(=O)c1cc(c4c(F)c(F)c(*)c5nsnc45)ccc1-2,4.134288875930958
*c1ccc(-c2ccc(c3cc(*)c(Cl)cc3F)s2)s1,2.973763645969643
*c1ccc2c(c1)C(C)(C)c1cc(c4cc(CC(N)C(=O)O)cc(*)c4O)ccc1-2,2.101643260052332
*c1ccc2c(c1)C(C)(C)c1cc(c4cncc(*)c4OC)ccc1-2,2.1729440990887583
*c1cc(F)c(c2ccc(OC(C)C(=O)Cl)c(*)c2)cc1F,2.4809834498571024
*c1ccc2c(c1)C(C)(C)c1cc(c4cc(*)cc(C)c4N)ccc1-2,1.7852440145277275
*c1ccc(-c2ccc(c3ccc([N+]#[C-])c(*)c3)s2)s1,2.927155117090992
*c1cc2cc3sc(c4cc(*)c(OCCCC)c(C=CC(=O)O)c4)cc3cc2s1,2.839196704215877
*c1ccc2c(c1)S(=O)(=O)c1cc(c4cc(*)c(N)c([N+]([O-])=NC(C)(C)C)c4)ccc1-2,2.944762361086657
*c1ccc2c(c1)C(C)(C)c1cc(c4c[nH]c5ncc(*)nc45)ccc1-2,2.547748345810552
*c1ccc2c(c1)[nH]c1cc(c4ccc(OC(C)C(=O)Cl)c(*)c4)ccc12,2.2791865915971408
*c1cccc2c1oc1c(c4ccc(*)c5nsnc45)cccc12,3.723200380553318
*c1ccc2c(c1)S(=O)(=O)c1cc(c4[nH]nc5ccc(*)cc45)ccc1-2,2.8819285399796524
*c1ccc2c(c1)S(=O)(=O)c1cc(c4cc(*)c(C=O)cn4)ccc1-2,3.515349569670157
*c1cc2ccc3cc(c5c(C)nc(C)c(*)c5C)cc4ccc(c1)c2c34,2.596396911178894
*c1cc2cc3sc(c4ncc5cc(*)ccc5n4)cc3cc2s1,3.247764153824784
*c1ccc2c(c1)[nH]c1cc(c4ccc(*)c5[nH]ncc45)ccc12,2.1113287520521418
*c1ccc(c3nc(*)[nH]c3C(F)(F)F)c2nsnc12,3.770500540730538
*c1ccc2c(c1)S(=O)(=O)c1cc(c4cc(*)c5c(c4)C(=O)C(=O)N5CC)ccc1-2,3.803611834204089
*c1ccc(c4ccc(-c5ccc(*)s5)s4)c2sc(-c3ccccc3)nc12,3.0905933309881544
*c1ccc2c(c1)S(=O)(=O)c1cc(c4cnc(OCc5ccccc5)c(*)c4)ccc1-2,2.734541851346858
*c1cc(F)c(c2cncc(*)n2)cc1F,2.992722607608208
*c1cc2cc3sc(c4cc(F)c(F)cc4*)cc3cc2s1,2.778728093914739
*c1ccc2c(c1)C(C)(C)c1cc(c4cnc(N)c(*)c4OC)ccc1-2,1.9767436397233435
*c1cc2cc3sc(c4ccc(-c5ccc(*)s5)s4)cc3cc2s1,3.099168317851185
*c1cc2cc3sc(c4ccc(*)c(C=O)c4F)cc3cc2s1,3.224212559321328
*c1ccc2c(c1)C(C)(C)c1cc(c4cc(C)c(*)cc4N)ccc1-2,1.820629419476297
*c1ccc(-c2ccc(c3cc(C=O)cc(*)c3OC)s2)s1,2.987769405627926
*c1ccc2c(c1)[nH]c1cc(c4cc(*)c(N)c(C)c4F)ccc12,1.531646156124034
*c1ccc2c(c1)[nH]c1cc(c4cccc(*)c4CO)ccc12,1.5757809777448508
*c1ccc2c(c1)C(C)(C)c1cc(c4ccc(*)c(OC(F)F)c4)ccc1-2,2.435917166687242
*c1ccc(c2cc(Cl)c(*)cc2C)cc1,1.6995938385391918
*c1cc2cc3sc(c4ccc(OC)c(*)c4)cc3cc2s1,2.433465963774328
*c1ccc2c(c1)[nH]c1cc(c4cc(C=CC(=O)O)cc(*)c4OCCC)ccc12,2.655004337648895
*c1ccc2c(c1)C(C)(C)c1cc(c4cc(*)cc(N)c4)ccc1-2,1.9018095550311835
*c1ccc2c(c1)S(=O)(=O)c1cc(c4ccc(*)cc4F)ccc1-2,2.868889833787725
*c1ccc(-c2ccc(c3ncc(*)s3)s2)s1,3.304864814168866
*c1ccc(c3cc(*)c[n+]([O-])c3)c2nsnc12,3.923171207940957
*c1cc(F)c(c2cc(F)c(*)cc2F)cc1F,2.694151905335005
*c1ccnc2c1ccc1c(c4ccc(-c5ccc(*)s5)s4)ccnc12,3.0648405740665385
*c1cc(F)c(c2cc(*)c(N)c(C(=O)O)c2F)cc1F,2.3844822501537504
*c1ccc2c(c1)S(=O)(=O)c1cc(c4cc(*)cc(C#N)c4OC)ccc1-2,2.786729990600179
*c1ccc(c2cc(*)cc(C)c2Cl)cc1,1.9743048831274173
*c1cc(F)c(c2cc(*)nc(OC)c2N)cc1F,2.134548486909781
*c1ccc2c(c1)[nH]c1cc(c4ccc(-c5ccc(*)s5)s4)ccc12,2.6587652106723207
*c1ccc2c(c1)sc1cc(c4cc(F)c(*)cc4F)ccc12,2.543844020305165
*c1cc2ccc3cc(c5cc(O)c(*)cc5O)cc4ccc(c1)c2c34,2.597266782622273
*c1cc2ccc3cc(c5cc(Cl)c(F)c(*)c5N)cc4ccc(c1)c2c34,2.5573935546475868
*c1ccc2c(c1)C(C)(C)c1cc(c4cc(*)cc(NC(=O)C(C)(C)C)c4)ccc1-2,2.1411569275343165
*c1cc2cc3sc(c4cc(*)cc(F)c4Cl)cc3cc2s1,2.909112785408944
*c1ccc(c3cc(S(=O)(=O)C(F)(F)F)cc(*)c3C)c2nsnc12,3.818538967020114
*c1cc(F)c(c2cccc(*)n2)cc1F,2.542217559257726
*c1ccc2c(c1)[nH]c1cc(c4cc(Cl)cn5c(*)cnc45)ccc12,2.197824472417577
*c1ccc(c2cnc(N(C)C)c(*)n2)cc1,2.1575056205294287
*c1cc2cc3sc(c4cc([N+](=O)[O-])c(*)cc4NC(C)=O)cc3cc2s1,3.482368926347863
*c1ccc2c(c1)[nH]c1cc(c4cc(C=O)cc(*)n4)ccc12,3.118194392217599
*c1cc2ccc3cc(c5ccc(*)s5)cc4ccc(c1)c2c34,2.5748895587160456
*c1cc2ccc3cc(c5cncc(*)c5C(=O)O)cc4ccc(c1)c2c34,2.797597676625632
*c1cc(F)c(c2ccc(CO)c(*)n2)cc1F,2.4908769553425216
*c1ccc2c(c1)[nH]c1cc(c4cc(*)cc(C(=O)Cl)c4)ccc12,3.083352295729464
*c1ccc(c2c(F)c(*)c(F)c(F)c2F)cc1,2.440076041762164
*c1ccc(c3cc(*)cc4sc(N)nc34)c2nsnc12,3.443994628140641
*c1ccc(c3cc(*)cc(N)c3)c2nsnc12,3.442603658896319
*c1ccc2c(c1)S(=O)(=O)c1cc(c4cc(CC(=O)O)cc(*)c4O)ccc1-2,2.753117319793309
*c1cc2cc3sc(c4c(N)c(*)cc(F)c4Cl)cc3cc2s1,2.471325558983159
*c1ccc2c(c1)[nH]c1cc(c4cc(F)c(F)c(*)c4N)ccc12,1.7079885000559798
*c1ccc2c(c1)[nH]c1cc(c4cc(OC(F)F)cc(*)c4N)ccc12,1.773206792086742
*c1ccc2c(c1)[nH]c1cc(c4cc(*)c(O)c([N+](=O)[O-])c4C)ccc12,3.431212857904672
*c1cc2cc3sc(c4c(C)sc(*)c4C)cc3cc2s1,2.470617246560311
*c1cc(F)c(c2cc(*)c(OCCCC)c(C=CC(=O)O)c2)cc1F,2.857042696845282
*c1ccc(c2cc(*)cc(OCC)c2)cc1,1.7722799013435655
*c1cc2cc3sc(c4cccc(C(=O)O)c4*)cc3cc2s1,2.659814766370939
*c1ccc(c3nc(C#N)c(*)n3C)c2nsnc12,3.8586577085761498
*c1ccc2c(c1)S(=O)(=O)c1cc(c4ccc(*)c(Cl)c4C)ccc1-2,2.737909281161864
*c1ccc2c(c1)[nH]c1cc(c4cc(*)c(N)c(F)c4)ccc12,1.6017287241792406
*c1cc2cc3sc(c4ccc(*)o4)cc3cc2s1,2.801333056737029
*c1ccc2c(c1)S(=O)(=O)c1cc(c4cc(*)c5c(c4)OCCC5=O)ccc1-2,3.095135947224267
*c1ccc(c3cc(*)c(C)nc3N)c2nsnc12,3.5461932915241183
*c1cc(F)c(c2cc(*)cc(C(F)F)c2)cc1F,2.382841137781905
*c1cc(F)c(c2cc(N)c(*)cc2F)cc1F,2.125114152131217
*c1ccc2c(c1)C(C)(C)c1cc(c4cc(*)ccc4OCc4ccccc4)ccc1-2,2.0599997372326304
*c1cc2ccc3cc(c5nc(*)c(C)cc5C)cc4ccc(c1)c2c34,2.463034419657915
*c1ccc2c(c1)C(C)(C)c1cc(c4nc(*)cn5ccnc45)ccc1-2,2.652428966182888
*c1cc(F)c(c2cc(C=CC(=O)O)cc(*)c2OCC(=O)OC)cc1F,2.8771093594611226
*c1ccc2c(c1)S(=O)(=O)c1cc(c4[nH]nc5c(*)cncc45)ccc1-2,3.132900360480896
*c1ccc2c(c1)C(C)(C)c1cc(c4cc(Cl)cc(*)c4Cl)ccc1-2,2.318031494065442
*c1ccc2c(c1)S(=O)(=O)c1cc(c4cc(*)ccc4OCCOC)ccc1-2,2.628644158529486
*c1ccc2c(c1)S(=O)(=O)c1cc(c4c(N)c(*)c(Cl)c(F)c4Cl)ccc1-2,2.766740898105909
*c1ccc(c3cc(*)nc(N)n3)c2nsnc12,3.787986922150036
*c1cc2cc3sc(c4nc(*)cnc4Cl)cc3cc2s1,3.2302121114575923
*c1ccc(c3ccc(*)cc3CC)c2nsnc12,3.6095269772679535
*c1cc2cc3sc(c4cccc5c4sc4c(*)cccc45)cc3cc2s1,2.6110990752419423
*c1ccc2c(c1)[nH]c1cc(c4cc(F)cc(*)c4[N+]#[C-])ccc12,2.1883734673263024
*c1ccc(c2cc(*)c(O)c(C(=O)OC)n2)cc1,2.797877046226524
*c1ccc2c(c1)C(C)(C)c1cc(c4cc(*)ncn4)ccc1-2,2.9808062809509703
*c1ccc2c(c1)S(=O)(=O)c1cc(c4c[nH]cc(*)c4=O)ccc1-2,2.663396272665968
*c1ccc2c(c1)[nH]c1cc(c4ccc5cc(*)ccc5c4)ccc12,2.117531901209899
*c1ccc(c3cc(*)ccc3OCCOC)c2nsnc12,3.607687361761017
*c1cc(F)c(c2cc([N+](=O)[O-])c(O)c(*)c2F)cc1F,3.782888818059947
*c1ccc(-c2ccc(c3cc(*)cc(C(C)C)c3N)s2)s1,2.301678217865588
*c1cc2cc3sc(c4ccc(*)[nH]4)cc3cc2s1,2.433515001802142
*c1ccc2c(c1)S(=O)(=O)c1cc(c4cncc(*)c4N)ccc1-2,2.518934740185605
*c1cc2ccc3cc(c5cc(F)c(*)cc5F)cc4ccc(c1)c2c34,2.617798559053534
*c1ccc2c(c1)C(C)(C)c1cc(c4cc(*)c5c(c4)CCCN5)ccc1-2,1.7862365658949375
*c1ccc(c2ccc(F)c(*)n2)cc1,2.3918117476199305
*c1ccc2c(c1)C(C)(C)c1cc(c4cc(*)c(OC)c5ncccc45)ccc1-2,2.469028102788112
*c1ccc2c(c1)C(C)(C)c1cc(c4cc(*)c5c(c4)C(=O)C(=O)N5)ccc1-2,3.6667306529871952
*c1ccc(-c2ccc(c3cc(*)cc(OC(F)(F)F)c3)s2)s1,2.9497100421978315
*c1cc2ccc3cc(c5c(N)c(Cl)cc(*)c5OC)cc4ccc(c1)c2c34,2.559022939410249
*c1ccc(c2cc(C)nc(*)c2O)cc1,2.172566060574906
*c1ccc2c(c1)S(=O)(=O)c1cc(c4cc(*)c(C)cc4OC)ccc1-2,2.565402241591966
*c1ccc2c(c1)S(=O)(=O)c1cc(c4sc(*)nc4C)ccc1-2,3.301357758977029
*c1ccc2c(c1)[nH]c1cc(c4sc(*)c(C(=O)O)c4C(=O)O)ccc12,3.0318202500790945
*c1cc2cc3sc(c4csc(*)n4)cc3cc2s1,2.9211628124821147
*c1ccc2c(c1)[nH]c1cc(c4cnc(*)cc4[N+](=O)[O-])ccc12,3.5219425150111507
*c1cc2ccc3cc(c5cc([N+](=O)[O-])c(O)c(*)c5F)cc4ccc(c1)c2c34,3.6638381269119655
*c1ccc(c2cc(*)ccc2OCC(=O)NN)cc1,1.6833242419658192
*c1ccc2c(c1)S(=O)(=O)c1cc(c4cc(C(=O)O)cc(*)c4O)ccc1-2,2.853802807742845
*c1ccc2c(c1)S(=O)(=O)c1cc(c4cccc(*)c4C#N)ccc1-2,2.925719728262705
*c1ccc2c(c1)S(=O)(=O)c1cc(c4cccc(-c5cccc(*)n5)n4)ccc1-2,2.805999794689981
*c1ccc2c(c1)[nH]c1cc(c4ncc(*)c5[nH]ccc45)ccc12,2.010908647879372
*c1cc2ccc3cc(c5cccc(*)c5CC)cc4ccc(c1)c2c34,2.5187010609818423
*c1cc2cc3sc(c4ccc(Cl)c(*)c4)cc3cc2s1,2.730888337093212
*c1ccc2c(c1)C(C)(C)c1cc(c4cc5sc6cc(*)sc6c5s4)ccc1-2,2.8643999999260403
*c1cc2cc3sc(c4cnc(*)c5ncnn45)cc3cc2s1,3.520685997231423
*c1cc2cc3sc(c4nc(*)c(C(=O)O)s4)cc3cc2s1,3.647785111308024
*c1ccc2c(c1)[nH]c1cc(c4cc(C)cc(*)c4[N+]#[C-])ccc12,1.9768001752914848
*c1cc2cc3sc(c4c(C)c(C)cc(*)c4N)cc3cc2s1,2.06504392197857
*c1ccc(-c2ccc(c3cc(*)cc(C(N)=S)c3)s2)s1,2.7906827408879997
*c1cc(F)c(c2cccc(*)c2C(F)(F)F)cc1F,2.339283720775528
*c1ccc2c(c1)S(=O)(=O)c1cc(c4ccnc5c(*)cccc45)ccc1-2,2.967255758950176
*c1ccc(c2ccc(*)nc2C(=O)OCC)cc1,2.672781523685372
*c1ccc2c(c1)C(C)(C)c1cc(c4ccc(*)c(CO)c4)ccc1-2,2.1232892313768232
*c1ccc(-c2ccc(c3cc(F)cc(*)c3Cl)s2)s1,2.9135808914146466
*c1cc(c3ccc(*)cc3)c2c(c1)CCCN2,1.278292278479333
*c1ccc2c(c1)C(C)(C)c1cc(c4cc([N+](=O)[O-])c(*)cc4C)ccc1-2,3.329805513685653
*c1ccc2c(c1)S(=O)(=O)c1cc(c4ccc(*)cc4CN)ccc1-2,2.597069238599902
*c1ccc(c3cncc(*)c3Cl)c2nsnc12,3.8657499229059376
*c1cc2cc3sc(c4ccc(*)c[n+]4[O-])cc3cc2s1,3.1972092661581373
*c1cc2ccc3cc(c5ccc6sc(*)nc6c5)cc4ccc(c1)c2c34,2.742088896885291
*c1cc2ccc3cc(c5ccc(*)cc5CC)cc4ccc(c1)c2c34,2.489472273095628
*c1ccc2c(c1)[nH]c1cc(c4cccc5c4oc4c(*)cccc45)ccc12,2.065619324633736
*c1cc(Cl)cn2c(c3ccc(*)cc3)cnc12,2.285608275352033
*c1ccc2c(c1)[nH]c1cc(c4nc(*)nn4Cc4ccccc4)ccc12,2.0050369063667457
*c1ccc(c3cnc(*)c4nsnc34)c2nsnc12,4.278211872863785
*c1ccc2c3ccc(c5cc6cc7sc(*)cc7cc6s5)cc3n(-c3ccccc3)c2c1,2.569393200196346
*c1ccc(-c2ccc(c3nc(*)c(OC)cc3[N+](=O)[O-])s2)s1,3.863649826283261
*c1ccc2c(c1)C(C)(C)c1cc(c4[nH]nc5ccc(*)cc45)ccc1-2,2.439865703384318
*c1cc(F)c(c2ccnc(*)c2C)cc1F,2.2185788688087484
*c1ccc(-c2ccc(c3cc(*)nc(C(=O)OC)c3OC)s2)s1,3.163827804403049
*c1cc2ccc3cc(c5ccc(-c6ccc(*)cn6)nc5)cc4ccc(c1)c2c34,2.6870034343317504
*c1cc2ccc3cc(c5cc(C)c(N)c(*)n5)cc4ccc(c1)c2c34,2.328769583477255
*c1cc(F)c(c2cc(CC(=O)O)cc(*)c2O)cc1F,2.245679512291346
*c1ccc2c(c1)[nH]c1cc(c4cc(S(N)(=O)=O)cc(*)c4N)ccc12,1.551590160363313
*c1ccc(-c2ccc(c3ccc(*)nn3)s2)s1,3.29123330163592
*c1cc(F)c(c2cc(C(=O)OCC)cc(*)c2N)cc1F,2.049505258912988
*c1ccc2c(c1)C(C)(C)c1cc(c4cc(*)c(N)c(C)c4F)ccc1-2,1.871640297934573
*c1cc2cc3sc(c4cc(*)cc(F)c4C)cc3cc2s1,2.620488944424089
*c1ccc2c(c1)S(=O)(=O)c1cc(c4cc(F)c(N)c(*)c4F)ccc1-2,2.5798356237174964
*c1ccc2c(c1)[nH]c1cc(c4ccc(*)cc4NC(=O)c4ccccc4)ccc12,2.0695345541371544
*c1ccc(c3cc(*)c(N)c(F)c3)c2nsnc12,3.5432902130216597
*c1c2ccccc2c(c4ccc(-c5ccc(*)s5)s4)c2ccccc12,2.9391254960265467
*c1ccc(c3nc(*)cnc3Cl)c2nsnc12,3.9544313908952313
*c1cc2cc3sc(c4nc5cc(*)ccn5n4)cc3cc2s1,2.8611588350340997
*c1ccc(c2cnc(F)c(*)c2)cc1,2.2030061258350457
*c1ccc2c(c1)S(=O)(=O)c1cc(c4sc(*)cc4C=O)ccc1-2,3.4643783387630265
*c1cc2cc3sc(c4nc(C(=O)O)ccc4*)cc3cc2s1,3.1550563393449003
*c1cc2ccc3cc(c5cc(*)c(Cl)c(C(C)C)c5)cc4ccc(c1)c2c34,2.593996156014368
*c1ccc2c(c1)[nH]c1cc(c4cc(*)cc(C)c4)ccc12,1.734499439057645
*c1ccc2c(c1)C(C)(C)c1cc(c4nc(*)[nH]c4C)ccc1-2,2.041256526389993
*c1cc2ccc3cc(c5cc(Cl)c(*)cc5Cl)cc4ccc(c1)c2c34,2.718708406592013
*c1cc2ccc3cc(c5ccc(*)nc5Cl)cc4ccc(c1)c2c34,2.6385528143418613
*c1ccc2c(c1)S(=O)(=O)c1cc(c4nc(*)n(C5CCCCO5)n4)ccc1-2,2.91659947121286
*c1ccc2c(c1)C(C)(C)c1cc(c4cccc(*)c4C(F)(F)F)ccc1-2,2.5463748020700843
*c1ccc(-c2ccc(c3ccc(*)c(CCl)c3)s2)s1,2.912461403774659
*c1nc(c3ccc(*)cc3)cn2cc(C)nc12,2.533605403029036
*c1cc(F)c(c2c(N)c(F)cc(*)c2C(F)(F)F)cc1F,2.3838078775907867
*c1ccc(c3cc(F)c(*)c([N+](=O)[O-])c3F)c2nsnc12,4.2596696498412765
*c1ccc2c(c1)[nH]c1cc(c4c(C)c(C)cc(*)c4N)ccc12,1.398315708430672
*c1ccc2c(c1)C(C)(C)c1cc(c4cc(C(=O)Cl)c(*)cc4C(=O)Cl)ccc1-2,3.727633660734608
*c1cc2cc3sc(c4c(F)ncc(*)c4C)cc3cc2s1,2.56865947485748
*c1ccc2c(c1)[nH]c1cc(c4ccc(*)c(Cl)c4Cl)ccc12,2.0820371091038536
*c1cc2ccc3cc(c5ccc6ccc(*)nc6c5)cc4ccc(c1)c2c34,2.650638624569642
*c1cc2ccc3cc(c5cc(OC(F)F)cc(*)c5Cl)cc4ccc(c1)c2c34,2.715405498785425
*c1ccc(-c2ccc(C3=CC(=O)C(*)=CC3=O)s2)s1,4.822090626173803
*c1cc(F)c(c2cc(C(=O)O)c(*)cc2C(=O)O)cc1F,3.332255854298908
*c1ccc(c2c(F)c(F)c(*)c(F)c2F)cc1,2.6979286735895984
*c1ccc(c3cc(*)c(O)c(C(=O)OC)n3)c2nsnc12,3.929026181697978
*c1ccc(c2cc(*)c(N=S(C)(C)=O)c([N+](=O)[O-])c2)cc1,3.1486597916943566
*c1cc2ccc3cc(c5ccc6ncc(*)n6c5)cc4ccc(c1)c2c34,2.4995212047547453
*c1ccc2c(c1)[nH]c1cc(c4ccc(-c5ccc(*)s5)s4)ccc12,2.6218549470344694
*c1ccc(-c2ccc(c3ccc(*)c4ccccc34)s2)s1,2.797309912410813
*c1cc2cc3sc(c4cnc(*)nc4)cc3cc2s1,3.241053700775712
*c1ccc2c(c1)[nH]c1cc(c4ccc5c(c4)-c4cc(*)ccc4S5(=O)=O)ccc12,2.4824044077302347
*c1cc2cc3sc(c4cc(*)cc(C#N)c4)cc3cc2s1,2.7844376699376303
*c1ccc2c(c1)C(C)(C)c1cc(c4ccc(-c5ccc(*)cc5)cc4)ccc1-2,2.3040196324793474
*c1ccc(c2c([N+](=O)[O-])c(*)nn2C)cc1,3.178256629485374
*c1ccc(-c2ccc(c3cc(*)nc(C(=O)OC)c3)s2)s1,3.2519283669530443
*c1cc2cc3sc(c4ccc5c(c4)C(=C(C#N)C#N)c4cc(*)ccc4-5)cc3cc2s1,4.053207429425104
*c1ccc(c3cc(F)c(*)cc3F)c2nonc12,3.805955307911865
*c1ccc2c(c1)C(C)(C)c1cc(c4cccc(*)c4C#N)ccc1-2,2.538304657897237
*c1ccc2c(c1)C(C)(C)c1cc(c4cncc(*)c4C=O)ccc1-2,3.1100856868636937
*c1ccc2c(c1)[nH]c1cc(c4ccnc(*)c4)ccc12,2.1993953613598767
*c1cc(F)c(c2cc(*)c(OC)cc2OC)cc1F,1.8830033838070268
*c1ccc2c(c1)[nH]c1cc(c4cc(*)ccc4CC#N)ccc12,1.811238490128568
*c1cc(F)c(c2cnc(N)c(*)c2C(F)(F)F)cc1F,2.4183509751220296
*c1cc2ccc3cc(c5cc(C(=O)OC)c(*)[nH]5)cc4ccc(c1)c2c34,2.546174239328879
*c1ccc(c2cc(CC(N)C(=O)O)cc(*)c2O)cc1,1.780634974889426
*c1ccc2c(-c3c(O)ccc4cc(c5ccc(*)cc5)ccc34)c(O)ccc2c1,2.1877297627232664
*c1ccc(c2cc(C(=O)OC)c(*)cc2C(=O)OC)cc1,2.8877501045482608
*c1ccc2c(c1)C(C)(C)c1cc(c4cc(C)cc(*)c4Cl)ccc1-2,2.105616425112304
*c1ccc(c2ccc(N)c(*)n2)cc1,1.6596113503813394
*c1cc2ccc3cc(c5c(Cl)cc(*)c(C)c5Cl)cc4ccc(c1)c2c34,2.7300770823832945
*c1ccc(c2cc(C)c(N)c(*)c2[N+](=O)[O-])cc1,3.0515273161133543
*c1cc(F)c(c2cc(*)cc(F)c2Cl)cc1F,2.589785541184305
*c1cc(F)c(c2cc(*)c(OCC)c(C=CC(=O)O)c2)cc1F,2.844783033857016
*c1cc2cc3sc(c4cc(*)c(OC(C)C)c(C=O)c4)cc3cc2s1,2.880460039177619
*c1ccc2c(c1)C(C)(C)c1cc(c4cc(*)cc(N5CCCC5)c4)ccc1-2,1.8601055842541472
*c1cc2cc3sc(c4cc(C=CC(=O)O)cc(*)c4OCCC)cc3cc2s1,2.9348806838258814
*c1cc(F)c(c2cc(*)cc(C(C)C)c2N)cc1F,1.6850395896026789
*c1ccc2c(c1)[nH]c1cc(c4c(F)cc(F)c(*)c4F)ccc12,2.121059372284833
*c1ccc(c2ccc(*)c(C(=O)O)c2)cc1,2.4022437753338988
*c1ccc2c(c1)S(=O)(=O)c1cc(c4cc(Cl)cc(*)c4Cl)ccc1-2,2.868951102062153
*c1ccc2c(c1)[nH]c1cc(c4nccc(*)c4C#N)ccc12,2.62324665159079
*c1ncc(c3cc(F)c(*)cc3F)n2ccnc12,3.1152009238838763
*c1cc2ccc3cc(c5c(F)c(F)c(*)c(F)c5F)cc4ccc(c1)c2c34,2.75067632389523
*c1cc2cc3sc(c4ccc5occ(*)c5c4)cc3cc2s1,2.5193001375644712
*c1ccc(c2cc(CCCC)cc(*)c2N)cc1,1.3847357786289467
*c1ccc2c(c1)C(C)(C)c1cc(c4cc(*)cc(C(C)C)c4N)ccc1-2,1.816581351469385
*c1ccc2c(c1)[nH]c1cc(c4cc(*)cc(C#N)c4)ccc12,2.1596375629195528
*c1cc2ccc3cc(c5cc(*)ncn5)cc4ccc(c1)c2c34,2.865786548712847
*c1nccc2[nH]cc(c3cc(F)c(*)cc3F)c12,2.050210786953496
*c1cc2cc3sc(c4cc(C)cc(*)c4[N+]#[C-])cc3cc2s1,2.617411392074727
*c1ccc(c2cc(*)cc(C)c2N)cc1,1.2860956955660343
*c1cc2cc3sc(c4ccc(C(=O)c5ccc(*)cc5)cc4)cc3cc2s1,3.162196261033736
*c1ccc(-c2ccc(c3cccc(*)c3)s2)s1,2.656108151243036
*c1ccc2c(c1)S(=O)(=O)c1cc(c4cc(*)cc(CC(=O)OC)c4)ccc1-2,2.748402536325709
*c1cc2ccc3cc(c5cc(*)c(C)s5)cc4ccc(c1)c2c34,2.476088610894191
*c1ccc(c3cc(C(=O)O)cc(*)c3N)c2nsnc12,3.6712372465668857
*c1ccc(c3ccc(Cl)c(*)c3)c2nsnc12,3.757780883462496
*c1ccc2c(c1)S(=O)(=O)c1cc(c4ncc(*)cc4C(F)(F)F)ccc1-2,3.083405605469899
*c1ccc2c(c1)C(C)(C)c1cc(c4cc(C(F)(F)F)cc(*)c4O)ccc1-2,2.3169411401879216
*c1ccc2c(c1)[nH]c1cc(c4cc(*)c(N)c(C)c4Cl)ccc12,1.595375584982269
*c1ccc(c3cc(C=O)cc(*)n3)c2nsnc12,3.9205680093249327
*c1cc2cc3sc(c4cc(*)cc(CC)c4)cc3cc2s1,2.527715595917634
*c1ccc2c(c1)[nH]c1cc(c4cc(C)c(N)c(*)c4[N+](=O)[O-])ccc12,2.9183431720923454
*c1ccc(c2cc(*)cc(OC(F)F)c2)cc1,2.1343667603769045
*c1ccc(c2cc(*)c(Cl)[nH]c2=O)cc1,2.473939103900258
*c1cc2cc3sc(c4cc(OC)cc(*)c4N)cc3cc2s1,2.221238030651252
*c1ccc2c(c1)C(C)(C)c1cc(c4ccc5ccc6ccc(*)nc6c5n4)ccc1-2,2.8964163652799777
*c1cc2cc3sc(c4cccc(*)c4COC(C)=O)cc3cc2s1,2.4059821360120104
*c1ccc2c(c1)S(=O)(=O)c1cc(c4ccc5c(c4)C(=O)c4cc(*)ccc4-5)ccc1-2,3.534401229685292
*c1cc2cc3sc(c4cc(*)cc(F)c4C(=O)O)cc3cc2s1,3.1043764023633216
*c1cc2cc3sc(c4ccc(*)c(Cl)c4Cl)cc3cc2s1,2.957987183641079
*c1ccc(c2cc(NCC(=O)NN)cc(*)c2C)cc1,1.4356550360611977
*c1ccc(-c2ccc(c3ccc(OC(C)C(=O)O)c(*)c3)s2)s1,2.6254505224933595
*c1ccc2c(c1)C(C)(C)c1cc(c4cc(*)cc(C#N)c4OC)ccc1-2,2.301434335905122
*c1cc2cc3sc(c4cc(S(=O)(=O)C(F)(F)F)cc(*)c4C)cc3cc2s1,2.7076924228887176
*c1ccc(-c2ccc(c3cc(*)ncc3C(=O)O)s2)s1,3.3832507869070376
*c1ccc2c(c1)C(C)(C)c1cc(c4cnc(*)cc4F)ccc1-2,2.706346480145315
*c1ccc2c(c1)[nH]c1cc(c4c(C(F)(F)F)c(*)c[nH]c4=O)ccc12,2.456489669760052
*c1ccc2c(c1)[nH]c1cc(c4cc5sc6cc(*)sc6c5s4)ccc12,2.5991993907138284
*c1cc2cc3sc(c4cnc(*)c5nsnc45)cc3cc2s1,4.130665977259818
*c1ccc(c2c(CC)cc(*)cc2CC)cc1,1.6469438686025215
*c1cccc2c1sc1c(c4cc(F)c(*)cc4F)cccc12,2.234670617804438
*c1ccc2c(c1)S(=O)(=O)c1cc(c4cc(C(=O)O)nc(*)c4O)ccc1-2,3.1444046640750787
*c1cc2ccc3cc(c5cc(*)cc(F)c5)cc4ccc(c1)c2c34,2.573556232230904
*c1ccc2c(c1)S(=O)(=O)c1cc(c4cc(*)c(C)cc4C)ccc1-2,2.505069288057216
*c1ccc(c2cc(O)cc(*)c2C)cc1,1.4082937867624885
*c1ccc(-c2ccc(c3cc(*)c(N)cc3F)s2)s1,2.3870341748015806
*c1ccc2c(c1)[nH]c1cc(c4cc(C(C)(C)C)cc(*)c4N)ccc12,1.480411574246994
*c1cc(F)c(c2cc(*)c(N=S(C)(C)=O)c([N+](=O)[O-])c2)cc1F,3.2388268071120843
*c1ccc(c3nccc(*)c3N)c2nsnc12,3.564157057476017
*c1cc2ccc3cc(c5cc(CC(N)C(=O)O)cc(*)c5O)cc4ccc(c1)c2c34,2.588284501742575
*c1cc(F)c(c2cc(*)c(C)nc2N)cc1F,1.8521399557470368
*c1ccc(c3cc(*)c(OC)c(F)c3F)c2nsnc12,3.807992556076218
*c1cc2ccc3cc(c5cc(*)cc([N+](=O)[O-])c5)cc4ccc(c1)c2c34,3.467506499932766
*c1ccc2c(c1)C(C)(C)c1cc(c4ncc(*)n4C)ccc1-2,2.1715162866514124
*c1ccc2c(c1)S(=O)(=O)c1cc(c4ccc(*)nn4)ccc1-2,3.2745960274494226
*c1ccc(c3cc(*)cc(OC(C)C)c3)c2nsnc12,3.59990206128422
*c1ccc(-c2ccc(c3cc(*)cc(CBr)c3)s2)s1,2.676824094962241
*c1cc2ccc3cc(c5cc(CCCCCC)c(*)s5)cc4ccc(c1)c2c34,2.51438217778991
*c1cc2ccc3cc(c5cc(*)nc(N)n5)cc4ccc(c1)c2c34,2.5983284580022787
*c1ccc2c(c1)[nH]c1cc(c4c(N)cc(C)c(*)c4C)ccc12,1.3315895882224713
*c1ccc(-c2ccc(c3cc(O)cc(*)c3C)s2)s1,2.476669666577328
*c1ccc(-c2ccc(c3cc(CCCCCC)c(*)s3)s2)s1,2.9800923328860858
*c1ccc2c(c1)[nH]c1cc(c4cc(*)c(N)c(C)c4[N+](=O)[O-])ccc12,2.928983334803608
*c1cc(F)c(c2cc(C=O)c(*)cc2C=O)cc1F,3.818268863169064
*c1cc(F)c(c2cc(O)cc(*)c2C)cc1F,1.806851817646686
*c1ccc2c(c1)S(=O)(=O)c1cc(c4cc(*)cc(N5CCCC5)c4)ccc1-2,2.458501941227361
*c1cc2ccc3cc(c5ccc(*)c6nsnc56)cc4ccc(c1)c2c34,3.6424958257273614
*c1ccc(c3nc(C(=O)OC)cc(*)c3N)c2nsnc12,3.762079404367596
*c1ccc2c(c1)[nH]c1cc(c4cc(*)ncc4N)ccc12,1.759558895049106
*c1ccc2c(c1)[nH]c1cc(c4c(O)cc(O)c(*)c4O)ccc12,1.633588826911239
*c1ccc2c(c1)C(C)(C)c1cc(c4cc(C(F)(F)F)cc(*)c4N)ccc1-2,2.08146724999528
*c1ccc(c3cc(*)c(=O)n(C)c3C)c2nsnc12,3.632081284478536
*c1cc2ccc3cc(c5ccc(*)c(CO)c5)cc4ccc(c1)c2c34,2.5284185144563
*c1c[nH]c2nc(C)c(c3ccc(*)cc3)cc12,1.6314836487381736
*c1cc2cc3sc(c4cc(*)cc([N+](=O)[O-])c4[N+]([O-])=NC(C)(C)C)cc3cc2s1,3.770135775501298
*c1cc2cc3sc(c4nc(*)c(OCC)cc4N)cc3cc2s1,2.324595741451123
*c1ccc(c2cc(C=CC(=O)O)cc(*)c2OCC)cc1,2.689633779596278
*c1ccc(-c2ccc(c3ccc4c(*)ccnc4c3)s2)s1,3.049460903136492
*c1cc2ccc3cc(c5c(C)sc(*)c5C)cc4ccc(c1)c2c34,2.5083043935088067
*c1ccc2c(c1)C(C)(C)c1cc(c4cc(C=O)cc(*)c4OC(C)=O)ccc1-2,2.93423097529322
*c1ccc2c(c1)C(C)(C)c1cc(c4cnc(F)c(*)c4)ccc1-2,2.3887006577354444
*c1ccc(c2cc(C=O)cc(*)n2)cc1,3.272303052361049
*c1ccc(-c2ccc(c3cc(F)c(*)cc3Cl)s2)s1,3.1938098660801058
*c1ccc2c(c1)C(C)(C)c1cc(c4cc(Cl)cn5c(*)cnc45)ccc1-2,2.4241298390100416
*c1cc2cc3sc(c4cccc(*)c4Cl)cc3cc2s1,2.585611398190829
*c1ccc2c(c1)C(C)(C)c1cc(c4cc(*)c5c(c4)CC(=O)N5)ccc1-2,2.1119607270687197
*c1cc(F)c(c2cc(*)c(=O)[nH]c2C)cc1F,2.33277032724548
*c1ccc(-c2ccc(c3ccc(C(=O)O)c(*)n3)s2)s1,3.264177815202805
*c1ccc(c3cc(*)ccc3C)c2nsnc12,3.583172055180091
*c1ccc2c(c1)S(=O)(=O)c1cc(c4cc(O)c(*)cc4O)ccc1-2,2.7393775546738457
*c1ccc2c(c1)S(=O)(=O)c1cc(c4cc(OC)cc(*)c4O)ccc1-2,2.673152951397922
*c1ccc(c2nc(*)c(N)cc2C)cc1,1.559784485763584
*c1ccc2c(c1)c1cc(c5ccc(*)c6nsnc56)ccc1n2CC1CO1,3.449496543161057
*c1ccc(c3ccc(*)c(F)c3C)c2nsnc12,3.731513879215234
*c1ccc(-c2ccc(c3cc(C)cc(*)c3N)s2)s1,2.3030924678329336
*c1cc2cc3sc(c4cnc(N)c(*)c4OC)cc3cc2s1,2.3111795768333927
*c1cc2ccc3cc(c5ccc(OC(C)(C)C)c(*)c5)cc4ccc(c1)c2c34,2.4784064842459057
*c1cc2cc3sc(c4ccc(C(C)=O)c(*)c4)cc3cc2s1,2.9353136031005533
*c1ccc2c(c1)[nH]c1cc(c4cc(*)c(F)cc4F)ccc12,2.0119962915594
*c1ccc2c(c1)C(C)(C)c1cc(c4c(C)c(C)cc(*)c4N)ccc1-2,1.7660152951734154
*c1ccc2c(c1)[nH]c1cc(c4c(N)c(C)cc(*)c4Cl)ccc12,1.5338054975307738
*c1cc2ccc3cc(c5cscc5*)cc4ccc(c1)c2c34,2.494829884052404
*c1ccc2c(c1)S(=O)(=O)c1cc(c4cc(*)c(OC)c5ncccc45)ccc1-2,2.8113733260511977
*c1ccc(c3ccc(OC(C)C(=O)Cl)c(*)c3)c2nsnc12,3.7266489138730687
*c1ccc(c3cnc(OC)c(*)c3OC)c2nsnc12,3.7393564876717114
*c1cc(F)c(c2cc(*)c(N)c(F)c2)cc1F,1.8896968490775272
*c1ccc2c(c1)[nH]c1cc(c4cc(*)cc(OC(F)(F)F)c4N=C=S)ccc12,2.699730708811436
*c1ccc(-c2ccc(c3cc(F)c(*)cc3F)cc2)cc1,2.3561051107380804
*c1cc2ccc3cc(c5cc(*)cnc5C)cc4ccc(c1)c2c34,2.561033383936808
*c1cc(F)c(c2ccc(C(=O)O)c(*)c2OC(F)F)cc1F,3.0752982504069104
*c1ccc(c3cc(C#N)cc(*)c3O)c2nsnc12,3.929624012539846
*c1ccc2c(c1)C(C)(C)c1cc(c4c(N)c(F)cc(*)c4Cl)ccc1-2,2.0222131781399466
*c1ccc2c(c1)S(=O)(=O)c1cc(c4cc([N+](=O)[O-])c(O)c(*)c4F)ccc1-2,3.7281150152915368
*c1ccc(c2cncc(*)c2C)cc1,1.700162042408199
*c1ccc2c(c1)[nH]c1cc(c4c5ccccc5c(*)c5ccccc45)ccc12,2.51950366237196
*c1cc2ccc3cc(c5ncc(*)nc5C=O)cc4ccc(c1)c2c34,3.3259409804450515
*c1ccc2c(c1)[nH]c1cc(c4cnc(OCc5ccccc5)c(*)c4)ccc12,1.8733840809677185
*c1ccc(c2cc(*)nc(N)n2)cc1,2.6228664513686653
*c1cc2ccc3cc(c5ccc(*)c(C)n5)cc4ccc(c1)c2c34,2.5109141092705727
*c1ccc(c2nc(*)sc2C=O)cc1,3.690454551305768
*c1cc2cc3sc(c4cc(F)cc(*)c4[N+]#[C-])cc3cc2s1,2.8361851973405843
*c1ccc2c(c1)[nH]c1cc(c4ccccc4-c4ccccc4*)ccc12,1.7629925363162349
*c1cc2[nH]cc(c3ccc(*)cc3)c2cn1,1.7165889753073371
*c1cc(c3cc(F)c(*)cc3F)cc(CNC2CCC(O)CC2)c1N,1.6099957827850613
*c1cc2cc3sc(c4cc(*)c(N)cc4OC)cc3cc2s1,2.0903004659977267
*c1ccc(c3cc([N+](=O)[O-])cc(*)n3)c2nsnc12,4.156238441612007
*c1ccc(c3ccc(*)cc3)c2nccnc12,3.100190522942118
*c1cc2ccc3cc(c5cccc(*)c5C(=O)O)cc4ccc(c1)c2c34,2.702558151417006
*c1ccc(-c2ccc(c3cnc(*)c(C(=O)OC)n3)s2)s1,3.556094153367697
*c1ccc2c(c1)c(c3ccc(*)cc3)cn2C(=O)OC(C)(C)C,1.865310811603736
*c1ccc2c(c1)C(C)(C)c1cc(c4ccc(C(=O)OC)c(*)c4)ccc1-2,2.548246811554544
*c1cc2cc3sc(c4c[nH]c5ncc(*)nc45)cc3cc2s1,2.799262804419151
*c1cc2cc3sc(c4sc(*)c5cc(C(=O)O)sc45)cc3cc2s1,3.5905276753019235
*c1cc(F)c(c2cc(*)c([N+]#[C-])c(C)c2)cc1F,2.5631737390712823
*c1cc2cc3sc(c4cc(N)cc(*)c4C)cc3cc2s1,2.1479748275297044
*c1ccc(-c2ccc(c3cc(*)c(OCCC)c(C=O)c3)s2)s1,2.907726424751644
*c1ccc2c(c1)C(C)(C)c1cc(c4cc(*)cc(C(=O)O)c4)ccc1-2,2.4783854635767257
*c1cc2cc3sc(c4ncc(*)[nH]4)cc3cc2s1,2.6268353228925605
*c1ccc2c(c1)[nH]c1cc(c4cc(C)cc(*)c4[N+](=O)[O-])ccc12,3.0779712881358297
*c1ccc(c2cc(OC)c(N)c(*)c2Cl)cc1,1.4579035471830442
*c1ccnc2ccc(c3ccc(*)cc3)cc12,2.581309851996156
*c1ccc(c2cc(C(F)(F)F)cc(*)c2O)cc1,2.128014603510487
*c1ccc(c2cc(CC)c(*)s2)cc1,2.4203548955814744
*c1ccc(c2cc(C)cc(*)c2[N+](=O)[O-])cc1,3.263584709327298
*c1cc(F)c(c2ncc(*)nc2C=O)cc1F,3.626861504393281
*c1ccc(c3cc(C(=O)O)c(*)cc3O)c2nsnc12,3.9329521449738216
*c1ccc2c(c1)S(=O)(=O)c1cc(c4cncc(*)n4)ccc1-2,3.1235547103797137
*c1ccc2c(c1)[nH]c1cc(c4cc(C)cc(*)c4N)ccc12,1.4144773115859577
*c1cc2cc3sc(c4cc(*)c(OC)c(F)c4F)cc3cc2s1,2.713441715753262
*c1ccc(c3cc(*)c(Cl)nc3C)c2nsnc12,3.836690842256119
*c1cc(c3ccc(*)cc3)c2cn[nH]c2c1,2.082054692038543
*c1ccc(-c2ccc(c3cc(C)c(*)c(C)c3)s2)s1,2.568379928889581
*c1ccc(c3cc(*)c(N)cc3OC)c2nsnc12,3.421400782869131
*c1cc2cc3sc(c4cccc(*)c4OC)cc3cc2s1,2.5207486680922635
*c1cc(F)c(c2c(N)c(Cl)cc(*)c2OC)cc1F,1.951386430806267
*c1cc2ccc3cc(c5cc(F)cc(*)c5CO)cc4ccc(c1)c2c34,2.6654482515363136
*c1cc2ccc3cc(c5c(F)cc(N)c(*)c5F)cc4ccc(c1)c2c34,2.4571126366620435
*c1cc2cc3sc(c4sc(*)nc4C(=O)OCC)cc3cc2s1,3.509901686022225
*c1cc2ccc3cc(c5cc(*)c6cc[nH]c6c5)cc4ccc(c1)c2c34,2.364954119696081
*c1ccc2c(c1)[nH]c1cc(c4cnc(*)c(N)c4)ccc12,1.8413250548154263
*c1ccc2c(c1)C(C)(C)c1cc(c4sc(*)c5cc(C(=O)O)sc45)ccc1-2,3.307548176771867
*c1cc(F)c(c2cc(F)c(*)c(F)c2)cc1F,2.6117651836907827
*c1ccc2c(c1)S(=O)(=O)c1cc(c4c5c(c(*)c6nsnc46)N=S=N5)ccc1-2,4.700322632486238
*c1ccc2c(c1)C(C)(C)c1cc(c4ccc(-c5ccc(*)s5)s4)ccc1-2,2.840771921184334
*c1ccc(c3c(C)c(C)c(*)c(C)c3C)c2nsnc12,3.575319728107141
*c1ccc(-c2ccc(c3cc(*)c4cn[nH]c4c3)s2)s1,2.767071874471778
*c1cc2ccc3cc(c5cc(*)c(N)c(CN(C)C6CCCCC6)c5)cc4ccc(c1)c2c34,2.300875233162679
*c1cc(c3cc(F)c(*)cc3F)c2[nH]ccc2c1,1.8383832208012765
*c1ccc2c(c1)S(=O)(=O)c1cc(c4ccc5sc(*)nc5c4)ccc1-2,3.1846322271965715
*c1ccc(-c2ccc(c3cc(*)c(F)cn3)s2)s1,3.1204381146692706
*c1cc(F)c(c2cc(C)cc(*)c2NCC(=O)NN)cc1F,1.830211249752172
*c1cc(F)c(c2c(C)ncc(*)c2C)cc1F,1.9509524723498808
*c1cc2ccc3cc(c5cc(*)c([N+]#[C-])c(C)c5)cc4ccc(c1)c2c34,2.541954882489033
*c1ccc2c(c1)C(C)(C)c1cc(c4ccnc(*)c4C=O)ccc1-2,2.963524084338549
*c1ccc(c2ccc(C)c(*)c2C)cc1,1.2340101500316836
*c1cc(F)c(c2cccc(*)c2CC)cc1F,1.6343462310459285
*c1cc2cc3sc(c4cccc(*)c4C(=O)O)cc3cc2s1,2.6607332741101644
*c1ccc(-c2ccc(c3sc(*)c([N+](=O)[O-])c3[N+](=O)[O-])s2)s1,4.229708049829167
*c1c(F)c(F)c(-c2c(F)c(F)c(c3ccc(*)cc3)c(F)c2F)c(F)c1F,3.0364830650596915
*c1ccc(c3cc(*)c(O)c4ncccc34)c2nsnc12,3.6609048806120335
*c1ccc(-c2ccc(c3cc(*)cc(OCC)c3)s2)s1,2.6246535552626504
*c1cc2ccc3cc(c5cc(C)c(*)cc5C)cc4ccc(c1)c2c34,2.4904555944545512
*c1ccc2c(c1)C(C)(C)c1cc(c4cc5c(s4)-c4sc(*)cc4C5=O)ccc1-2,3.77474439487936
*c1ccc2c(c1)[nH]c1cc(c4cccc(*)c4C(=O)OC)ccc12,2.021892875326591
*c1ccc(-c2ccc(c3ccc(*)[nH]3)s2)s1,2.5360414175688213
*c1cc2cc3sc(c4cc(*)c(Cl)cc4F)cc3cc2s1,2.8713671246411936
*c1ccc2c(c1)C(=O)C(=O)c1cc(c4cc(F)c(*)cc4F)ccc1-2,4.280368941176067
*c1ccc(c2c[nH]cc(*)c2=O)cc1,1.8569961671660364
*c1ccc2c(c1)[nH]c1cc(c4nc(*)n(C)n4)ccc12,2.0353510493635016
*c1ccc(c3c(N)c(Cl)cc(*)c3Cl)c2nsnc12,3.734793318996047
*c1cc2ccc3cc(c5ccnc6ccc(*)cc56)cc4ccc(c1)c2c34,2.6516927218468447
*c1ccc(-c2ccc(c3cc(*)ccc3OCCOC)s2)s1,2.5520084238581
*c1cc2cc3sc(c4ncc(*)c(N)c4N)cc3cc2s1,2.3349357231621357
*c1ccc2c(c1)C(C)(C)c1cc(c4cc(C(C)(C)C)cc(*)c4O)ccc1-2,2.010553886752888
*c1cc(c3cc(F)c(*)cc3F)cc(Oc2ccccc2)c1,2.2427004025164163
*c1ccc2c(c1)[nH]c1cc(c4cc(*)nc(OC)c4N)ccc12,1.818873130614148
*c1cc2cc3sc(c4ccc(N)c(*)c4C)cc3cc2s1,2.002782782564544
*c1ccc(c3ccnc4c(*)cccc34)c2nsnc12,3.684671748613176
*c1ccc2c(c1)C(C)(C)c1cc(c4ccc(C)cc4*)ccc1-2,2.073480132308539
*c1cc2cc3sc(c4cc(*)nc(OC)c4N)cc3cc2s1,2.424455630949355
*c1ccc2c(c1)C(C)(C)c1cc(c4cccc(*)[n+]4[O-])ccc1-2,2.442414596910057
*c1cc(F)c(c2c(F)nc(*)n2C)cc1F,2.365764027054394
*c1cc2cc3sc(c4cc(O)cc(*)c4N)cc3cc2s1,2.2159065095551083
*c1ccc2c(c1)S(=O)(=O)c1cc(c4cc(*)cc5c4C(N)CCO5)ccc1-2,2.5487022869902787
*c1ccc(c2cc([N+](=O)[O-])c(*)cc2C)cc1,3.3655796696245077
*c1cc2ccc3cc(c5cc(*)cc(N6CCOCC6)c5)cc4ccc(c1)c2c34,2.3872491712648096
*c1ccc2c(c1)C(C)(C)c1cc(c4ccc(CC(=O)O)c(*)c4)ccc1-2,2.140710837410678
*c1ccc2c(c1)C(C)(C)c1cc(c4cc(*)cc(CC)c4)ccc1-2,2.070525371813506
*c1ccnc2ccc(c3cc(F)c(*)cc3F)cc12,2.840450837700134
*c1ccc(-c2ccc(c3ccnc(*)c3C=O)s2)s1,3.284922849806485
*c1ccc2c(c1)C(C)(C)c1cc(c4nc(*)sc4C=O)ccc1-2,3.5613207680271826
*c1ccc2[nH]c3c([N+](=O)[O-])cc(c4ccc(*)cc4)cc3c2c1,3.342008993731178
*c1cc2cc3sc(c4ncc(*)n4C)cc3cc2s1,2.5644312744121978
*c1cc2cc3sc(c4ccc(*)cc4CC#N)cc3cc2s1,2.749735425419791
*c1ccc2c(c1)[nH]c1cc(c4nc(*)n[nH]4)ccc12,2.1211342578708634
*c1cc2ccc3cc(c5cc(CC)c(*)s5)cc4ccc(c1)c2c34,2.521944748244028
*c1ccc2c(c1)[nH]c1cc(c4sc(*)c5c4C(=O)OC5=O)ccc12,3.542279193863517
*c1ccc(-c2ccc(c3cc(N)cc(*)n3)s2)s1,2.5258569295342586
*c1ccc(c3cnc(C#N)c(*)c3)c2nsnc12,3.9382894221941607
*c1ccc(c2cc(F)cc(*)c2[N+]#[C-])cc1,2.276378560146359
*c1cc2cc3sc(c4ccccc4-c4ccccc4*)cc3cc2s1,2.3759891741808143
*c1ccc2c(c1)C(C)(C)c1cc(c4cc(N)c(*)cc4F)ccc1-2,2.065997869863448
*c1cc(F)c(c2ccc(Cl)c(*)c2)cc1F,2.367547228018493
*c1cc2cc3sc(c4cc(*)cc(CC(=O)O)c4)cc3cc2s1,2.687682381473852
*c1ccc(c2cc(CCCCCC)c(*)s2)cc1,2.3749893807490308
*c1cc2cc3sc(c4cc(NCC(=O)NN)cc(*)c4C)cc3cc2s1,2.045846003182696
*c1ccc2c(c1)C(C)(C)c1cc(c4cc(C=O)cc(*)n4)ccc1-2,3.241291268883007
*c1ccc2c(c1)C(C)(C)c1cc(c4cc(*)c([N+](=O)[O-])cn4)ccc1-2,3.661529241161896
*c1ccc(-c2ccc(c3cc(*)c(C)cc3OC)s2)s1,2.461160908554585
*c1ccc2c(c1)S(=O)(=O)c1cc(c4cc(F)cc(*)c4CO)ccc1-2,2.725710331365093
*c1cc(F)c(c2sc(*)nc2C(=O)OCC)cc1F,3.568562379245578
*c1ccc2c(c1)S(=O)(=O)c1cc(c4sc(*)cc4C(C)=O)ccc1-2,3.3063400866091244
*c1cc(F)c(c2cncc(*)c2OC)cc1F,2.125969395127073
*c1ccc(-c2ccc(c3cc(*)c(=O)n(C)c3C)s2)s1,2.6257581082949244
*c1ccc(c3cc(F)cc(*)c3OC)c2nsnc12,3.792739407253196
*c1cc2cc3sc(c4cc(*)c(N)c([N+]([O-])=NC)c4)cc3cc2s1,2.777958519170059
*c1ccc(c2cc(*)cc(N)n2)cc1,2.021638576528097
*c1ccc(c2cc(C)nc(*)c2N)cc1,1.7235749060589272
*c1ccc(c2c(F)ccc(*)c2F)cc1,2.0488522350612977
*c1cc2cc3sc(c4nc(*)ccc4O)cc3cc2s1,2.663057306542985
*c1ccc(c2cc(C(=O)OC)c(*)[nH]2)cc1,2.1113984924480165
*c1cc(F)c(c2cnc([N+](=O)[O-])c(*)c2)cc1F,3.827131269198467
*c1ccc(c3ccnc4cc(*)cnc34)c2nsnc12,3.820157603041896
*c1cc2ccc3cc(c5cc(*)c(N)c(OC)c5)cc4ccc(c1)c2c34,2.395761575142445
*c1cc(F)c(c2ccc(*)c(F)c2C)cc1F,2.238873795766865
*c1ccc2c(c1)C(C)(C)c1cc(c4cnc5c(*)cc(Cl)nn45)ccc1-2,3.0652254056914647
*c1ccc(-c2ccc(c3ccc(CO)c(*)n3)s2)s1,2.8045393643070584
*c1ccc2c(c1)C(C)(C)c1cc(c4ccc(*)c(NC(C)=O)c4)ccc1-2,2.19958657448364
*c1ccc2ccc3c(c5cc6cc7sc(*)cc7cc6s5)ccc4ccc1c2c43,3.0880550755420373
*c1ccc2c(c1)[nH]c1cc(c4cnc(OC)c5c(*)[nH]nc45)ccc12,2.379731304947895
*c1cc2ccc3cc(c5ncc(*)cc5Cl)cc4ccc(c1)c2c34,2.6420699319368124
*c1cc(F)c(c2cc(Cl)c(N)c(*)c2C(=O)OC)cc1F,2.418829088486378
*c1ccc(-c2ccc(c3ncc(*)c(C)n3)s2)s1,3.1918999806153003
*c1ccc(c2cc(*)nc(C(=O)OC)c2OC)cc1,2.6830046303260797
*c1cc(F)c(c2cc(CC)c(*)s2)cc1F,2.7887072279667646
*c1ccc(-c2ccc(c3ccc(*)c(C)c3C)s2)s1,2.5022622937372008
*c1cc2ccc3cc(c5cnc(OCc6ccccc6)c(*)c5)cc4ccc(c1)c2c34,2.543585476198597
*c1ccc2c(c1)C(C)(C)c1cc(c4c(C)nc(C)c(*)c4C)ccc1-2,1.9149587411002564
*c1ccc(-c2ccc(c3[nH]nc4c(*)cncc34)s2)s1,3.1699841330955523
*c1ccc2c(c1)C(C)(C)c1cc(c4cnc(*)cn4)ccc1-2,2.9592706549684387
*c1ccc(c3cc(*)cc(N4CCOCC4)c3)c2nsnc12,3.451272029391641
*c1cc(c3ccc(*)cc3)cc2[nH]nc(N)c12,1.7996490326097354
*c1ccc(c3cc(*)cc(C)c3C)c2nsnc12,3.565409880618061
*c1ccc2c(c1)S(=O)(=O)c1cc(c4cc(OC)c(O)c(C=O)c4*)ccc1-2,2.9990012769158243
*c1cc2cc3sc(c4cc(*)cn(C)c4=O)cc3cc2s1,2.660721583749293
*c1cc2ccc3cc(c5nc(*)n(C)c5C)cc4ccc(c1)c2c34,2.3636356759370782
*c1ccc2c(c1)S(=O)(=O)c1cc(c4cc(C(=O)O)c(*)cc4O)ccc1-2,2.8675756056628594
*c1ccc(c3cccc(*)c3CO)c2nsnc12,3.7517846887969735
*c1cc2ccc3cc(c5ccc(*)c(C(=O)OC)n5)cc4ccc(c1)c2c34,2.7072488225478533
*c1ccc(c3cc(*)c4c(c3)CCCN4)c2nsnc12,3.358712960658844
*c1ccc(-c2ccc(c3cnc(Cl)c(*)c3N)s2)s1,2.577288428257835
*c1cc(c3cc(F)c(*)cc3F)nc2cnccc12,3.2193136035755767
*c1ccc(c3cc(*)cnc3OC)c2nsnc12,3.686061505960247
*c1ccc2c(c1)S(=O)(=O)c1cc(c4cc(*)cnc4CC)ccc1-2,2.703841041259494
*c1ccc2c(c1)[nH]c1cc(c4cc(F)cc(*)c4OCC)ccc12,1.9392740032859963
*c1cc2cc3sc(c4ncc(*)nc4C(=O)O)cc3cc2s1,3.535268686442928
*c1ccc(c3cc(F)c(F)c(*)c3N)c2nsnc12,3.6443566271830368
*c1ccc2c(c1)C(C)(C)c1cc(c4cc(F)c(*)c([N+](=O)[O-])c4F)ccc1-2,3.403091879423481
*c1cc(F)c(c2cc(*)cc(CC(=O)O)c2)cc1F,2.307487306589197
*c1ccc2c(c1)C(C)(C)c1cc(c4sc(*)nc4C(=O)OCC)ccc1-2,3.161757017009257
*c1cc(F)c(c2cc(C(=O)OC)c(*)cc2C(=O)OC)cc1F,3.2238712666015044
*c1cc2cc3sc(c4cc(*)cc5ncccc45)cc3cc2s1,2.924530524081966
*c1ccc(c2cc(C(C)(C)C)cc(*)c2Cl)cc1,1.772527304999608
*c1cc(F)c(c2nc(*)c(Cl)nc2N)cc1F,2.638556136925791
*c1cc2cc3sc(c4cc(N)cc(*)n4)cc3cc2s1,2.4229849571949424
*c1cc2cc3sc(c4cc(*)cc([N+](=O)[O-])c4C)cc3cc2s1,3.430458758579699
*c1cc2ccc3cc(c5cnc([N+](=O)[O-])c(*)c5)cc4ccc(c1)c2c34,3.5325050061292007
*c1ccc(-c2ccc(c3ncc(*)c4ccccc34)s2)s1,3.1557130687145154
*c1ccc(-c2ccc(c3sc(*)c4c3C(=O)OC4=O)s2)s1,4.040441064109373
*c1ccc(c2sc(*)cc2C(=O)OC)cc1,2.996081737808911
*c1cc(c3ccc(*)cc3)cc2ncccc12,2.514700496759944
*c1c2ccccc2c(-c2c3ccccc3c(c7ccc8c(c7)[nH]c7cc(*)ccc78)c3ccccc23)c2ccccc12,2.740100162609336
*c1ccc(c2ccc(*)c(C)n2)cc1,2.0364312210289395
*c1ccc(c3cnc(*)c(C(=O)O)c3)c2nsnc12,4.0571806562611865
*c1ccc(c3c(F)nc(*)n3C)c2nsnc12,3.7740674833965855
*c1ccc2c(c1)[nH]c1cc(c4cc(*)cc(N)c4C)ccc12,1.4959187220254648
*c1ccc2c(c1)S(=O)(=O)c1cc(c4ccc5c(c4)S(=O)(=O)c4cc(*)ccc4-5)ccc1-2,3.1516255641052098
*c1ccc(c3cc(*)ccc3C(N)=O)c2nsnc12,3.670770192528532
*c1cc2ccc3cc(c5cc(F)cc(*)c5OC(C)C)cc4ccc(c1)c2c34,2.6130843445340752
*c1cc2cc3sc(c4cccc(*)c4C#N)cc3cc2s1,2.923267913613304
*c1ccc2c(c1)S(=O)(=O)c1cc(c4cc(*)cnc4N)ccc1-2,2.532536218208864
*c1cc(F)c(c2ccc(*)c(Cl)c2Cl)cc1F,2.4419432032314647
*c1ccc(c2cnc(N)c(*)c2C)cc1,1.3002993276642545
*c1ccc(c2ccc(*)c(C)c2)cc1,1.626987804860859
*c1cc(F)c(c2cncc(*)c2C)cc1F,2.0802589414395305
*c1cc(c4cc(F)c(*)cc4F)c2nc(-c3ccccc3O)ccc2c1,2.927572469324728
*c1ccc2c(c1)C(C)(C)c1cc(c4cc(*)cc5ncccc45)ccc1-2,2.5730224621563806
*c1cc2ccc3cc(c5nc(*)c(OCC)cc5N)cc4ccc(c1)c2c34,2.319130813191137
*c1ccc(-c2ccc(c3cc(*)cc4c3OCC4)s2)s1,2.53688924629713
*c1cc(c3ccc(*)cc3)c2c(=O)[nH][nH]c2c1,2.1635194037748304
*c1ccc2c(c1)[nH]c1cc(c4c(N)ccc(*)c4F)ccc12,1.5295908348365148
*c1c2ccccc2c(c4ccc(*)c5nsnc45)c2nsnc12,4.016582143805955
*c1ccc(-c2ccc(c3cc(*)c(OC)c4ncccc34)s2)s1,2.7965921261690383
*c1ccc(c2cc(C(=O)NN)cc(*)c2O)cc1,1.7941284580530632
*c1cc(F)c(c2nc(C#N)c(*)n2C)cc1F,2.5523473079244408
*c1cc2ccc3cc(c5cc6cc7sc(*)cc7cc6s5)cc4ccc(c1)c2c34,2.7154355221272093
*c1ccc2c(c1)S(=O)(=O)c1cc(c4cc(*)cnc4OC)ccc1-2,2.721322250201588
*c1ccc2c(c1)S(=O)(=O)c1cc(c4cc(*)c(OCCCC)c(C=CC(=O)O)c4)ccc1-2,2.9328352899841343
*c1ccc(-c2ccc(c3cc(N)c(*)cc3F)s2)s1,2.725361226059283
*c1ccc2c(c1)S(=O)(=O)c1cc(c4ccc(Cl)c(*)c4)ccc1-2,2.781867977831378
*c1ccc2c(c1)S(=O)(=O)c1cc(c4cc(C(=O)O)cc(*)c4N)ccc1-2,2.6278986336585186
*c1cc(F)c(c2nc(*)c(C(=O)O)cc2Cl)cc1F,3.301234105896492
*c1ccc(c2c(Cl)ccc(*)c2Cl)cc1,2.033915624478721
*c1c2c(c(c4cc(F)c(*)cc4F)c3nsnc13)N=S=N2,4.736178203412903
*c1ccc(c2cc(*)cc(C=O)c2F)cc1,2.939635824635097
*c1cc2cc3sc(c4ccc(N)c(*)n4)cc3cc2s1,2.382461700982456
*c1cc2ccc3cc(c5cc([N+](=O)[O-])c(*)cc5C)cc4ccc(c1)c2c34,3.349977077657644
*c1ccc(-c2ccc(-c3ccc(c4ccc(*)cc4)cc3)cc2)cc1,2.2351968334152126
*c1cc2cc3sc(c4ccc(*)nc4C(=O)O)cc3cc2s1,3.1875776409908383
*c1ccc(-c2ccc(c3c(F)c(F)c(-c4c(F)c(F)c(*)c(F)c4F)c(F)c3F)s2)s1,3.4841894420924686
*c1ccc2c(c1)C(C)(C)c1cc(c4cc(*)c(C(=O)O)cc4O)ccc1-2,2.520763924267155
*c1ccc(-c2ccc(c3ccc(*)c(N)c3)s2)s1,2.592302653206797
*c1cc(F)c(c2cccc(*)[n+]2[O-])cc1F,2.6594861769308737
*c1ccc2c(c1)C(C)(C)c1cc(c4cc(*)cc(C)c4C)ccc1-2,1.9648838866349096
*c1cc2cc3sc(c4cc(*)cc(O)c4)cc3cc2s1,2.5550177739242934
*c1cc2ccc3cc(c5cc(*)cn(C)c5=O)cc4ccc(c1)c2c34,2.511622226847491
*c1cc(F)c(c2c([N+](=O)[O-])ccc(*)c2F)cc1F,3.8401317330526257
*c1ccc(c2cc(*)cc(CC(F)(F)F)c2)cc1,2.002367330443908
*c1cc(c4ccc(-c5ccc(*)s5)s4)c2nc(-c3ccccc3O)ccc2c1,3.060088322859738
*c1ccc(c3cc(C(F)(F)F)cc(*)n3)c2nsnc12,3.914895544289436
*c1ccc2c(c1)S(=O)(=O)c1cc(c4ccc(C(=O)c5ccc(*)cc5)cc4)ccc1-2,3.1325003681160086
*c1ccc(c3cc(F)cc(*)c3O)c2nsnc12,3.8532574075942456
*c1ccc(-c2ccc(c3ccc(C(=O)O)c(*)c3OC(F)F)s2)s1,3.277896616708869
*c1ccc2c(c1)[nH]c1cc(c4cc(C(C)=O)cc(*)c4N)ccc12,2.0438389135325963
*c1ccc2c(c1)[nH]c1cc(c4ccc(*)o4)ccc12,2.1457820828472745
*c1ccc2c(c1)C(C)(C)c1cc(c4nc(C(=O)O)ccc4*)ccc1-2,2.888931352837444
*c1ccc(-c2ccc(c3ccc(*)cc3F)s2)s1,3.03053064344328
*c1ccc(c3ccc(*)c(Cl)c3Cl)c2nsnc12,3.917288776543974
*c1cc2ccc3cc(c5ccc(CC(=O)O)c(*)c5)cc4ccc(c1)c2c34,2.604650946364443
*c1ccc(c3cnc4c(*)cc(C)cn34)c2nsnc12,3.5498222268340043
*c1cc2ccc3cc(c5cc(*)cnc5OC)cc4ccc(c1)c2c34,2.5544138121577755
*c1cc(F)c(c2ccc(*)cc2CC)cc1F,2.011590666859653
*c1ccc(c2cc(*)c(Cl)nc2N)cc1,1.845261266927888
*c1ccc2c(c1)S(=O)(=O)c1cc(c4cc(*)cc(C(N)=S)c4)ccc1-2,2.7791457218716387
*c1cc2ccc3cc(c5ccc(NC(=O)CC#N)c(*)c5)cc4ccc(c1)c2c34,2.57327661694987
*c1ccc2c(c1)[nH]c1cc(c4ccc(*)c(N)c4)ccc12,1.6180006949029997
*c1cc(F)c(c2ccc(N)c(*)c2)cc1F,1.6483946368152784
*c1cc2ccc3cc(c5cc(S(N)(=O)=O)cc(*)c5N)cc4ccc(c1)c2c34,2.41433378263675
*c1cc2ccc3cc(c5nc(*)nn5Cc5ccccc5)cc4ccc(c1)c2c34,2.540306840751779
*c1ccc(-c2ccc(c3nc(*)nn3COC)s2)s1,2.90428492726355
*c1ccc(c3ccc(*)cc3)c2nc(Cl)sc12,2.612136459144327
*c1ccc(c2cc(F)cc(*)c2O)cc1,1.898075129078296
*c1ccc2c(c1)[nH]c1cc(c4nc(C(=O)O)ccc4*)ccc12,2.7012862642670754
*c1cc2ccc3cc(c5sc(*)nc5C(=O)OC)cc4ccc(c1)c2c34,3.0771556471812413
*c1cc2cc3sc(c4cc(C)c(N)c(*)n4)cc3cc2s1,2.3572733886606545
*c1ccc2c(c1)[nH]c1cc(c4cc(*)c(Cl)c(Cl)c4)ccc12,2.1777608105056254
*c1cc2ccc3cc(c5cc([N+](=O)[O-])cc(*)n5)cc4ccc(c1)c2c34,3.797707499207552
*c1cc(c4ccc(*)c5nsnc45)cc2c(C(=O)O)cc(-c3ccccc3)nc12,3.824362642002912
*c1cc(F)c(c2cc(*)c(C)c(C)c2N)cc1F,1.5589526965202325
*c1cc(c3ccc(*)cc3)c2ncnn2c1,2.362654723406969
*c1ccc(-c2ccc(c3c(N)c(Cl)cc(*)c3OC)s2)s1,2.4904789899799566
*c1cc(F)c(c2cnc(*)c(C(=O)OC)n2)cc1F,3.5258902445000584
*c1ccc2c(c1)[nH]c1cc(c4cc(*)c(N)c(CN(C)C5CCCCC5)c4)ccc12,1.5888181731267197
*c1ccc(c2cc(Cl)cc(*)c2[N+](=O)[O-])cc1,3.4726850290197406
*c1cc2cc3sc(c4cc(C(C)(C)C)cc(*)c4N)cc3cc2s1,2.2112989809349783
*c1ccc(c3cc(C=CC(=O)O)cc(*)c3OCCC)c2nsnc12,3.81961601031715
*c1ccc(-c2ccc(c3ccc(*)c(OC(F)F)c3)s2)s1,3.069113236675917
*c1ccc2c(c1)S(=O)(=O)c1cc(c4cc(*)c(Cl)nc4N)ccc1-2,2.659335572523564
*c1cc2cc3sc(c4ccc(*)c5[nH]ncc45)cc3cc2s1,2.86562544840379
*c1ccc2c(c1)C(C)(C)c1cc(c4cc(*)c(Cl)c(CC)c4)ccc1-2,2.2261162891528983
*c1ccc(-c2ccc(c3cc(*)sc3C(=O)O)s2)s1,3.44604970052713
*c1ccc2c(c1)[nH]c1cc(c4cc(*)c(C)cc4OC)ccc12,1.61248447963868
*c1ccc2c(c1)[nH]c1cc(c4c(N)c(*)cc(F)c4Cl)ccc12,1.7649494014122638
*c1cc2ccc3cc(c5[nH]c(*)nc5C(=O)OC)cc4ccc(c1)c2c34,2.6231565406829542
*c1ccc(c2cc(*)cc(N)c2)cc1,1.4656057304413177
*c1ccc2c(c1)S(=O)(=O)c1cc(c4cc(*)c(C)nc4C)ccc1-2,2.599527191047347
*c1ccc2c(c1)C(=C(C#N)C#N)c1cc(c4ccc(*)c5nsnc45)ccc1-2,4.109596033065554
*c1ccc(-c2ccc(c3c(F)nc(*)n3C)s2)s1,2.8026846588490364
*c1ccc2c(c1)[nH]c1cc(c4cc(Cl)c(N)c(*)c4C(=O)OC)ccc12,1.992707100850656
*c1cc2ccc3cc(c5ccc(*)cc5)cc4ccc(c1)c2c34,2.477428030534853
*c1ccc(c3ncc(*)cc3C#N)c2nsnc12,3.972434380962315
*c1ccc(c2cn(C)c(*)n2)cc1,1.5351066014632977
*c1ccc2c(c1)S(=O)(=O)c1cc(c4cc(C=CC(=O)O)cc(*)c4OC(C)C)ccc1-2,2.890601188190409
*c1ccc2c(c1)c(c3cc(F)c(*)cc3F)cn2C(=O)OC(C)(C)C,2.140087320286705
*c1cc(F)c(c2cc(*)cnc2OC)cc1F,2.2584206903574344
*c1ccc(c3sc(*)c4c3OCCO4)c2nsnc12,3.844926454268774
*c1cc(F)c(c2cc(C)nc(*)c2N)cc1F,2.073240714740624
*c1ccc2c(c1)[nH]c1cc(c4c([N+](=O)[O-])ccc(*)c4F)ccc12,3.482978218207436
*c1cc2ccc3cc(c5cncc(*)c5OC)cc4ccc(c1)c2c34,2.613680477801093
*c1ccc2c(c1)S(=O)(=O)c1cc(c4nc(*)n(C)n4)ccc1-2,2.874279557601377
*c1ccc2c(c1)S(=O)(=O)c1cc(c4nc(*)cn5c(Cl)cnc45)ccc1-2,3.180034292040103
*c1ccc(-c2ccc(c3cc(C(F)(F)F)nc(*)c3N)s2)s1,2.8596183767463668
*c1ccc2c(c1)S(=O)(=O)c1cc(c4ccc(NC(=O)CC#N)c(*)c4)ccc1-2,2.7334261982141803
*c1ccc(c3nccc(*)c3C#N)c2nsnc12,3.936907510192402
*c1cc2cc3sc(c4cc(N)c([N+](=O)[O-])c(*)n4)cc3cc2s1,3.527683657574717
*c1ccc2c(c1)S(=O)(=O)c1cc(c4c(N)cc(Cl)c(*)c4Cl)ccc1-2,2.6474851046342565
*c1ccc2c(c1)C(C)(C)c1cc(c4nc5ncccc5cc4*)ccc1-2,2.939577978677595
*c1cc2ccc3cc(c5nc(*)n[nH]5)cc4ccc(c1)c2c34,2.523726471092929
*c1ccc(-c2ccc(c3ccc(OC(C)C(=O)Cl)c(*)c3)s2)s1,2.7033924547467447
*c1ccc2c(c1)[nH]c1cc(c4ccc(OC(C)(C)C)c(*)c4)ccc12,1.763924025205098
*c1cc(F)c(c2cccc(*)c2F)cc1F,2.2548039510798423
*c1cc2ccc3cc(c5ccc(C)c(*)c5C)cc4ccc(c1)c2c34,2.518478004733061
*c1ccc2c(c1)C(C)(C)c1cc(c4cccc(*)c4CN)ccc1-2,1.8198386620687024
*c1cc(F)c(c2c(I)c(*)cc(C)c2[N+](=O)[O-])cc1F,3.5405161174945694
*c1cc(F)c(c2cnc(C#N)c(*)c2)cc1F,3.1381037773158047
*c1ccc(-c2ccc(c3cc(*)c4ncnn4c3)s2)s1,2.9628002134084994
*c1ccc(c2cnc(C#N)c(*)c2)cc1,2.860289286479819
*c1ccc(c2cc(*)cc(C(=O)OC)c2)cc1,2.388261602928038
*c1ccc2c(c1)c1cc(c5ccc6c(c5)S(=O)(=O)c5cc(*)ccc5-6)ccc1n2CC(O)CNc1ccccc1,2.458100163656467
*c1ccc2c(c1)[nH]c1cc(c4sc(*)cc4C=O)ccc12,2.90791977959782
*c1ccc2c(c1)C(C)(C)c1cc(c4c(O)cc(O)c(*)c4O)ccc1-2,1.9969129317068863
*c1ccc(c3cc(*)cc(CNC4CCC(O)CC4)c3N)c2nsnc12,3.344810862025125
*c1cc2ccc3cc(c5cc(C(=O)O)c(*)cc5C(=O)O)cc4ccc(c1)c2c34,2.979793501131492
*c1ccc2c(c1)[nH]c1cc(c4cc(*)c(N)cc4C)ccc12,1.3972097065915494
*c1ccc2c(c1)C(C)(C)c1cc(c4cc(F)c(*)cc4Cl)ccc1-2,2.4741596062187576
*c1ccc(c3cc(*)c(N)cc3F)c2nsnc12,3.492642754860838
*c1ccc(-c2ccc(c3cc(C(=O)NN)cc(*)c3O)s2)s1,2.6879020013128847
*c1ccc(c3cccc(-c4cccc(*)n4)n3)c2nsnc12,3.6860999883121344
*c1ccc(c3cc(*)cc4cncn34)c2nsnc12,3.663719993644488
*c1ccc(c2c(Cl)cc(*)c(C)c2Cl)cc1,1.8000748781446314
*c1ccc2c(c1)C(C)(C)c1cc(c4cc(N)cc(*)n4)ccc1-2,2.10291996745092
*c1ccc2c(c1)[nH]c1cc(c4cnc(*)c(C(=O)OC)n4)ccc12,2.936450794756769
*c1cc(F)c(c2c(C)c(C)cc(*)c2N)cc1F,1.5461418646506504
*c1ccc2c(c1)S(=O)(=O)c1cc(c4cc(*)cc(F)c4C(=O)O)ccc1-2,3.092377314303256
*c1ccc2c(c1)C(C)(C)c1cc(c4nccc(*)c4N)ccc1-2,2.0866747693539622
*c1ccc2c(c1)C(C)(C)c1cc(c4ccc5cc(*)ccc5c4)ccc1-2,2.3826952119570586
*c1ccc(c3ccc(*)c(OC(F)F)c3)c2nsnc12,3.869681487648527
*c1ccc2c(c1)S(=O)(=O)c1cc(c4cc(*)ccc4C(N)=O)ccc1-2,2.732804698647705
*c1cc(F)c(c2ccnc(*)c2)cc1F,2.6774932404001577
*c1cc(F)c(c2cc(*)cc(C)n2)cc1F,2.633369572729148
*c1ccc(c2cccc(*)c2C(=O)O)cc1,2.128711047172468
*c1cc2ccc3cc(c5ncc(*)c6[nH]ccc56)cc4ccc(c1)c2c34,2.419504975775728
*c1ccc(c2ccc(*)c(C=O)c2F)cc1,2.9356514152121496
*c1ccc(c3cc4[nH]cc(*)c4cn3)c2nsnc12,3.451693704166942
*c1ccc2c(c1)C(C)(C)c1cc(c4cc(*)cc5cncn45)ccc1-2,2.3145893544360785
*c1cc(F)c(c2cc(*)c([N+](=O)[O-])cn2)cc1F,3.971459981344454
*c1cc2cc3sc(c4cc(*)cc(C(=O)O)c4)cc3cc2s1,2.8432893273753206
*c1ccc(c2cnc(*)c(N)c2)cc1,1.8181441460826544
*c1cc(c4ccc(*)cc4)c2nc(-c3ccccc3O)ccc2c1,2.736140136666037
*c1ccc2c(c1)C(C)(C)c1cc(c4cc(*)c(N)c([N+]([O-])=NC(C)(C)C)c4)ccc1-2,2.8435453446159284
*c1cc2ccc3cc(c5cc(C(=O)OCC)cc(*)c5N)cc4ccc(c1)c2c34,2.5282761366895663
*c1ccc(c3cc(S(C)(=O)=O)cc(*)c3N)c2nsnc12,3.549334249198832
*c1cc(F)c(c2c(Cl)cc(*)c(C)c2Cl)cc1F,2.1988134683751075
*c1ccc2c(c1)S(=O)(=O)c1cc(c4cc(*)c([N+](=O)[O-])cn4)ccc1-2,3.850385736159629
*c1cc2ccc3cc(c5cc(F)c(N)c(*)c5F)cc4ccc(c1)c2c34,2.4954858750275077
*c1ccc2c(c1)C(C)(C)c1cc(c4cc(C(=O)NN)cc(*)c4O)ccc1-2,2.141915777721779
*c1cc(F)c(c2cc(OC)cc(*)c2O)cc1F,2.108315071167324
*c1ccc(c2cnc(*)c(O)c2)cc1,2.30998856747868
*c1cc(c3cc(F)c(*)cc3F)c(OC)c2ncccc12,2.630262537242358
*c1ccc(c2ccnc(*)c2[N+](=O)[O-])cc1,3.4224176346562984
*c1ccc(c2nc(*)cn(C)c2=O)cc1,2.7701055345626022
*c1ccc2c(c1)C(=C(C#N)C#N)c1cc(c4ccc(*)cc4)ccc1-2,4.005667568082499
*c1cc(F)c(c2c([N+](=O)[O-])c(*)nn2C)cc1F,3.3584531405344613
*c1cc2cc3sc(c4nc(*)cn5ncnc45)cc3cc2s1,3.133124150552051
*c1ccc2c(c1)[nH]c1cc(c4cc(*)cc(C(F)(F)F)c4Cl)ccc12,2.2727373268960407
*c1cc(c3cc(F)c(*)cc3F)ccc1OCC1CCCCO1,1.9924898060943657
*c1cc(F)c(c2cc(C)c([N+](=O)[O-])c(*)c2N)cc1F,3.320075059027311
*c1ccc2c(c1)[nH]c1cc(c4c(C)cc(*)cc4[N+](=O)[O-])ccc12,3.2663618137275554
*c1ccc2c(c1)C(C)(C)c1cc(c4cc(*)cc([N+](=O)[O-])c4C)ccc1-2,3.374230372701589
*c1cc(F)c(c2cc(Cl)cc(*)c2O)cc1F,2.344104468761543
*c1cc2cc3sc(c4cc(F)c(*)c([N+](=O)[O-])c4F)cc3cc2s1,3.6018799254484337
*c1ccc2c(c1)[nH]c1cc(c4cc(*)ccc4OCC4CCCCO4)ccc12,1.7459113053485151
*c1cc(F)c(c2ccc(*)c(OC)c2)cc1F,2.264889386281652
*c1cc2cc3sc(c4cc(*)cc(C(N)=S)c4)cc3cc2s1,2.720038617128891
*c1cc2ccc3cc(c5cnc(*)c(O)c5)cc4ccc(c1)c2c34,2.552175024203107
*c1ccc2c(c1)[nH]c1cc(c4ncc(*)cc4[N+](=O)[O-])ccc12,3.3938138325366096
*c1cc2cc3sc(c4cn(C)c(*)n4)cc3cc2s1,2.3468044051051065
*c1ccc(c2cnc(*)c(C(=O)OC)n2)cc1,3.2693095187969066
*c1ccc2c(c1)S(=O)(=O)c1cc(c4cccc(*)c4CN)ccc1-2,2.4566956658771515
*c1cc2ccc3cc(c5ccc6nc(*)ccc6c5)cc4ccc(c1)c2c34,2.675114858035691
*c1ccc(c3cc(*)c(Cl)[nH]c3=O)c2nsnc12,3.803886275427767
*c1ccc(-c2ccc(c3cc(I)c(*)cc3I)s2)s1,2.593774296494699
*c1ccc2c(c1)S(=O)(=O)c1cc(c4cc(C)cc(*)c4Cl)ccc1-2,2.711488851101774
*c1cc2cc3sc(c4cc(Cl)cc(*)c4Cl)cc3cc2s1,2.7837698715997687
*c1cc2cc3sc(c4ncc(*)cc4C#N)cc3cc2s1,3.356262820684788
*c1ccc2c(c1)C(C)(C)c1cc(c4cc(*)cc(CO)c4N)ccc1-2,1.8360912281575128
*c1ccc(c3nn(C)c(*)c3C(=O)OCC)c2nsnc12,3.885535679216265
*c1ccc2c(c1)S(=O)(=O)c1cc(c4nc(*)c(OC)cc4[N+](=O)[O-])ccc1-2,3.78518213631725
*c1cc2cc3sc(c4cc(*)ccc4N=C=S)cc3cc2s1,2.939488864978408
*c1cc2ccc3cc(c5cnc(*)cc5[N+](=O)[O-])cc4ccc(c1)c2c34,3.648214592794103
*c1cc2cc3sc(c4cc(*)c(N)c(C(C)=O)c4)cc3cc2s1,2.5386451702618578
*c1cc2cc3sc(c4cc(C(F)(F)F)c(*)cn4)cc3cc2s1,3.186173925589025
*c1ccc(-c2ccc(c3c(C)ncc(*)c3C)s2)s1,2.53024770676553
*c1ccc(c3cc(F)c(*)cc3[N+](=O)[O-])c2nsnc12,4.152903027524218
*c1ccc2c(c1)C(C)(C)c1cc(c4nc(*)c(C)cc4C)ccc1-2,2.0563011079073408
*c1cc(c3cc(F)c(*)cc3F)c2nccn2c1,2.418404460196933
*c1ccc(-c2ccc(c3c(F)c(F)c(*)c(F)c3F)s2)s1,3.407323298042675
*c1cc2ccc3cc(c5cncc(*)c5Cl)cc4ccc(c1)c2c34,2.6842374590113147
*c1ccc2c(c1)C(C)(C)c1cc(c4ccc5nc(*)ccc5c4)ccc1-2,2.743071296759344
*c1ccc(c3ccc(CO)c(*)n3)c2nsnc12,3.711697825575445
*c1ccc2c(c1)S(=O)(=O)c1cc(c4cc(*)c(C(=O)O)cc4O)ccc1-2,2.9270198214585195
*c1cc(F)c(c2cc(O)c(*)cc2C#N)cc1F,2.5905492064250684
*c1cc(F)c(c2ncc(*)cc2F)cc1F,2.856041724666361
*c1ccc2c(c1)S(=O)(=O)c1cc(c4cc(*)c(N)c(OC)c4)ccc1-2,2.451075135620047
*c1ccc(c3cnc(N)c(*)c3C)c2nsnc12,3.541949593700121
*c1ccc(c3cc(*)c(F)c(F)c3)c2nsnc12,3.8289255590697673
*c1ccc2c(c1)S(=O)(=O)c1cc(c4cc(*)c(OC)cc4OC)ccc1-2,2.568895827888442
*c1cc2cc3sc(c4cc(*)cc([N+](=O)[O-])c4)cc3cc2s1,3.536114262172288
*c1ccc2c(c1)S(=O)(=O)c1cc(c4c(C)c(C)cc(*)c4N)ccc1-2,2.404747408345928
*c1ccc2c(c1)[nH]c1cc(c4ccc(CO)c(*)n4)ccc12,2.086823193016323
*c1ccc(c2cc(*)cc([N+](=O)[O-])c2)cc1,3.483057095905534
*c1cc2ccc3cc(c5cc(C(F)(F)F)cc(*)n5)cc4ccc(c1)c2c34,2.6582444946357797
*c1ccc2c(c1)[nH]c1cc(c4cc(O)cc(*)c4C)ccc12,1.5334980122555044
*c1ccc2c(c1)S(=O)(=O)c1cc(c4ccc(C(=O)O)c(*)n4)ccc1-2,3.2587874503482386
*c1ccc2c(c1)C(C)(C)c1cc(c4nc(*)n[nH]4)ccc1-2,2.436923284013661
*c1ccc(-c2ccc(c3c(O)cc(O)c(*)c3C(=O)O)s2)s1,2.7371375809921417
*c1cc(F)c(c2cnc(*)cn2)cc1F,3.2937794782002623
*c1cc(F)c(c2cc(C(F)(F)F)cc(*)c2N)cc1F,2.090460953411855
*c1ccc(c3ccc(OC(C)C(=O)O)c(*)c3)c2nsnc12,3.677298466625884
*c1ccc2c(c1)C(C)(C)c1cc(c4cncc(*)n4)ccc1-2,2.7319424583621883
*c1c(F)c(F)c(c3ccc(*)cc3)c2nsnc12,4.015824993867112
*c1cc2cc3sc(c4cc(*)cc(C)c4Cl)cc3cc2s1,2.7058306456760386
*c1cc(F)c(c2ccc(*)[nH]2)cc1F,2.276180111956701
*c1ccc(c3cc(CC)c(*)s3)c2nsnc12,3.7781043787316495
*c1ccc2c(c1)[nH]c1cc(c4ccc5oc6ccc(*)cc6c5c4)ccc12,1.8243000021483335
*c1ccc2c(c1)[nH]c1cc(c4cc5c(cc4*)C(=O)OC5=O)ccc12,3.729486716682878
*c1ccc(-c2ccc(c3ccc(*)c(NN)c3)s2)s1,2.584014446031292
*c1cc(c5ccc6c(c5)S(=O)(=O)c5cc(*)ccc5-6)c2ccc3cc(C(C)(C)C)cc4ccc1c2c43,3.0774513140048096
*c1ccc2c(c1)S(=O)(=O)c1cc(c4nccc(*)n4)ccc1-2,3.194742374592915
*c1ccc(-c2ccc(C3=CC=C(*)S3(=O)=O)s2)s1,3.764131279128877
*c1cc(F)c(c2ccc(*)c(Cl)c2F)cc1F,2.5565460605102146
*c1ccc(c3cc(C)cc(*)c3F)c2nsnc12,3.6479136547586446
*c1ccc(-c2ccc(c3ccnc(*)c3C)s2)s1,2.814739421484713
*c1ccc(c3ccc(C(=O)OC)c(*)c3)c2nsnc12,3.847615263318693
*c1ccc2c(c1)C(C)(C)c1cc(c4cc(*)cc(CC)c4N)ccc1-2,1.790725692026753
*c1ccc2c(c1)C(C)(C)c1cc(c4ccc(C(=O)O)c(*)c4)ccc1-2,2.598663980937557
*c1ccc(c3ccnc(*)c3[N+](=O)[O-])c2nsnc12,4.15377836337631
*c1cc2cc3sc(c4cccc(*)n4)cc3cc2s1,2.723179095946217
*c1ccc(c3nc(*)cn4cc(C)nc34)c2nsnc12,3.6249758878632288
*c1ccc(-c2ccc(c3cnc(Cl)c(*)c3C)s2)s1,2.7786375005462194
*c1ccc2c(c1)C(C)(C)c1cc(c4cc(*)nn5ccnc45)ccc1-2,2.948420880811801
*c1ccc(c3cccc(*)c3C#N)c2nsnc12,3.7961498747476505
*c1cc(F)c(c2cc(*)cc(CO)c2)cc1F,2.18026883659433
*c1ccc(c3cc(*)cc(NC(=O)C(C)(C)C)c3)c2nsnc12,3.60950844056746
*c1ccc(c2cc(*)c(F)c(C#N)c2)cc1,2.442386614081545
*c1ccc(c2cc(F)cc(*)n2)cc1,2.435083606382412
*c1cc(F)c(c2cc(N)cc(*)n2)cc1F,2.095824773396642
*c1cc(F)c(c2cc(F)c(N)c(*)c2F)cc1F,1.9449049593110108
*c1ccc(-c2ccc(c3cc(*)c(C)nc3N)s2)s1,2.407584935946489
*c1cc2ccc3cc(c5cc(Cl)cc(*)n5)cc4ccc(c1)c2c34,2.5967930021525563
*c1cc2ccc3cc(c5cc(*)c6c(c5)NC(=O)C6=O)cc4ccc(c1)c2c34,3.697021025677176
*c1cc(F)c(c2ccc(*)c(C#N)c2)cc1F,2.74881765800471
*c1ccc(-c2ccc(c3cc(*)cc(OC(F)F)c3)s2)s1,2.8562750211626797
*c1ccc(c2cc(*)c(C)c(C)c2N)cc1,1.284996584352827
*c1ccc(-c2ccc(c3cccc(*)c3CO)s2)s1,2.5215098161954645
*c1ccc2c(c1)[nH]c1cc(c4cc(*)nc(N)n4)ccc12,2.4444257067592177
*c1ccc(-c2ccc(c3cncc(*)c3C#N)s2)s1,3.226105221967713
*c1cc2ccc3cc(c5cc(*)c(N)c([N+]([O-])=NC(C)(C)C)c5)cc4ccc(c1)c2c34,2.8470944430205294
*c1ccc(-c2ccc(c3cc(*)cc([N+](=O)[O-])c3)s2)s1,3.51100401583045
*c1ccc2c(c1)[nH]c1cc(c4cc(*)cc5cn[nH]c45)ccc12,1.8964528499785496
*c1ccc2c(c1)S(=O)(=O)c1cc(c4c(N)c(C)cc(*)c4F)ccc1-2,2.4669016205994545
*c1ccc2c(c1)[nH]c1cc(c4cc(*)cnc4OC)ccc12,1.891305167979888
*c1ccc2c(c1)[nH]c1cc(c4ccc5nc(*)sc5c4)ccc12,2.6704030268370635
*c1ccc(-c2ccc(c3ncc(*)cc3F)s2)s1,3.226072619347053
*c1cc(F)c(c2c(N)c(Cl)cc(*)c2F)cc1F,1.9956228465599195
*c1ccc(-c2ccc(c3cc(*)ccc3F)s2)s1,2.774607443589447
*c1cc2cc3sc(c4ccc(*)c(N=C=S)c4)cc3cc2s1,2.9832597763950863
*c1ccc(c2ccc(OC)c(*)c2)cc1,1.6082975469031653
*c1ccc2c(c1)[nH]c1cc(c4c(N)c(Cl)cc(*)c4OC)ccc12,1.6952292575894894
*c1cc2ccc3cc(c5cc(*)c(N)c(C)c5[N+](=O)[O-])cc4ccc(c1)c2c34,3.0253596814921013
*c1ccnc2c1ccc1c(c4ccc(*)cc4)ccnc12,2.617852679819928
*c1ccc2c(c1)C(C)(C)c1cc(c4cncc(*)c4C(=O)O)ccc1-2,2.6066286239109773
*c1cc(F)c(c2ccc(OC(C)C(=O)NN)c(*)c2)cc1F,2.0051892988483107
*c1cc(F)c(c2cc(F)cc(*)c2O)cc1F,2.3101112061713565
*c1ccc(c3cc(C)cc(*)c3C)c2nsnc12,3.5867638199252783
*c1ccc2c(c1)[nH]c1cc(c4cc(*)cn(C)c4=O)ccc12,2.015015478995961
*c1ccc2c(c1)S(=O)(=O)c1cc(c4ccc(*)c5cnccc45)ccc1-2,2.938418228261628
*c1cc(F)c(c2cc(C(=O)Cl)c(*)cc2C(=O)Cl)cc1F,4.170112129796125
*c1cc(F)c(c2cc(OC)cc(*)n2)cc1F,2.539060500078466
*c1ccc2c(c1)C(C)(C)c1cc(c4ccc(CO)c(*)c4)ccc1-2,2.0582913223982366
*c1cc2ccc3cc(c5cc(S(=O)(=O)C(F)(F)F)cc(*)c5C)cc4ccc(c1)c2c34,2.6699680052392667
*c1ccc(c2ncc(*)cc2C(F)(F)F)cc1,2.5486693969433247
*c1ccc2c(c1)[nH]c1cc(c4c(N)c(C)cc(*)c4F)ccc12,1.5468845933155215
*c1ccc2c(c1)C(C)(C)c1cc(c4c5c(=O)oc(=O)c5c(*)c5c(=O)oc(=O)c45)ccc1-2,4.921121131144844
*c1cc2cc3sc(c4ccc(*)c(CCl)c4)cc3cc2s1,2.78393479482214
*c1cc(F)c(c2nc(*)sc2C=O)cc1F,3.9017798593503192
*c1cc2cc3sc(c4ccc(*)cc4C=O)cc3cc2s1,3.160322902223786
*c1cc2cc3sc(c4ccc(*)c(CC(=O)O)c4)cc3cc2s1,2.780704339062447
*c1cc(c3ccc(*)cc3)c2c(c1)C(=O)C(=O)N2,3.690583508073022
*c1ccc2c(c1)C(C)(C)c1cc(c4ccc(*)c(F)c4F)ccc1-2,2.4499661456481805
*c1cc(F)c(c2nc([N+](=O)[O-])c(*)[nH]2)cc1F,3.418326112531637
*c1ccc(-c2ccc(c3ccc(*)c(N=C=S)c3)s2)s1,3.076432390155671
*c1cc(F)c(c2ccc(*)cc2C=O)cc1F,3.001390581034493
*c1ccc2c(c1)[nH]c1cc(c4ccc(C(F)(F)F)c(*)c4)ccc12,2.082076643781058
*c1cc(F)c(c2cc(F)c(C)c(*)c2N)cc1F,1.7818971522939406
*c1ccc(c3cccc(*)c3CC(=O)O)c2nsnc12,3.81374921822826
*c1ccc2c(c1)S(=O)(=O)c1cc(c4ncc(*)c5ccccc45)ccc1-2,3.036089074913285
*c1cc(F)c(c2c(C(F)(F)F)c(*)c[nH]c2=O)cc1F,2.7707471716912924
*c1cc2cc3sc(c4cncc(*)c4C=O)cc3cc2s1,3.368969365283098
*c1cc(F)c(c2ccc(*)cc2)cc1F,2.3397459075849385
*c1ccc(c2cc(*)c[n+]([O-])c2)cc1,2.318696867364636
*c1cc2cc3sc(c4cnc5c(*)cc([N+](=O)[O-])cc5c4)cc3cc2s1,3.77031840200967
*c1c2ccccc2c(-c2c3ccccc3c(c7ccc(*)c8nsnc78)c3ccccc23)c2ccccc12,3.663102053485272
*c1ccc2c(c1)[nH]c1cc(c4cc(C(F)(F)F)cc(*)c4O)ccc12,2.0545413378590367
*c1ccc2cc(c3ccc(*)cc3)ccc2c1,2.225225730290668
*c1ccc2c(c1)[nH]c1cc(c4c(F)ccc(*)c4F)ccc12,1.9802754174715276
*c1cc2cc3sc(c4nc(*)c(Cl)nc4N)cc3cc2s1,2.860058806779481
*c1cc(F)c(c2ccc(C(F)(F)F)c(*)c2)cc1F,2.4595244421699505
*c1cc2ccc3cc(c5cccc(*)n5)cc4ccc(c1)c2c34,2.4528682695230124
*c1ccc(c3cc(*)ccc3CC#N)c2nsnc12,3.703104801581953
*c1ccc(c2cc(*)cc(CBr)c2)cc1,1.8159703757022456
*c1ccc(c2cc(F)c(*)c(Cl)c2)cc1,2.265056753360784
*c1ccc2c(c1)c1cc(c5ccc(-c6ccc(*)s6)s5)ccc1n2CC1CO1,2.4561158025565457
*c1cc2ccc3cc(c5cc(F)cc(*)c5OC)cc4ccc(c1)c2c34,2.64199674599454
*c1ccc2c(c1)C(C)(C)c1cc(c4ccc(*)c(O)c4)ccc1-2,2.1818394409706032
*c1cc2sc3cc(c4ccc(-c5ccc(*)s5)s4)sc3c2s1,3.214896861279545
*c1ccc2c(c1)[nH]c1cc(c4cc(C)cc(*)c4O)ccc12,1.6962816929940303
*c1ccc2c(c1)[nH]c1cc(c4cc(*)c5ncnc(Cl)c5c4)ccc12,3.051408886518198
*c1cc2c(s1)-c1sc(c4cc(F)c(*)cc4F)cc1C2=O,4.042184846919477
*c1ccc2c(c1)[nH]c1cc(c4cc(*)cc(C)c4[N+](=O)[O-])ccc12,3.17529449128064
*c1ccc(-c2ccc(c3cc(C)c(*)cc3C)s2)s1,2.628094026005402
*c1ccc2c(c1)S(=O)(=O)c1cc(c4c(C(F)(F)F)c(*)c[nH]c4=O)ccc1-2,2.892881898150001
*c1ccc2c(c1)[nH]c1cc(c4ccc(C)cc4*)ccc12,1.7094540814674373
*c1ccc2c(c1)[nH]c1cc(c4ccc(*)c(CC(=O)O)c4)ccc12,1.9278110279495813
*c1cc2cc3sc(c4cc(*)c(C)s4)cc3cc2s1,2.559376306966769
*c1ccc2c(c1)[nH]c1cc(c4n[nH]c(*)c4[N+](=O)[O-])ccc12,3.0291752703941497
*c1ccc2c(c1)C(C)(C)c1cc(c4c(CC)cc(*)cc4CC)ccc1-2,1.978332180783416
*c1ccc(c3ccc(*)cc3[N+](=O)[O-])c2nsnc12,4.04617011373575
*c1ccc2c(c1)S(=O)(=O)c1cc(c4ccc(*)c(N)c4)ccc1-2,2.5413723575481204
*c1c2c(=O)oc(=O)c2c(c4ccc(*)cc4)c2c(=O)oc(=O)c12,5.1042730496233055
*c1cc2ccc3cc(c5c(C)c(Cl)cc(*)c5N)cc4ccc(c1)c2c34,2.526217089112082
*c1ccc2c(c1)C(C)(C)c1cc(c4cnc(*)c(C(C)=O)n4)ccc1-2,3.129122354580283
*c1ccc(c2ncc(*)c(N)c2N)cc1,1.458056487729837
*c1c2c(c(c4ccc(*)c5nsnc45)c3nsnc13)N=S=N2,4.637020856845411
*c1ccc2c(c1)[nH]c1cc(c4c(F)cc(*)c5nsnc45)ccc12,3.687372791704105
*c1cnc(c3cc(F)c(*)cc3F)c2ncnn12,3.512472242770566
*c1cc2cc3sc(c4cc(*)c(Cl)nc4C)cc3cc2s1,2.8038746101646423
*c1ccc2c3ccc(c4ccc(*)c5nsnc45)cc3n(CC)c2c1,3.4964866897717704
*c1ccc2c(c1)C(C)(C)c1cc(c4ccc(*)nc4C(=O)O)ccc1-2,2.778262205856451
*c1cc2cc3sc(c4ncc(*)cc4Cl)cc3cc2s1,3.220360212020856
*c1ccc(c2c(N)ccc(*)c2F)cc1,1.434748012009332
*c1ccc2c(c1)C(C)(C)c1cc(c4cc5cc6sc(*)cc6cc5s4)ccc1-2,2.812116758646675
*c1ccc(c2cc(*)c(=O)[nH]c2C)cc1,2.012592892152428
*c1cccc(c4ccc(*)c5nsnc45)c1-c1cc2cnc(N)nc2nc1N,3.646830914277184
*c1cc(F)c(c2cc([N+](=O)[O-])cc(*)n2)cc1F,3.9596288303189335
*c1ccc(-c2ccc(c3cnc(N)c(*)c3OC)s2)s1,2.4645813695990606
*c1ccc2c(c1)[nH]c1cc(c4c(F)nc(*)n4C)ccc12,1.9564788841823928
*c1cc2ccc3cc(c5cc(*)c(=O)n(C)c5C)cc4ccc(c1)c2c34,2.519215848282783
*c1ccc2c(c1)[nH]c1cc(c4cc(*)nc(C(=O)OC)c4)ccc12,2.615572517798117
*c1ccc2c(c1)[nH]c1cc(c4ccc(*)c(N=C=S)c4)ccc12,2.2184443462284986
*c1ccc2oc3ccc(c4ccc(*)cc4)cc3c2c1,1.7871843226515294
*c1cc(c3ccc(*)cc3)cc2c1C(N)CCO2,1.5346769820857875
*c1cc2cc3sc(c4cc(*)c[n+]([O-])c4)cc3cc2s1,2.9661285653352767
*c1ccc(c2ncc(*)nc2C=O)cc1,3.4217801947829267
*c1ccc(c2cnc(*)nc2)cc1,2.8381526067686664
*c1ccc2c(c1)C(=O)c1cc(c4cc(F)c(*)cc4F)ccc1-2,3.5642785933346763
*c1ccc2c(c1)[nH]c1cc(c4cc(*)cc(C(F)(F)F)c4N)ccc12,1.7798996664447704
*c1ccc(-c2ccc(c3cc(C(C)(C)C)c(*)cc3C(C)(C)C)s2)s1,2.2609644717971644
*c1cc2cc3sc(c4cc(C)cc(*)c4Cl)cc3cc2s1,2.5431821445294585
*c1cc2cc3sc(c4cc(*)cc5[nH]nc(N)c45)cc3cc2s1,2.502253073660276
*c1cc(c3ccc(*)cc3)ccc1OCC1CCCCO1,1.6467745682902186
*c1cc(F)c(c2ccc(*)c(Cl)c2C)cc1F,2.0772316043171646
*c1ccc2c(c1)[nH]c1cc(c4nn(C)c(*)c4C(=O)OCC)ccc12,2.0389438354916685
*c1ccc2c(c1)[nH]c1cc(c4c(N)c(F)cc(*)c4C(F)(F)F)ccc12,2.160039243576681
*c1ccc2c(c1)[nH]c1cc(c4nc(C)c(*)n4C)ccc12,1.7991523465846335
*c1cc2ccc3cc(c5ccc(*)c(O)c5)cc4ccc(c1)c2c34,2.524856051426186
*c1ccc2c(c1)S(=O)(=O)c1cc(c4cc(F)c(*)c(F)c4)ccc1-2,2.966143061138923
*c1cc2cc3sc(c4cc(*)nnc4N)cc3cc2s1,2.8216865923621537
*c1ccc2c(c1)S(=O)(=O)c1cc(c4cc(C)cc(*)c4NCC(=O)NN)ccc1-2,2.425801464405249
*c1ccc2oc3ccc(c4cc(F)c(*)cc4F)cc3c2c1,2.1234191735382133
*c1cc2cc3sc(c4ccc(*)c(NC(C)=S)c4)cc3cc2s1,2.87303818807142
*c1cc2cc3sc(c4cc(*)c5cc[nH]c5c4)cc3cc2s1,2.3246057981379424
*c1ccc2c(c1)S(=O)(=O)c1cc(c4nc(*)c(C)nc4N)ccc1-2,2.7148520530900546
*c1cc2cc3sc(c4ccc(CO)c(*)c4)cc3cc2s1,2.501346686990568
*c1ccc(c3ccc(*)cc3)c2[nH]ncc12,2.208975108946384
*c1ccc2c(c1)[nH]c1cc(c4ncc(*)s4)ccc12,2.6873879735558046
*c1ccc(-c2ccc(c3c(Cl)cc(*)c(C)c3Cl)s2)s1,2.928427650585145
*c1ccc(c2nc(*)c(C)cc2C)cc1,1.8147518527089
*c1ccc2c(c1)[nH]c1cc(c4nc(*)c(C)nc4N)ccc12,2.0320959574629573
*c1ccc2c(c1)C(C)(C)c1cc(c4ccc(*)cc4CN)ccc1-2,2.0186243198386884
*c1cc2ccc3cc(c5cnc(F)c(*)c5)cc4ccc(c1)c2c34,2.623221194324145
*c1ccc(-c2ccc(c3ccc(*)c(C=O)c3F)s2)s1,3.3298516762453003
*c1ccc(c2cc(*)c(C#N)c(F)c2)cc1,2.798378590061997
*c1ccc2c(c1)C(C)(C)c1cc(c4cc(*)nc(N)n4)ccc1-2,2.7103883659166987
*c1cc(F)c(c2cc(C(F)(F)F)c(*)cn2)cc1F,2.9563652552148367
*c1cc2ccc3cc(c5cc(*)cc(CBr)c5)cc4ccc(c1)c2c34,2.4946409296262706
*c1ccc2c(c1)S(=O)(=O)c1cc(c4ccc(*)nc4C(=O)OCC)ccc1-2,3.1592621593517523
*c1ccc(c2cc(*)c(N)c(C)c2F)cc1,1.4159397827078757
*c1ccc2c(c1)S(=O)(=O)c1cc(c4nc(C(=O)O)c(*)s4)ccc1-2,3.5802455000061144
*c1ccc2[nH]c3c([N+](=O)[O-])cc(c4ccc(-c5ccc(*)s5)s4)cc3c2c1,3.388276730578264
*c1cc(F)c(c2nc(*)n(C)n2)cc1F,2.4632359806335256
*c1ccc(c3ccc(*)c(NC(C)=S)c3)c2nsnc12,3.82321836043844
*c1ccc(c2nc(*)[nH]c2C(F)(F)F)cc1,2.184764397103677
*c1ccc(-c2ccc(c3ncc(*)cc3[N+](=O)[O-])s2)s1,3.860975524511997
*c1cc2ccc3cc(c5cc(F)cc(*)c5O)cc4ccc(c1)c2c34,2.6674345859951
*c1cc2cc3sc(c4ccccc4*)cc3cc2s1,2.4976692401598526
*c1ccc(c3c(Cl)cc(*)c(C)c3Cl)c2nsnc12,3.910456011476723
*c1ccc2c(-c3c(O)ccc4cc(c5ccc6c(c5)C(C)(C)c5cc(*)ccc5-6)ccc34)c(O)ccc2c1,2.333041338944641
*c1cc2cc3sc(c4cc(*)c(C#N)c(F)c4)cc3cc2s1,3.259398139536468
*c1cc2ccc3cc(c5cc(*)c6c(=O)[nH][nH]c6c5)cc4ccc(c1)c2c34,2.494600964242527
*c1ccc(-c2ccc(c3cc([N+](=O)[O-])c(*)cc3C)s2)s1,3.5168624374932858
*c1ccc2c(c1)[nH]c1cc(c4cc(C(=O)OC)c(*)[nH]4)ccc12,2.022892836051642
*c1cc2cc3sc(c4cc(S(N)(=O)=O)cc(*)c4N)cc3cc2s1,2.241558155299943
*c1ccc2c(c1)S(=O)(=O)c1cc(c4cnc(F)c(*)c4)ccc1-2,2.8782462875459363
*c1ccc2c(c1)S(=O)(=O)c1cc(c4cc(*)c(OC)c(F)c4F)ccc1-2,2.7960489430857924
*c1ccc2c(c1)[nH]c1cc(c4cc(*)cc(C)c4N)ccc12,1.4497352736121245
*c1cc2cc3sc(c4c(F)nc(*)n4C)cc3cc2s1,2.6975087402216023
*c1ccc2c(c1)[nH]c1cc(c4cc(C)nc(*)c4N)ccc12,1.7304172259789534
*c1cc2cc3sc(c4cc(C)c(*)c(C)c4)cc3cc2s1,2.3992274644506395
*c1ccc2c(c1)S(=O)(=O)c1cc(c4nc(*)ccc4O)ccc1-2,2.796694713385598
*c1ccc(c2ccc(*)c(NC(C)=S)c2)cc1,2.29415918160435
*c1ccc2c(c1)S(=O)(=O)c1cc(c4cc(*)cc(C(=O)O)c4OC)ccc1-2,2.8608762582282043
*c1ccc(c2cc(*)c(Cl)nc2C)cc1,2.059420443385331
*c1ccc2c(c1)[nH]c1cc(c4ccc5cccc(*)c5n4)ccc12,2.5478665286097657
*c1ccc2c(c1)S(=O)(=O)c1cc(c4nccc5[nH]cc(*)c45)ccc1-2,2.5787812502215037
*c1ccc(c2cc(*)c(C=O)c(F)c2)cc1,3.109739104470923
*c1ccc(-c2ccc(c3cc(CC)cc(*)c3N)s2)s1,2.325594583776033
*c1ccc2c(c1)S(=O)(=O)c1cc(c4ncc(*)cc4[N+](=O)[O-])ccc1-2,3.67432850584682
*c1ccc2c(c1)C(C)(C)c1cc(c4ccc(*)c(C#N)c4)ccc1-2,2.5705432218133533
*c1ccc(-c2ccc(c3nc4ncccc4cc3*)s2)s1,3.1477776724488957
*c1ccc(-c2ccc(c3ccc(*)c(C)n3)s2)s1,2.9732496896558325
*c1cc2cc3sc(c4cc(O)c(*)cc4O)cc3cc2s1,2.776824197086853
*c1ccc2c(c1)C(C)(C)c1cc(c4cc(*)c(C)nc4N)ccc1-2,1.9238295584290208
*c1cc(F)c(c2nnc(*)s2)cc1F,3.767976939521756
*c1cc2cc3sc(c4ccnc5c(*)cccc45)cc3cc2s1,3.0668807058833947
*c1cc2ccc3cc(c5cc(*)c(OC)cc5F)cc4ccc(c1)c2c34,2.5492801822949187
*c1cc2cc3sc(c4cc(*)c5c(c4)NC(=O)C5=O)cc3cc2s1,3.893352145671729
*c1ccc(c3cc(*)ncn3)c2nsnc12,4.017696426598764
*c1c(F)cc(c3ccc(*)cc3)c2nsnc12,3.8552128836917054
*c1ccc(-c2ccc(c3ccc(*)c4nccnc34)s2)s1,3.4923266345228936
*c1cc(F)c(c2cccc(*)c2[N+](=O)[O-])cc1F,3.542600982271434
*c1cc2ccc3cc(c5ccsc5-c5sccc5*)cc4ccc(c1)c2c34,2.517499157273197
*c1ccc(c3cc(C(N)=NO)cc(*)c3OC)c2nsnc12,3.675855823201837
*c1ccc(-c2ccc(c3cc(C(=O)OC)cc(*)n3)s2)s1,3.1984769593826785
*c1ccc2c(c1)S(=O)(=O)c1cc(c4c[nH]c5ncc(*)nc45)ccc1-2,2.887578625763396
*c1ccc2c(c1)C(C)(C)c1cc(c4nnc(*)s4)ccc1-2,3.247624168755255
*c1cc(F)c(c2cc(C)c(N)c(*)n2)cc1F,1.9768795433881725
*c1ccc2c(c1)[nH]c1cc(c4cc(*)ncc4Cl)ccc12,2.407431940438186
*c1ccc2c(c1)[nH]c1cc(c4c(Cl)ccc(*)c4Cl)ccc12,1.989740123906679
*c1ccc2c(c1)C1(CCOCC1)c1cc(c5ccc6c(c5)C(C)(C)c5cc(*)ccc5-6)ccc1-2,2.382199109932024
*c1ccc2c(c1)[nH]c1cc(c4cc(*)cc(C)c4C)ccc12,1.6372336431227414
*c1ccc2c(c1)S(=O)(=O)c1cc(c4cnc(N(C)C)c(*)n4)ccc1-2,2.745200812440033
*c1ccc(c3cc(=O)cc(*)[nH]3)c2nsnc12,4.003941579512548
*c1ccc2c(c1)C(C)(C)c1cc(c4nc(*)sc4CO)ccc1-2,2.734249308264741
*c1ccc2c(c1)[nH]c1cc(c4ccsc4-c4sccc4*)ccc12,2.199628744261052
*c1ccc2c(c1)S(=O)(=O)c1cc(c4cnc5c(*)cc(C)cn45)ccc1-2,2.6628818282218054
*c1cc2ccc3cc(c5cc(*)cc(N)c5C)cc4ccc(c1)c2c34,2.4018393627828742
*c1ccc2c(c1)[nH]c1cc(c4cc(*)cc(CO)c4N)ccc12,1.5069229230312335
*c1ccc2c(c1)S(=O)(=O)c1cc(c4cc(*)ncc4N)ccc1-2,2.584377077740128
*c1ccc2c(c1)C(C)(C)c1cc(c4c(C)c(C)c(*)c(C)c4C)ccc1-2,1.8211992203938527
*c1cc(F)c(c2cc(*)cc(OCC)c2)cc1F,2.143693091386037
*c1cc(F)c(c2cncc(*)c2C=O)cc1F,3.3735102922646343
*c1cc(F)c(c2ccc(*)nc2C(=O)OCC)cc1F,2.966970438857772
*c1ccc2c(c1)C(C)(C)c1cc(c4cc(Cl)cc(*)c4O)ccc1-2,2.234196872692392
*c1ccc2c(c1)S(=O)(=O)c1cc(c4cnc5cc(*)cnc5c4)ccc1-2,3.1797620753008617
*c1cc2cc3sc(c4cc(F)c(*)c(Cl)c4)cc3cc2s1,3.0349579727450897
*c1cc(F)c(c2ccc(*)cc2S)cc1F,2.164040533540214
*c1cc2cc3sc(c4cc(*)cc(C#N)c4O)cc3cc2s1,2.715242517225951
*c1ccc2c(c1)C(C)(C)c1cc(c4cc(*)c(N)c(C(=O)O)c4F)ccc1-2,2.2734437769969498
*c1ccc(c3cc(*)cc(OCC)c3)c2nsnc12,3.618210756644724
*c1ccc2c(c1)S(=O)(=O)c1cc(c4nc(*)cn5cc(C(=O)OCC)nc45)ccc1-2,3.3047716401212424
*c1ccc2c(c1)S(=O)(=O)c1cc(c4cc(F)c(*)cc4F)ccc1-2,2.979485582639414
*c1cc2ccc3cc(c5c(N)cc(C)c(*)c5C)cc4ccc(c1)c2c34,2.433734670985418
*c1ccc2c(c1)C(C)(C)c1cc(c4ccc(*)[nH]4)ccc1-2,2.109730286889856
*c1ccc(c2cc(*)cc(NC(C)=O)c2)cc1,1.800513303884352
*c1ccc(c3cc([N+](=O)[O-])c(O)c(*)c3F)c2nsnc12,4.026169332781139
*c1cc(F)c(c2cc(*)c(N)c(OC(F)(F)F)c2)cc1F,2.381721513676692
*c1cc(F)c(c2cc(F)c(*)c([N+](=O)[O-])c2F)cc1F,3.720314588996289
*c1cc2cc3sc(c4cccc5c4oc4c(*)cccc45)cc3cc2s1,2.6732895454580192
*c1ccc(c3cc(*)c(N)c(Cl)c3Cl)c2nsnc12,3.7391374488517672
*c1ccc(-c2ccc(c3nc(F)cc(*)c3O)s2)s1,3.147872066412093
*c1ccc(c2cncc(*)c2Cl)cc1,2.1977109478419896
*c1ccc(c2cc(Cl)cc(*)n2)cc1,2.5341786047863923
*c1ccc2c(c1)S(=O)(=O)c1cc(c4ccc5c6ccc(*)cc6n(CC)c5c4)ccc1-2,2.653191672330421
*c1ccc(-c2ccc(c3nc(*)cn4cc(C)nc34)s2)s1,2.9098097046354576
*c1ccc(c3cc(*)cc(C(C)=O)c3)c2nsnc12,3.7629428327892023
*c1cnc2c(c3ccc(*)cc3)cc(Cl)nn12,3.0820076624704265
*c1ccc(c3cncc(*)c3C)c2nsnc12,3.707899010560485
*c1ccc2c(c1)[nH]c1cc(c4ccc(*)cc4)ccc12,1.8899067392968012
*c1ccc(-c2ccc(c3c(N)cc(C)c(*)c3C)s2)s1,2.1305989915893138
*c1ccc2c(c1)S(=O)(=O)c1cc(c4cc(C(F)(F)F)cc(*)n4)ccc1-2,3.1364615247525123
*c1cc(F)c(c2cncc(*)c2C#N)cc1F,3.1431947234878663
*c1cc(F)c(c2cc(*)c(C)s2)cc1F,2.4362537347630635
*c1ccc2c(c1)[nH]c1cc(c4cc(C(=O)O)cc(*)n4)ccc12,2.826939622931482
*c1ccc2c(c1)C(C)(C)c1cc(c4cc(*)cc(CC(=O)O)c4)ccc1-2,2.190401729980612
*c1ccc(c2sc(*)c(C(=O)O)c2C(=O)O)cc1,3.3886942799830813
*c1ccc2c(c1)[nH]c1cc(c4c(F)c(*)c(F)c(F)c4F)ccc12,2.293972889592043
*c1cc(F)c(c2cc(C(=O)O)cc(*)n2)cc1F,3.2568551096317164
*c1cc2cc3sc(c4ccc(*)c5nc(Cl)sc45)cc3cc2s1,3.134844269892771
*c1ccc(c3cc(F)c(N)c(*)c3F)c2nsnc12,3.5850503232331903
*c1ccc(-c2ccc(c3ccc(*)c(OC)c3)s2)s1,2.845050394915886
*c1ccc(c3ccc(*)cc3)c2cccnc12,2.550242098523059
*c1ccc(c2nc(*)c(OCC)cc2N)cc1,1.7194793444933485
*c1ccc2c(c1)[nH]c1cc(c4cc(*)c(Cl)c(C(C)C)c4)ccc12,1.9522284738256823
*c1cc2cc3sc(c4ccc5c(c4)C(=O)c4ccc(*)cc4C5=O)cc3cc2s1,4.108486771907963
*c1cc(c3ccc(*)cc3)cc(-c2ccccc2)c1,1.7902871308904202
*c1cc2cc3sc(c4cc(*)cc(N)c4C)cc3cc2s1,2.243282486073187
*c1ccc2c(c1)S(=O)(=O)c1cc(c4ccc5c(c4)C(=C(C#N)C#N)c4cc(*)ccc4-5)ccc1-2,4.09775011674493
*c1ccc(-c2ccc(c3cc(*)c(OCC)c(C=CC(=O)O)c3)s2)s1,2.893140303271295
*c1ccc2c(c1)S(=O)(=O)c1cc(c4cc(*)ccc4C)ccc1-2,2.575834616900321
*c1ccc2c(c1)[nH]c1cc(c4ccc(Cl)c(*)c4)ccc12,1.9542292123198743
*c1ccc2occ(c3cc(F)c(*)cc3F)c2c1,2.1574293702139107
*c1ccc(c2cc(*)cc(CC)c2N)cc1,1.3176660463590175
*c1ccc2c(c1)[nH]c1cc(c4cc([N+](=O)[O-])c(*)cc4C)ccc12,3.244634971365524
*c1ccc(c3cc(C)nc(*)c3O)c2nsnc12,3.831354233784373
*c1cc2cc3sc(c4[nH]c(*)nc4C(=O)OC)cc3cc2s1,2.9184509275096424
*c1ccc2c(c1)C(C)(C)c1cc(c4cc(*)c(F)c(C)c4)ccc1-2,2.183925967777925
*c1ccc(c2ncc(*)cc2[N+](=O)[O-])cc1,3.5561436502797115
*c1cc2ccc3cc(c5cc6sc(*)cc6s5)cc4ccc(c1)c2c34,2.678694327748115
*c1ccc(c2c(C)sc(*)c2C)cc1,1.805110087722876
*c1ccc2c(c1)S(=O)(=O)c1cc(c4ccc(*)c(C#N)c4)ccc1-2,3.007319359941879
*c1ccc(c3cc(F)cc(*)c3F)c2nsnc12,3.8039002191925246
*c1ccc(-c2ccc(c3cc(C=CC(=O)O)cc(*)c3OCC(=O)OC)s2)s1,3.168599999277951
*c1ccc(c2cc(C)c(*)cn2)cc1,2.062181456867764
*c1ccc(-c2ccc(c3ccc(C(=O)O)c(*)c3)s2)s1,3.0835925061361964
*c1cc2ccc3cc(c5cncc(*)c5N)cc4ccc(c1)c2c34,2.44790442649996
*c1ccc(-c2ccc(c3cncc(*)c3N)s2)s1,2.4409957924816235
*c1ccc(-c2ccc(c3cc(*)c([N+]#[C-])c(C)c3)s2)s1,2.910044102652196
*c1ccc(-c2ccc(c3cc(*)cc(C(C)=O)c3)s2)s1,2.8726602743016345
*c1cc2cc3sc(c4cc(*)c5ncnn5c4)cc3cc2s1,2.8920465301648117
*c1ccc(-c2ccc(c3c(F)c(*)c(F)c(F)c3F)s2)s1,3.140591489212208
*c1cc(F)c(c2cc(F)cc(*)c2CO)cc1F,1.9833774180732129
*c1cc(F)c(c2cc(F)cc(*)n2)cc1F,2.757033030870096
*c1ccc(c3cc(C)cc(*)c3[N+](=O)[O-])c2nsnc12,3.97396329994597
*c1cc2ccc3cc(c5cc(*)c(N)c(C)c5Cl)cc4ccc(c1)c2c34,2.490328764532032
*c1ccc2c(c1)C(C)(C)c1cc(c4cnc(*)c5ncnn45)ccc1-2,3.180342692473649
*c1ccc2c(c1)S(=O)(=O)c1cc(c4ccnc(*)c4)ccc1-2,2.9398498921392004
*c1ccc(c3nc(*)cn4ncnc34)c2nsnc12,3.853919048072351
*c1ccc2c(c1)[nH]c1cc(c4cscc4*)ccc12,1.7211643418840312
*c1ccc2c(c1)[nH]c1cc(c4ccc(C=O)c(*)n4)ccc12,3.045225231792968
*c1cc2cc3sc(c4ccc(O)c(*)c4)cc3cc2s1,2.4242903596642025
*c1cc2ccc3cc(c5sc(*)c([N+](=O)[O-])c5[N+](=O)[O-])cc4ccc(c1)c2c34,3.837285494293119
*c1ccc2c(c1)[nH]c1cc(c4cc(Cl)cc(*)n4)ccc12,2.364650062355739
*c1ccc(c3ccc4ncc(*)n4c3)c2nsnc12,3.58438052387101
*c1cc2cc3sc(c4cc(CC(N)C(=O)OC)cc(*)c4O)cc3cc2s1,2.454719809147856
*c1ccc(-c2ccc(c3nc(*)c(C)cc3C)s2)s1,2.692901002311612
*c1ccc(-c2ccc(c3ccc(*)cc3NC(=O)c3ccccc3)s2)s1,2.811005270092833
*c1ccc2c(c1)C(C)(C)c1cc(c4cc(*)cc5cn[nH]c45)ccc1-2,2.145644778614891
*c1cc2ccc3cc(c5nc(*)cn6cc(C)nc56)cc4ccc(c1)c2c34,2.5685840465720142
*c1ccc2c(c1)[nH]c1cc(c4sc(*)cc4CCCCCCCC)ccc12,2.192667560845757
*c1ccc2c(c1)S(=O)(=O)c1cc(c4ccc5cc(*)ccc5c4)ccc1-2,2.9076857084952428
*c1ccc(c3c(C(=O)OC)cc(*)cc3C(=O)OC)c2nsnc12,4.075489940957263
*c1cc2ccc3cc(c5c(N)c(*)cc(C)c5Cl)cc4ccc(c1)c2c34,2.5036572953785505
*c1ccc2c(c1)C(C)(C)c1cc(c4cc(*)c5nc(-c6ccccc6O)ccc5c4)ccc1-2,2.764154770250131
*c1ccc(-c2ccc(c3cc(S(=O)(=O)C(F)(F)F)cc(*)c3C)s2)s1,2.804889490777398
*c1ccc(-c2ccc(c3ccnc4c(*)cccc34)s2)s1,3.107349195978108
*c1ccc2c(c1)[nH]c1cc(c4ccc(*)cc4C(C)C)ccc12,1.6857467368378036
*c1ccc(-c2ccc(c3cc(*)c(Cl)nc3N)s2)s1,2.625825751343448
*c1ccc(-c2ccc(c3cc(*)cc(F)c3C(=O)O)s2)s1,3.187570173336879
*c1ccc(c3cc(*)cc(CC)c3N)c2nsnc12,3.406366482672772
*c1cc(c3cc(F)c(*)cc3F)c2c(n1)CCCN2,2.05578871017374
*c1ccc(-c2ccc(c3cc(*)cc(F)c3)s2)s1,2.8288050901311004
*c1ccc2ccc3ccc(c4ccc(*)c5nsnc45)nc3c2n1,3.7584517880811887
*c1ccc(c3cc(*)nc(OC)c3N)c2nsnc12,3.509034929943878
*c1ccc(c3ccc(N)c(*)c3C)c2nsnc12,3.441877244568972
*c1ccc2c(c1)[nH]c1cc(c4ccc(*)c5nsnc45)ccc12,3.515969160746334
*c1ccc(c3ccc(*)c(C(=O)O)c3)c2nsnc12,3.888677432266873
*c1ccc(c2cc(N)c([N+](=O)[O-])c(*)n2)cc1,3.365760173769436
*c1ccc2c(c1)[nH]c1cc(c4ccc(*)c(F)c4F)ccc12,2.16952435287868
*c1ccc2c(c1)[nH]c1cc(c4cc(OC)cc(*)c4Cl)ccc12,1.799864130073065
*c1ccc2c(c1)S(=O)(=O)c1cc(c4cc(*)cc(OC)c4)ccc1-2,2.6614935351031868
*c1cc2cc3sc(c4cncc(*)c4)cc3cc2s1,2.76014689549945
*c1ccc2c(c1)C(C)(C)c1cc(c4cc(*)c5ncnn5c4)ccc1-2,2.485957027946553
*c1cc2cc3sc(c4ccc(*)c(F)c4F)cc3cc2s1,3.0848278940086367
*c1ccc(c3cc(CN)cc(*)c3OC)c2nsnc12,3.594627202895788
*c1ccc(-c2ccc(c3cc(*)c(N)c(C(C)=O)c3)s2)s1,2.5925285829028883
*c1ccc2c(c1)[nH]c1cc(c4cc(*)c5ncnn5c4)ccc12,2.22406205432977
*c1ccc(c2cc(*)ccc2S)cc1,1.7033799010044566
*c1cc2ccc3cc(c5cc(C(=O)O)c(*)cc5O)cc4ccc(c1)c2c34,2.693427555620442
*c1cc2cc3sc(c4cc(OC(F)F)cc(*)c4N)cc3cc2s1,2.409057475295879
*c1cc2ccc3cc(c5cc(C)cc(*)c5O)cc4ccc(c1)c2c34,2.557952896336487
*c1cc2cc3sc(c4cc(*)c(Cl)c(CC)c4)cc3cc2s1,2.7070290404578383
*c1ccc2c(c1)C(C)(C)c1cc(c4ccc(O)c(*)c4)ccc1-2,1.997565341564952
*c1ccc(-c2ccc(c3csc(*)n3)s2)s1,2.9726398543642825
*c1ccc(c2c(C)c(*)cc(C=O)c2O)cc1,2.753963380527654
*c1cc(F)c(c2cc(C)cc(*)c2O)cc1F,2.035595182355342
*c1ccc2c(c1)[nH]c1cc(c4cc(C)c(*)c(C)c4)ccc12,1.6133161719935831
*c1cc2cc3sc(c4cc(N)cc(*)c4F)cc3cc2s1,2.4295019959631645
*c1cc2cc3sc(c4cc(CCCC)c(*)s4)cc3cc2s1,2.918911947108004
*c1cc2ccc3cc(c5ccc(-c6ccc(*)cc6)cc5)cc4ccc(c1)c2c34,2.4830095538000423
*c1cc2cc3sc(c4ccc5c(*)ccnc5c4)cc3cc2s1,2.996522846810393
*c1cc2ccc3cc(c5ccc(*)c(C(=O)O)c5)cc4ccc(c1)c2c34,2.6549152373918963
*c1ccc2c(c1)[nH]c1cc(c4cc(*)c(OC(C)C)c(C=O)c4)ccc12,2.625279375965484
*c1ccc(C2=CC(=O)C(*)=CC2=O)cc1,4.839906279518342
*c1cc2cc3sc(c4sc(*)cc4C(=O)O)cc3cc2s1,3.3778566196768125
*c1cc2cc3sc(c4cc(C)c(N)c(*)c4[N+](=O)[O-])cc3cc2s1,3.134769152627966
*c1cc2ccc3cc(c5cc(C)nc(*)c5O)cc4ccc(c1)c2c34,2.590127250114191
*c1cc2ccc3cc(c5nc(*)c(C(=O)O)s5)cc4ccc(c1)c2c34,3.361597365883478
*c1ccc(c3cc(*)c(N)c([N+]([O-])=NC(C)(C)C)c3)c2nsnc12,3.6078663680933145
*c1ccc(c2ccc(*)c(Cl)c2Cl)cc1,2.166541364796956
*c1cc2cc3sc(c4ccc5c(c4)C(=O)C(=O)c4cc(*)ccc4-5)cc3cc2s1,4.1748496471284735
*c1ccc2c(c1)c1cc(c5ccc(*)c6nsnc56)ccc1n2CC(O)CNc1ccccc1,3.356805012005608
*c1cc2ccc3cc(c5cc(CC(=O)O)cc(*)c5O)cc4ccc(c1)c2c34,2.640963889499065
*c1cc2ccc3cc(c5cc(*)ccc5C(N)=O)cc4ccc(c1)c2c34,2.539319034762471
*c1ccc(c4ccc(*)c5nsnc45)c2sc(-c3ccccc3)nc12,3.680942229351429
*c1ccc(-c2ccc(c3cc(F)cc(*)c3F)s2)s1,2.966283651451547
*c1ccc2c(c1)[nH]c1cc(c4nc(*)cn5ccnc45)ccc12,2.422554157660619
*c1cc(F)c(c2ccc(*)c(C)c2C)cc1F,1.8087522470852908
*c1ccc2c(c1)C(C)(C)c1cc(c4c(F)c(F)c(*)c5nsnc45)ccc1-2,3.956644219150863
*c1ccc(c2cc(*)c(F)nc2C)cc1,2.038850281160038
*c1ccc2c(c1)C(C)(C)c1cc(c4ccc(*)c5nsnc45)ccc1-2,3.641471883701088
*c1ccc(-c2ccc(c3sc(*)cc3C(=O)O)s2)s1,3.4321830865037284
*c1ccc2c3ccc(c5ccc6c(c5)C(C)(C)c5cc(*)ccc5-6)cc3n(-c3ccccc3)c2c1,2.122601016682367
*c1cc2ccc3cc(c5cc(OC)c(N)c(*)c5Cl)cc4ccc(c1)c2c34,2.529080919657574
*c1ccc2c(c1)[nH]c1cc(c4cc(*)cc(C(=O)OC)c4)ccc12,2.276067307954956
*c1ccc2c(c1)[nH]c1cc(c4cc(C=O)cc(*)c4OC)ccc12,2.6071048148014566
*c1ccc2c(c1)S(=O)(=O)c1cc(c4ccc(*)c(C)c4C)ccc1-2,2.533062780534401
*c1ccc2c(c1)S(=O)(=O)c1cc(c4cc(*)c[n+]([O-])c4)ccc1-2,2.9572038483367544
*c1cc(F)c(c2cc(F)cc(*)c2OCC)cc1F,2.2495568627125064
*c1ccc2c(c1)C(C)(C)c1cc(c4cc(*)cc(F)c4)ccc1-2,2.247172627890776
*c1ccc2c(c1)[nH]c1cc(c4ccc(*)nc4C(=O)O)ccc12,2.5109678402044477
*c1cc(F)c(c2ccc(CC(=O)O)c(*)c2)cc1F,2.232447896493064
*c1cc2cc3sc(c4ccc5c(c4)c(*)cn5C(=O)OC(C)(C)C)cc3cc2s1,2.428426550105039
*c1ccc(c3cc(F)c(*)c(Cl)c3)c2nsnc12,3.895614718912776
*c1ccc(-c2ccc(c3ccc(N)c(*)n3)s2)s1,2.4912733858814926
*c1ccc(-c2ccc(c3cccc(*)c3COC(C)=O)s2)s1,2.563201752800329
*c1ccc(-c2ccc(c3cnnc(*)c3)s2)s1,3.2877748885377183
*c1ccc2c(c1)[nH]c1cc(c4cc(*)c(=O)[nH]c4C)ccc12,1.9685903367611024
*c1cc2cc3sc(c4cc(*)cc(C)c4[N+](=O)[O-])cc3cc2s1,3.4900748009280265
*c1ccc(c2cc(*)c(N)c(OC(F)(F)F)c2)cc1,2.234812614756472
*c1ccc2c(c1)S(=O)(=O)c1cc(c4cc(*)cc5c(C(=O)O)cc(-c6ccccc6)nc45)ccc1-2,3.4815312031266075
*c1ccc2c(c1)S(=O)(=O)c1cc(c4cc(*)ccc4F)ccc1-2,2.731095893232758
*c1ccc(c2cc(S(C)(=O)=O)cc(*)c2N)cc1,1.5680265966751437
*c1cc(F)c(c2cc(C=O)c(*)cn2)cc1F,3.491917172013942
*c1ccc2c(c1)S(=O)(=O)c1cc(c4cc(N)c(*)cc4F)ccc1-2,2.642458175911456
*c1ccc2c(c1)C(C)(C)c1cc(c4cc(*)cc(C(F)F)c4)ccc1-2,2.248769637756086
*c1ccc(-c2ccc(c3cc(*)cc(NC(=O)C(C)(C)C)c3)s2)s1,2.698964975655587
*c1ccc2c(c1)C(C)(C)c1cc(c4cnc(*)cc4N)ccc1-2,2.1756034665622126
*c1ccc2c(-c3c(O)ccc4cc(c5ccc(-c6ccc(*)s6)s5)ccc34)c(O)ccc2c1,2.6966427619020084
*c1ccc2c(c1)[nH]c1cc(c4cc(*)c(F)c(Cl)c4)ccc12,2.0952464476398696
*c1cc2ccc3cc(c5cc(*)cc(F)c5Cl)cc4ccc(c1)c2c34,2.6822832471620126
*c1cc2ccc3cc(c5cnc(N)c(*)c5C)cc4ccc(c1)c2c34,2.482300756360224
*c1cc(c3ccc(*)cc3)cc2sc(N)nc12,1.7766637965245566
*c1ccc2c(c1)[nH]c1cc(c4cc(C(C)C)cc(*)c4N)ccc12,1.461599738774264
*c1ccc2c(c1)[nH]c1cc(c4cnc5c(*)cnn5c4)ccc12,2.2185734214434643
*c1ccc(c3cccc(C(=O)O)c3*)c2nsnc12,3.880843234803457
*c1cc2cc3sc(c4cc(C)c(*)cc4N)cc3cc2s1,2.3173978696753066
*c1ccc(c2cc(F)cc(*)c2N)cc1,1.4957602019679694
*c1ccc2c(c1)C(C)(C)c1cc(c4cc(NCC(=O)NN)cc(*)c4C)ccc1-2,1.7567329919184742
*c1ccc(-c2ccc(c3ccc4nc(*)nn4c3)s2)s1,2.9522806176119074
*c1cc(F)c(c2ccc(*)c(OC(F)F)c2)cc1F,2.5776148558129663
*c1ccc(c2cc(*)ccc2C(=O)OCC)cc1,2.4406624115033395
*c1ccc(c3ccc(*)c4cc[nH]c34)c2nsnc12,3.520367147747451
*c1c2c(c(c4ccc(*)cc4)c3nsnc13)N=S=N2,4.591677095392123
*c1ccc2c(c1)S(=O)(=O)c1cc(c4cc(F)cc(*)c4OCC)ccc1-2,2.771607776474508
*c1ccc2c(c1)[nH]c1cc(c4nc(*)c[nH]c4=O)ccc12,2.642486170070356
*c1ccc(-c2ccc(c3cnc(F)c(*)c3)s2)s1,2.9683981993876154
*c1cc2cc3sc(c4cc(*)c(N)cc4F)cc3cc2s1,2.244993657265677
*c1cc2ccc3cc(c5ccc6c(*)nc(N)cc6c5)cc4ccc(c1)c2c34,2.486272390318472
*c1ccc(c3c(N)c(C)cc(*)c3F)c2nsnc12,3.4587700081003434
*c1ccc(c2cc(*)ncc2C(=O)O)cc1,3.0210431980148407
*c1cc2ccc3cc(c5cc(*)c(N)c(C(C)=O)c5)cc4ccc(c1)c2c34,2.509440501353021
*c1ccc2c(c1)c1cc(c4ccc(-c5ccc(*)s5)s4)ccc1n2CC,2.4086047062564564
*c1ccc(c3ccc(*)c(C(=O)OC)n3)c2nsnc12,3.99773568180345
*c1ccc2c(c1)[nH]c1cc(c4nccc(*)c4N)ccc12,1.75992003801794
*c1ccc2c(c1)C(C)(C)c1cc(c4nc(*)n(C5CCCCO5)n4)ccc1-2,2.446064734656844
*c1ccc(-c2ccc(c3cnc(CO)c(*)c3)s2)s1,2.8442735200729774
*c1ccc2c(c1)S(=O)(=O)c1cc(c4cc(*)ccc4OCC(=O)NN)ccc1-2,2.614701582663012
*c1cc(F)c(c2ccnc(*)c2C=O)cc1F,3.267040283319163
*c1cc2ccc3cc(c5cc(C(=O)OC)[nH]c5*)cc4ccc(c1)c2c34,2.54182216690676
*c1cc2ccc3cc(c5cc(*)cc(OC(C)C)c5)cc4ccc(c1)c2c34,2.477208521033491
*c1ccc2c(c1)S(=O)(=O)c1cc(c4cc(*)c(N=S(C)(C)=O)c([N+](=O)[O-])c4)ccc1-2,3.2124274124181085
*c1ccc(c3c(N)cc(C)c(*)c3C)c2nsnc12,3.4614092892293296
*c1cc(F)c(c2ncc(*)c(N)c2N)cc1F,1.7937930753405784
*c1ccc2c(c1)S(=O)(=O)c1cc(c4cc(Cl)c(N)c(*)c4C(=O)OC)ccc1-2,2.771287777293929
*c1ccc(c2cc(*)c(=O)n(C)c2C)cc1,2.008607888974975
*c1cc(F)c(c2sc(*)cc2C=O)cc1F,3.42617229884698
*c1c2ccccc2c(c4ccc(-c5ccc(*)s5)s4)c2nsnc12,3.996728729124564
*c1ccc2c(c1)C(C)(C)c1cc(c4ccc5c(c4)-c4cc(*)ccc4S5(=O)=O)ccc1-2,2.6185317459511
*c1ccc(c3ccc(*)c4nc(Cl)sc34)c2nsnc12,3.823753981985784
*c1ccc2c(c1)[nH]c1cc(c4cc(*)c(OC)c(F)c4F)ccc12,1.9649554346512548
*c1ccc2c(c1)[nH]c1cc(c4ccc5c6ccc(*)cc6n(CC)c5c4)ccc12,1.8366946509816595
*c1cc(F)c(c2cc(=O)cc(*)[nH]2)cc1F,2.729466324793828
*c1cc2ccc3cc(c5cc(*)ccc5C)cc4ccc(c1)c2c34,2.486185676778228
*c1ccc2c(c1)C(C)(C)c1cc(c4cc(S(=O)(=O)C(F)(F)F)cc(*)c4C)ccc1-2,2.484096500707108
*c1cc2cc3sc(c4cc(C(C)=O)cc(*)c4N)cc3cc2s1,2.3886244705183177
*c1cc(F)c(c2cc(I)c(*)cc2I)cc1F,1.5796281249364157
*c1ccc(c2cc(*)cc(F)c2C(=O)O)cc1,2.634075043928411
*c1ccc2c(c1)[nH]c1cc(c4ccc(*)c(NC(=S)c5ccccc5)c4)ccc12,2.58435890730531
*c1cc(F)c(c2cc(*)c(OC(C)C)c(C=O)c2)cc1F,2.881937706913069
*c1cc2ccc3cc(c5ncc(*)c(C)c5[N+](=O)[O-])cc4ccc(c1)c2c34,3.313629163019405
*c1cc2ccc3cc(c5cc(*)cc(NC(C)=O)c5)cc4ccc(c1)c2c34,2.487006924667453
*c1ccc2c(c1)C(C)(C)c1cc(c4cc5sc(*)cc5s4)ccc1-2,2.79446599980921
*c1cc2ccc3cc(c5cc(*)c6c(c5)C(=O)C(=O)N6CC)cc4ccc(c1)c2c34,3.708458876666493
*c1ccc(-c2ccc(c3cc(*)cc(C#N)c3OC)s2)s1,2.771619352003857
*c1cc(F)c(c2cc(*)c(F)c(C)c2)cc1F,2.250335622615648
*c1cc2ccc3cc(c5ccc6c(c5)[nH]c5cc(*)ccc56)cc4ccc(c1)c2c34,2.393395350724877
*c1ccc2c(c1)[nH]c1cc(c4cc(*)c(Cl)c(OC(F)(F)F)c4)ccc12,2.4704667987529483
*c1ccc(-c2ccc(c3cncc(*)c3Cl)s2)s1,2.9607131985642288
*c1cc2ccc3cc(c5c(O)cc(O)c(*)c5O)cc4ccc(c1)c2c34,2.633635692696864
*c1ccc(c3ccsc3-c3sccc3*)c2nsnc12,3.659322650857
*c1cc2cc3sc(c4cc(*)c(Cl)nc4N)cc3cc2s1,2.4982789833072228
*c1ccc2c(c1)S(=O)(=O)c1cc(c4ccc5nc(*)nn5c4)ccc1-2,2.958962368612579
*c1cc2ccc3cc(c5cc(*)cnc5N)cc4ccc(c1)c2c34,2.443833676689195
*c1ccc(c3cc(OC)cc(*)c3O)c2nsnc12,3.7707308376909214
*c1ccc2c(c1)C(C)(C)c1cc(c4sc(*)cc4CCCCCCCC)ccc1-2,2.521650556829037
*c1ccc2c(c1)C(C)(C)c1cc(c4cc(F)cc(*)c4O)ccc1-2,2.22715962964784
*c1ccc2c(c1)S(=O)(=O)c1cc(c4ccc5c(c4)sc4cc(*)ccc45)ccc1-2,2.8446570604321955
*c1cc2cc3sc(c4cc(F)c(*)cc4Cl)cc3cc2s1,3.0751153590992666
*c1cc2ccc3cc(c5cc(F)c(*)c([N+](=O)[O-])c5F)cc4ccc(c1)c2c34,3.407950378367853
*c1ccc(c3cc(CCCC)c(*)s3)c2nsnc12,3.771381291617392
*c1cc2cc3sc(c4cc(*)c(N)c(C)c4F)cc3cc2s1,2.246613412679507
*c1ccc2c(c1)[nH]c1cc(c4ccc(*)c(C(=O)O)c4)ccc12,2.2784096763733803
*c1ccc(c2cc(C)cc(*)c2N)cc1,1.2792384600777305
*c1cc(F)c(c2cccc(*)c2COC(C)=O)cc1F,2.1345162036209477
*c1ccc2c(c1)C(C)(C)c1cc(c4cc(*)ccc4S)ccc1-2,2.0668280052644
*c1ccc2c(c1)S(=O)(=O)c1cc(c4ccc5c(c4)c4cc(*)ccc4n5CC)ccc1-2,2.478299413739963
*c1ccc2c(c1)[nH]c1cc(c4cc(S(C)(=O)=O)cc(*)c4N)ccc12,1.64325608966771
*c1ccc2c(c1)C(C)(C)c1cc(c4cc(*)c(N)c(Cl)c4Cl)ccc1-2,2.122174585267759
*c1ccc2c(c1)[nH]c1cc(c4cc([N+](=O)[O-])c(O)c(*)c4F)ccc12,3.598910649404361
*c1ccc2c(c1)[nH]c1cc(c4cccc(*)c4[N+](=O)[O-])ccc12,3.087329891301737
*c1ccc2c(c1)C(C)(C)c1cc(c4c(F)ccc(*)c4F)ccc1-2,2.2897756522816737
*c1cc2cc3sc(c4cc(F)cc(*)c4CO)cc3cc2s1,2.484943331833058
*c1cc2cc3sc(c4cn(C)cc(*)c4=O)cc3cc2s1,2.649915870060121
*c1cc(F)c(c2cc(*)cc(CC)c2)cc1F,2.118783416672684
*c1ccc2ccc3c(c5ccc(-c6ccc(*)s6)s5)ccc4ccc1c2c43,2.97804835322899
*c1ccc(-c2ccc(c3cc(*)c(N)c(C(=O)O)c3F)s2)s1,2.637654051367224
*c1ccc(c3cc(*)ncc3Cl)c2nsnc12,3.910263722627129
*c1ccc2c(c1)S(=O)(=O)c1cc(c4cc(C(=O)OCC)cc(*)c4N)ccc1-2,2.6085150427876136
*c1ccc2c(c1)C(C)(C)c1cc(c4cccc5nc(*)nn45)ccc1-2,2.639029797940074
*c1ccc(-c2ccc(c3cc(CC(=O)O)cc(*)c3O)s2)s1,2.724480420495906
*c1cc2cc3sc(c4cc(F)c(C)c(*)c4N)cc3cc2s1,2.2295319820069337
*c1ccc2c(c1)[nH]c1cc(c4cc(*)cc(C=O)c4)ccc12,2.6509173316069115
*c1ccc2c(c1)S(=O)(=O)c1cc(c4cc(*)cc(C)c4Cl)ccc1-2,2.76519303268202
*c1ccc(-c2ccc(c3cc(NCC(=O)NN)cc(*)c3C)s2)s1,2.3174240576163223
*c1ccc(c3ccc(*)[nH]3)c2nsnc12,3.4998035517320707
*c1ccc(c3cc(F)cc(*)n3)c2nsnc12,3.818078543710306
*c1ccc2c(c1)S(=O)(=O)c1cc(c4cc(CCC(=O)O)cc(*)c4O)ccc1-2,2.7196892475862846
*c1ccc2c(c1)S(=O)(=O)c1cc(c4cc(*)ccc4CC#N)ccc1-2,2.6900966558173325
*c1ccc2c(c1)S(=O)(=O)c1cc(c4ncc(*)c5[nH]ccc45)ccc1-2,2.7939186260973594
*c1ccc2c(c1)C(C)(C)c1cc(c4cc(F)c(F)cc4*)ccc1-2,2.3566586028700245
*c1cc(F)c(c2cc(*)c(N)cc2F)cc1F,1.7844801237481551
*c1ccc(c2ccc(N)c(*)c2C)cc1,1.1096358600502203
*c1ccc2c(c1)C(C)(C)c1cc(c4nc(*)cn(C)c4=O)ccc1-2,2.814031435695592
*c1cc2cc3sc(c4cc(*)ccc4OCC(=O)NN)cc3cc2s1,2.429884128933173
*c1cc2ccc3cc(c5cc(*)ncc5Cl)cc4ccc(c1)c2c34,2.6662374095681565
*c1cc(F)c(c2cc(F)c(F)c(*)c2N)cc1F,1.9928550078540224
*c1cc2cc3sc(c4c5ccccc5c(*)c5ccccc45)cc3cc2s1,2.869023597068169
*c1ccc2c(c1)S(=O)(=O)c1cc(c4ccc(*)c5nsnc45)ccc1-2,3.845744471126872
*c1cc2ccc3cc(c5cc(*)c(Cl)[nH]c5=O)cc4ccc(c1)c2c34,2.6455869205186544
*c1ccc(c3ccc(C=O)c(*)c3)c2nsnc12,3.865130378707992
*c1ccc2c(c1)[nH]c1cc(c4sc(*)cc4C(=O)OC)ccc12,2.708492957978143
*c1ccc(-c2ccc(c3cc(*)c4cc[nH]c4c3)s2)s1,2.436684194196717
*c1ccc2c(c1)c1cc(c5ccc6c(c5)[nH]c5cc(*)ccc56)ccc1n2CC1CO1,1.6386848414091737
*c1ccc(c3cc(Cl)cc(*)c3F)c2nsnc12,3.827780690024946
*c1ccc2c(c1)C(C)(C)c1cc(c4nc(F)cc(*)c4O)ccc1-2,2.6017875136219057
*c1ccc2c(c1)C(C)(C)c1cc(c4c(OC)cc(*)c5ncccc45)ccc1-2,2.572695171471045
*c1cc(F)c(c2cn(C)cc(*)c2=O)cc1F,2.231096894409505
*c1ccc(c3ccc(C(F)(F)F)c(*)c3)c2nsnc12,3.762988145135047
*c1ccc2c(c1)C(C)(C)c1cc(c4cc(*)cc(-c5ccccc5)c4)ccc1-2,2.089818845796772
*c1ccc(c2cc(C)cc(*)c2Cl)cc1,1.7394919378711662
*c1ccc2c(c1)[nH]c1cc(c4ccc([N+]#[C-])c(*)c4)ccc12,2.1619330051450345
*c1ccc(-c2ccc(c3cc(*)c4c(c3)C(=O)C(=O)N4CC)s2)s1,3.7604651453095737
*c1ccc2c(c1)S(=O)(=O)c1cc(c4cc(*)cc(C)c4[N+](=O)[O-])ccc1-2,3.48097104724042
*c1cc2cc3sc(c4ccc(*)cc4F)cc3cc2s1,2.9487388283245752
*c1ccc(c3cc(C(=O)O)cc(*)n3)c2nsnc12,3.941341315722479
*c1ccc2c(c1)S(=O)(=O)c1cc(c4[nH]c(*)nc4C(=O)OC)ccc1-2,3.026424533792269
*c1ccc2c(c1)C(C)(C)c1cc(c4cc(*)c5nc(-c6ccc(C)cc6)ccc5c4)ccc1-2,2.70835150396573
*c1cc2cc3sc(c4sc(*)cc4C(=O)OC)cc3cc2s1,3.32707734807067
*c1cc2ccc3cc(c5cc(*)c(Cl)c(OC(F)(F)F)c5)cc4ccc(c1)c2c34,2.777672753071644
*c1ccc2c(c1)[nH]c1cc(c4cc(OC)c(*)cc4OC)ccc12,1.8533916409991456
*c1ccc(-c2ccc(c3cc(*)cc(N)c3C)s2)s1,2.38309109324302
*c1cc2ccc3cc(c5cc(*)cc(N)c5C(=O)O)cc4ccc(c1)c2c34,2.5519797356560776
*c1cc2cc3sc(c4ccc(*)c5cnccc45)cc3cc2s1,2.934239139966126
*c1ccc2c(c1)[nH]c1cc(c4cc(C(=O)OCC)c(*)s4)ccc12,2.666763894300538
*c1ccc(c3cc(OC)c(*)cc3OC)c2nsnc12,3.7128904498310447
*c1cc2cc3sc(c4cc(*)cc(C(F)F)c4)cc3cc2s1,2.7329765581759435
*c1ccc2c(c1)S(=O)(=O)c1cc(c4cc(*)nc5cnccc45)ccc1-2,3.2823461552819087
*c1ccc2c(c3ccc(*)cc3)ccnc2c1,2.569464176635789
*c1ccc(c3nccc4nc(*)sc34)c2nsnc12,4.058807178658092
*c1cc2ccc3cc(c5ccc6c(-c7c(O)ccc8cc(*)ccc78)c(O)ccc6c5)cc4ccc(c1)c2c34,2.5542999563960045
*c1cc2cc3sc(c4nc(*)cn5c(Cl)cnc45)cc3cc2s1,3.08245236669576
*c1cc2ccc3cc(c5cc(*)c6[nH]ccc6c5)cc4ccc(c1)c2c34,2.3829804816390547
*c1ccc2c(c1)S(=O)(=O)c1cc(c4cc(*)c(O)c(F)c4F)ccc1-2,2.803202393660097
*c1ccc(-c2ccc(c3cc(F)cc(*)c3OC(C)C)s2)s1,2.712352897249372
*c1ccc(-c2ccc(c3ccc(*)nc3N)s2)s1,2.80962175648392
*c1cc2ccc3cc(c5cc(*)c6c(c5)CCCN6)cc4ccc(c1)c2c34,2.3482282652726303
*c1cc(F)c(c2cccc(*)c2C#N)cc1F,2.6334089478707723
*c1sc(c3cc(F)c(*)cc3F)c2c1OCCO2,2.940316873854213
*c1cc(F)c(c2nc(*)c(N)cc2C)cc1F,1.8461632852155443
*c1cccc2c1sc1c(c4ccc(-c5ccc(*)s5)s4)cccc12,2.700147935485474
*c1cc2ccc3cc(c5cnc(*)c(C(=O)O)c5)cc4ccc(c1)c2c34,2.752488773183132
*c1ccnc2c(c3cc(F)c(*)cc3F)cccc12,2.809958297224924
*c1ccc2c(c1)[nH]c1cc(c4nccc5nc(*)sc45)ccc12,2.903057162523946
*c1cc2ccc3cc(c5nc(*)nn5COC)cc4ccc(c1)c2c34,2.58694267544199
*c1cc2cc3sc(c4ccc5c(c4)c4cc(*)ccc4n5CC)cc3cc2s1,2.1910398310430077
*c1cc2cc3sc(c4cncc(*)c4C(=O)O)cc3cc2s1,2.9325506925813194
*c1ccc2c(c1)[nH]c1cc(c4cc(*)c(C)s4)ccc12,1.9836514065452413
*c1cc2cc3sc(c4cc(F)cc(*)c4N)cc3cc2s1,2.3380457208180765
*c1ccc2c(c1)C(C)(C)c1cc(c4c(F)c(*)c(F)c(F)c4F)ccc1-2,2.5839326330540584
*c1ccc(-c2ccc(c3nc(*)n(C)c3C)s2)s1,2.4299086990000127
*c1ccc2c(c1)[nH]c1cc(c4cccc(*)c4Cl)ccc12,1.81213155137074
*c1cc2cc3sc(c4cc(*)cc(OC(F)F)c4N)cc3cc2s1,2.352700506851978
*c1ccc(c2cc(C(=O)O)cc(*)c2O)cc1,2.2307866483772045
*c1ccc(-c2ccc(c3ccnc(*)c3)s2)s1,2.988712155430127
*c1ccc2c(c1)[nH]c1cc(c4nc(*)[nH]c4C(F)(F)F)ccc12,2.085007696359412
*c1cc2cc3sc(c4cccc(*)[n+]4[O-])cc3cc2s1,2.9130223644103137
*c1cc2cc3sc(c4ccc(*)c5cc[nH]c45)cc3cc2s1,2.546796756876616
*c1ccc2c(c1)S(=O)(=O)c1cc(c4ccc(*)cc4NC(=O)c4ccccc4)ccc1-2,2.7897653946717305
*c1ccc2c(c1)[nH]c1cc(c4nccc(*)n4)ccc12,2.540986673523049
*c1ccc2c(c1)C(C)(C)c1cc(c4cccc(*)c4CC(=O)O)ccc1-2,2.058217805390022
*c1cc(c3ccc(*)cc3)nn2ccnc12,2.9738205074706388
*c1ccc2c(c1)[nH]c1cc(c4cc5c(c(*)c4N)OC(F)(F)O5)ccc12,2.0357626106424704
*c1cc(F)c(c2cc(*)cc(F)c2C)cc1F,2.2300848695793483
*c1cc(F)c(c2cc(C=O)cc(*)c2OC(C)=O)cc1F,3.157248438546441
*c1cc2ccc3cc(c5cc6c(cc5*)C(=O)OC6=O)cc4ccc(c1)c2c34,3.8383895884878942
*c1ccc(c2ccc(C=O)c(*)c2)cc1,2.939862825254836
*c1ccc2c(c1)S(=O)(=O)c1cc(c4cc(*)c(Cl)c(C#N)c4N)ccc1-2,2.729867853421403
*c1ccc2c(c1)C(C)(C)c1cc(c4ccc(OC)c(*)c4)ccc1-2,2.0025018133033967
*c1cc2ccc3cc(c5ccc(*)[nH]5)cc4ccc(c1)c2c34,2.331381611688757
*c1ccc2c(c1)[nH]c1cc(c4ccc(*)c(C#N)c4)ccc12,2.3318316829867287
*c1ccc2c(c1)S(=O)(=O)c1cc(c4cc(F)c(*)cc4[N+](=O)[O-])ccc1-2,3.601879592959458
*c1ccc2c(c1)c1cc(c5cc6cc7sc(*)cc7cc6s5)ccc1n2CC(O)CNc1ccccc1,2.2383109719423864
*c1ccc(c3ccc(*)cc3)c(NC(=S)c2ccccc2)c1,2.641527054476488
*c1ccc2c(c1)[nH]c1cc(c4cnc(F)c(*)c4)ccc12,2.0984813260965733
*c1ccc2c(c1)[nH]c1cc(c4cc(*)c(Cl)c(C#N)c4N)ccc12,2.098876687446908
*c1ccc(c3ncc(*)c(N)c3N)c2nsnc12,3.4069748477803863
*c1ccc2c(c1)[nH]c1cc(c4ccc(CO)c(*)c4)ccc12,1.74498611409018
*c1ccc(c3cc(*)c(OC)c(C(=O)O)c3OC)c2nsnc12,3.8964043851135584
*c1ccc2c(c1)C(C)(C)c1cc(c4cc(C#N)cc(*)c4O)ccc1-2,2.2811483379661306
*c1cc2ccc3cc(c5nc6ncccc6cc5*)cc4ccc(c1)c2c34,2.925457042134818
*c1ccc(c2cc(*)nnc2N)cc1,2.301621849851472
*c1ccc(c3nc(*)sc3C=O)c2nsnc12,4.261358710251592
*c1ccc(c2cc(F)cc(*)c2OC(C)C)cc1,1.9089428264590216
*c1ccc2c(c1)S(=O)(=O)c1cc(c4cc(OC)cc(*)n4)ccc1-2,2.8388971450930702
*c1cc2ccc3cc(c5cc(*)c6c(c5)OCCC6=O)cc4ccc(c1)c2c34,2.7796037172064336
*c1ccc(c2ccc(*)c(OC(F)F)c2)cc1,2.2512228184407928
*c1ccc2c(c1)C(C)(C)c1cc(c4ccc5c6ccc(*)cc6n(CC)c5c4)ccc1-2,2.068164179226428
*c1ccc(c3ncc(*)cc3[N+](=O)[O-])c2nsnc12,4.235015431039347
*c1cc2ccc3cc(c5nc(*)cn(C)c5=O)cc4ccc(c1)c2c34,2.769993474774383
*c1ccc2c(c1)c1cc(c5ccc6c(c5)C(C)(C)c5cc(*)ccc5-6)ccc1n2CC(O)CNc1ccccc1,1.883380203738008
*c1cc2cc3sc(c4cc(C=O)c(*)cc4C=O)cc3cc2s1,3.718164441991133
*c1cnc2c(c3cc(F)c(*)cc3F)cc(C)cn12,2.2630909484515858
*c1ccc(-c2ccc(c3cc(*)c(Cl)c(C#N)c3N)s2)s1,2.6806321689752552
*c1ccc2c(c1)S(=O)(=O)c1cc(c4cc(*)sc4C(=O)O)ccc1-2,3.39638684840373
*c1cc2cc3sc(c4cc([N+](=O)[O-])c(*)cc4C)cc3cc2s1,3.4851203524359176
*c1ccc2c(c1)S(=O)(=O)c1cc(c4ccc5c(c4)C(=O)c4ccc(*)cc4C5=O)ccc1-2,4.144991898973136
*c1cc2ccc3cc(c5cc(*)c(Cl)nc5N)cc4ccc(c1)c2c34,2.5448547028385144
*c1ccc2c(c1)S(=O)(=O)c1cc(c4c(C(=O)OC)cc(*)cc4C(=O)OC)ccc1-2,3.093475198058408
*c1ccc2ccc3c(c5ccc6c(c5)C(C)(C)c5cc(*)ccc5-6)ccc4ccc1c2c43,2.6522590227585523
*c1ccc2c(c1)[nH]c1cc(c4nc5cc(*)ccn5n4)ccc12,2.262123359919669
*c1ccc(-c2ccc(c3cccc(*)c3CC)s2)s1,2.4063294514467617
*c1cnc(c3ccc(*)cc3)c2ncnn12,3.278067259887745
*c1ccc2c(c1)C(C)(C)c1cc(c4c(F)cc(F)c(*)c4F)ccc1-2,2.3896976796472327
*c1cc2cc3sc(c4ncc(*)s4)cc3cc2s1,3.254730632462772
*c1ccc2c(c1)C(C)(C)c1cc(c4cc(OC(F)F)cc(*)c4N)ccc1-2,2.055478983005193
*c1ccc(c3cc(*)cc(N)c3C)c2nsnc12,3.4481867881118875
*c1ccc2c(c1)C(C)(C)c1cc(c4cc(*)cc(C)c4)ccc1-2,2.067464310434722
*c1ccc(-c2ccc(c3sc(*)c4c3OCCO4)s2)s1,3.023097053823108
*c1ccc2c(c1)-c1cc(c4ccc(*)c5nsnc45)ccc1S2(=O)=O,3.794112379661465
*c1ccc(c3cc(*)cn(C)c3=O)c2nsnc12,3.641047494494568
*c1ccc(-c2ccc(c3sc(*)cc3C=O)s2)s1,3.537055897216673
*c1ccc2c(c1)C(C)(C)c1cc(c4cc(*)cc(N)c4C(=O)O)ccc1-2,2.405111167541121
*c1ccc2c(c1)[nH]c1cc(c4cc(C(F)(F)F)cc(*)n4)ccc12,2.445896897574295
*c1ccc(c3cc(*)cc(C(=O)O)c3)c2nsnc12,3.831475762840115
*c1cc2cc3sc(c4ccc(*)c(NC(=S)c5ccccc5)c4)cc3cc2s1,2.944760832035151
*c1ccc2c(c1)C(C)(C)c1cc(c4cc(*)ccc4CC#N)ccc1-2,2.135088606687888
*c1ccc(c3cc(*)c([N+](=O)[O-])cn3)c2nsnc12,4.314207733542482
*c1cc(F)c(c2cc(*)c(C=O)c(F)c2)cc1F,3.363149240726147
*c1ccc(c2cc(*)c(N)c(C)c2Cl)cc1,1.5146566794276453
*c1cc(F)c(c2cc(*)sc2C(=O)O)cc1F,3.415577728957085
*c1ccc(-c2ccc(c3nc(*)n(C)n3)s2)s1,2.788319654930852
*c1ccc2c(c1)sc1cc(c4ccc(*)c5nsnc45)ccc12,3.692743872885538
*c1ccc2c(c1)S(=O)(=O)c1cc(c4cc(*)c(=O)n(C)c4C)ccc1-2,2.6947576136502187
*c1ccc(c3cccc(*)c3)c2nsnc12,3.596468774271527
*c1ccc2c(c1)C(C)(C)c1cc(c4cc(*)ccc4-c4ccccc4)ccc1-2,2.146400863769662
*c1ccc(c3cnc4c(*)cnn4c3)c2nsnc12,3.681976780078781
*c1ccc(c2cc(*)c(C=O)cn2)cc1,3.318138076125548
*c1ccc2c(c1)C(C)(C)c1cc(c4cnc(*)cc4[N+](=O)[O-])ccc1-2,3.629544267284703
*c1ccc2c(c1)S(=O)(=O)c1cc(c4cc(F)cc(*)c4N)ccc1-2,2.5477714628265726
*c1cc2ccc3cc(c5ccnc6c(*)cccc56)cc4ccc(c1)c2c34,2.6166707259363875
*c1ccc(c3cc(N)cc(*)n3)c2nsnc12,3.44533881121843
*c1sc(c3ccc(*)cc3)c2cc(C(=O)O)sc12,3.4238263729860963
*c1ccc(-c2ccc(c3ccc(*)c4cc[nH]c34)s2)s1,2.6644210078802235
*c1ccc2c(c1)S(=O)(=O)c1cc(c4cc(*)nc(OC)c4N)ccc1-2,2.58960525683457
*c1ccc(-c2ccc(c3cc(*)c(Cl)[nH]c3=O)s2)s1,2.973707071357375
*c1ccc(c3cc(*)cc(C)c3)c2nsnc12,3.5775438061842437
*c1ccc(-c2ccc(c3ncc(*)n4ccnc34)s2)s1,3.2815179338460045
*c1cc2cc3sc(c4c(Cl)cc(*)c(C)c4Cl)cc3cc2s1,2.673787652778928
*c1ccc2c(c1)C(C)(C)c1cc(c4cc(Cl)cc(*)c4OC)ccc1-2,2.2420132669988373
*c1ccc(c2cc(*)cn(C)c2=O)cc1,2.072634415858853
*c1c2ccccc2c(-c2c3ccccc3c(c7ccc(*)cc7)c3ccccc23)c2ccccc12,2.7548002383370243
*c1ccc2c(c1)[nH]c1cc(c4cc(*)c5c(c4)CCCN5)ccc12,1.4465061321114423
*c1cc2ccc3cc(c5cc(C(N)=NO)cc(*)c5OC)cc4ccc(c1)c2c34,2.5567024975958024
*c1ccc(-c2ccc(c3cc(*)cc(CC(=O)OC)c3)s2)s1,2.7445360733248565
*c1ccc2c(c1)[nH]c1cc(c4cc(*)cc(CC)c4N)ccc12,1.4515731828221354
*c1ccc2c(c1)S(=O)(=O)c1cc(c4c[nH]c5nc(C)c(*)cc45)ccc1-2,2.4947845303483698
*c1ccc2c(c1)C(C)(C)c1cc(c4cc(*)c5ncnc(Cl)c5c4)ccc1-2,3.163898904383021
*c1ccc(c3cc(F)c(*)cc3C#N)c2nsnc12,3.951417023319353
*c1c[nH]c2ncc(c3cc(F)c(*)cc3F)nc12,2.723882219918454
*c1ccc2c(c1)S(=O)(=O)c1cc(c4ccc5c(c4)[nH]c4cc(*)ccc45)ccc1-2,2.6135706353621444
*c1cc(F)c(c2cc(*)c(F)cn2)cc1F,2.8429322189799926
*c1cc(F)c(c2c(F)c(F)c(*)c(F)c2F)cc1F,2.9071192850900496
*c1cc2ccc3cc(c5cc(Cl)cc(*)c5[N+](=O)[O-])cc4ccc(c1)c2c34,3.4008404045159173
*c1ccc2c(c1)C(C)(C)c1cc(c4c(F)c(F)c(*)c(F)c4F)ccc1-2,2.743500660143161
*c1ccc2c(c1)S(=O)(=O)c1cc(c4ccc(OC(F)(F)F)cc4*)ccc1-2,2.9042860426288417
*c1ccc2c(c1)S(=O)(=O)c1cc(c4cc(*)cc(O)c4)ccc1-2,2.621077776112372
*c1ccc(c2cc(*)c(N)c(Cl)c2Cl)cc1,1.8302460566660463
*c1ccc2c(c1)C(C)(C)c1cc(c4nc(*)cnc4C(=O)OC)ccc1-2,3.1532773274563355
*c1cc(F)c(c2ccc(C)c(*)c2C)cc1F,1.658714122173126
*c1cc2ccc3cc(c5c(*)cncc5C(=O)O)cc4ccc(c1)c2c34,2.8135605001714747
*c1ccc(c2cc(C(=O)OC)[nH]c2*)cc1,2.081570171866458
*c1cc2cc3sc(c4cc(*)c(F)cn4)cc3cc2s1,3.0592830834185394
*c1ccc(-c2ccc(c3cc(CCCC)cc(*)c3N)s2)s1,2.304587113430941
*c1cc(F)c(c2cccc(*)c2C(=O)O)cc1F,2.533705310992729
*c1ccc(-c2ccc(c3cc(C(=O)O)cc(*)c3OC)s2)s1,2.92975681681294
*c1ccc(-c2ccc(c3[nH]nc4ccc(*)cc34)s2)s1,2.909654311000038
*c1ccc2c(c1)[nH]c1cc(c4ccc(*)c5ccccc45)ccc12,2.0471992926983464
*c1ccc(c2c(I)c(*)cc(C)c2[N+](=O)[O-])cc1,3.191863568313487
*c1ccc2c(c1)[nH]c1cc(c4ncc(*)cc4C#N)ccc12,2.657098638593228
*c1cc2cc3sc(c4ccc(*)c(O)c4)cc3cc2s1,2.7768109714739726
*c1ccc(-c2ccc(c3[nH]nc4cc(*)ncc34)s2)s1,2.9875368025652245
*c1ccc2c(c1)[nH]c1cc(c4cc(*)c(N)c(OC(F)(F)F)c4)ccc12,2.20969300768302
*c1ccc2c(c1)S(=O)(=O)c1cc(c4cc(Cl)cn5c(*)cnc45)ccc1-2,2.8521199586397774
*c1ccc(c3cc(F)c(*)cc3F)c2nsnc12,3.890338576470537
*c1cc2ccc3cc(c5cccc(*)c5C(=O)OC)cc4ccc(c1)c2c34,2.706190042842631
*c1cc2ccc3cc(c5cc(*)c(OCCCC)c(C=CC(=O)O)c5)cc4ccc(c1)c2c34,2.833880480141316
*c1ccc2c(c1)C(C)(C)c1cc(c4cc(C)c(*)cn4)ccc1-2,2.362621211149317
*c1ccc(c3cc(N)cc(*)c3F)c2nsnc12,3.507390336248657
*c1ccc(-c2ccc(c3nc(*)cn4cc(C(=O)OCC)nc34)s2)s1,3.243621000392332
*c1ccc(c2ccc(*)c(OC)c2)cc1,1.861229329350272
*c1cc2cc3sc(c4cc(*)ccc4OCc4ccccc4)cc3cc2s1,2.380095061614841
*c1ccc(c3cc(*)cc4ncccc34)c2nsnc12,3.697350729381212
*c1cc2ccc3cc(c5cc(*)c(F)c(C)c5)cc4ccc(c1)c2c34,2.5320421737766936
*c1ccc(-c2ccc(c3nc(*)c(C(=O)O)s3)s2)s1,3.660219316880273
*c1ccc(c2cc(C)cc(*)c2[N+]#[C-])cc1,1.9940226938716892
*c1ccc(c2[nH]c(*)nc2C(=O)OC)cc1,2.4180752598389805
*c1ccc(c3cc(F)c(*)cc3F)c2cnccc12,2.7276575932887788
*c1ccc(c3cc4c(c(*)c3N)OC(F)(F)O4)c2nsnc12,3.780809708062534
*c1ccc2c(c1)S(=O)(=O)c1cc(c4cc(*)nc(C(=O)OC)c4OC)ccc1-2,3.074574070436916
*c1ccc2c(c1)[nH]c1cc(c4cccc(*)c4F)ccc12,1.855808807811802
*c1ccc(c2ccnc(*)c2C=O)cc1,2.972885197065326
*c1ccc(-c2ccc(c3cc(F)c(*)c(Cl)c3)s2)s1,3.150323459767156
*c1ccc2c(c1)C(C)(C)c1cc(c4c(Cl)ccc(*)c4Cl)ccc1-2,2.263387456848852
*c1ccc(c3ncc(*)nc3N)c2nsnc12,3.820672843805765
*c1ccc(c3nc(*)n[nH]3)c2nsnc12,3.7911676723890855
*c1ccc2c(c1)[nH]c1cc(c4ccc5c(c4)c4cc(*)ccc4n5CC)ccc12,1.5636895940840718
*c1cc2cc3sc(c4cc(F)c(N)c(*)c4F)cc3cc2s1,2.355328014112078
*c1ccc2c(c1)S(=O)(=O)c1cc(c4nccc5nc(*)sc45)ccc1-2,3.469547257498279
*c1ccc(c3cc(*)c(N)c(OC)c3)c2nsnc12,3.452987917639459
*c1ccc2c(c1)[nH]c1cc(c4cc(*)c([N+](=O)[O-])cn4)ccc12,3.5343141531210502
*c1ccc(-c2ccc(c3ccc(C)cc3*)s2)s1,2.5571812981309927
*c1ccc2c(c1)S(=O)(=O)c1cc(c4cc(OC)c(OC)cc4*)ccc1-2,2.6556422631637067
*c1ccc(c2cc(O)c(*)cc2O)cc1,1.8462330652999293
*c1ccc(-c2ccc(c3c(C)c(Cl)cc(*)c3N)s2)s1,2.423922053432864
*c1nc(c3cc(F)c(*)cc3F)cn2ncnc12,3.1273225877116646
*c1cc2ccc3cc(c5cc(N)c([N+](=O)[O-])c(*)n5)cc4ccc(c1)c2c34,3.323127409440046
*c1ccc2c(c1)C(C)(C)c1cc(c4cc(C(C)C)cc(*)c4N)ccc1-2,1.804505141250872
*c1ccc(c3cc(*)c(F)c(C#N)c3N)c2nsnc12,3.664463908588973
*c1cc2cc3sc(c4cc(*)cc(CC)c4N)cc3cc2s1,2.1510825243596807
*c1ccc(c3cc(OC)c(O)c(C=O)c3*)c2nsnc12,3.871500730188502
*c1ccc(-c2ccc(c3ccc(*)c(O)c3)s2)s1,2.854090141038518
*c1ccc2c(c1)S(=O)(=O)c1cc(c4cc(C(=O)OCC)c(*)s4)ccc1-2,3.3309645303518423
*c1ccc2c(c1)C(C)(C)c1cc(c4cc(C(=O)O)c(*)cn4)ccc1-2,2.945216811469616
*c1ccc(-c2ccc(c3cc(*)c(F)c(Cl)c3)s2)s1,2.9672044615003283
*c1ccc2c(c1)S(=O)(=O)c1cc(c4cc(*)cc5sc(N)nc45)ccc1-2,2.547817920507058
*c1ccc2c(c1)S(=O)(=O)c1cc(c4ccc(O)c(*)c4)ccc1-2,2.596980613750789
*c1cc(F)c(c2cc(*)cc(C(=O)Cl)c2)cc1F,3.345974188802911
*c1cc(F)c(c2c(O)cc(O)c(*)c2O)cc1F,1.87890183342082
*c1cc(c3ccc(*)cc3)c(OCc2ccccc2)c(C=O)c1,2.778942969144341
*c1cc2ccc3cc(c5cc(C(=O)O)cc(*)n5)cc4ccc(c1)c2c34,2.962009240564176
*c1ccc2c(c1)C(C)(C)c1cc(c4cnc(*)nc4)ccc1-2,2.851698978708446
*c1ccc2c(c1)S(=O)(=O)c1cc(c4cc5c(s4)-c4sc(*)cc4C5=O)ccc1-2,3.963649695431916
*c1ccc2c(c1)[nH]c1cc(c4c[nH]c5nc(C)c(*)cc45)ccc12,1.6600709720090003
*c1ccc2c(c1)S(=O)(=O)c1cc(c4cccc(*)c4OC)ccc1-2,2.670853529678212
*c1cc(F)c(c2cc(*)cc(C(=O)O)c2OC)cc1F,2.521234984714757
*c1ccc2c(c1)C(C)(C)c1cc(c4cc(OC)cc(*)c4O)ccc1-2,2.083112137203376
*c1ccc2c(c1)C(C)(C)c1cc(c4ccc(*)c(NN)c4)ccc1-2,1.9552870901818649
*c1cc2cc3sc(c4ccc(OC(C)C(=O)Cl)c(*)c4)cc3cc2s1,2.635823809608641
*c1ccc(-c2ccc(c3cc(C(N)=NO)cc(*)c3OC)s2)s1,2.69443259493733
*c1ccc(c3cc4sc(*)cc4s3)c2nsnc12,3.872524118829351
*c1c2ccccc2c(-c2c3ccccc3c(c7ccc8c(c7)C(C)(C)c7cc(*)ccc7-8)c3ccccc23)c2ccccc12,2.997299169394241
*c1cc2ccc3cc(c5ccc(Cl)c(*)c5)cc4ccc(c1)c2c34,2.5976025723012546
*c1ccc(-c2ccc(c3cnc(*)c(O)c3)s2)s1,3.0452103606880576
*c1ccc2c(c1)C(C)(C)c1cc(c4ccc(*)c(Cl)c4F)ccc1-2,2.439811136363831
*c1ccc(-c2ccc(c3cc(C=O)c(*)cn3)s2)s1,3.5037660107430346
*c1cc(c3ccc(*)cc3)cc2c1OCC2,1.637714259266497
*c1ccc(c3cnc(*)cn3)c2nsnc12,4.059448542946691
*c1ccc2c(c1)S(=O)(=O)c1cc(c4nnc(*)cc4C)ccc1-2,3.111671124234753
*c1ccc(c3ccc(*)c(N)c3)c2nsnc12,3.494282079205151
*c1cc2cc3sc(c4cc(F)c(F)c(*)c4N)cc3cc2s1,2.409495150932508
*c1ccc(c3ccc(*)c(N=C=S)c3)c2nsnc12,3.807117550324656
*c1cc2cc3sc(c4cncc(*)c4N)cc3cc2s1,2.3119218127557053
*c1ccc(c3cc(C(=O)OC)c(*)o3)c2nsnc12,4.127427533066758
*c1ccc(c3cc(*)c(N)c(C)c3[N+](=O)[O-])c2nsnc12,3.7611989405640536
*c1ccc2c(c1)S(=O)(=O)c1cc(c4cc(C(=O)NN)cc(*)c4O)ccc1-2,2.6989966521779944
*c1cc2cc3sc(c4cc(*)ccc4C(N)=O)cc3cc2s1,2.658480353077207
*c1ccc2c(c1)C(C)(C)c1cc(c4ccc5c(c4)C(=O)C(=O)c4cc(*)ccc4-5)ccc1-2,4.118887125835814
*c1ccc2c(c1)C(C)(C)c1cc(c4ccnc(*)c4[N+](=O)[O-])ccc1-2,3.3409126392946304
*c1cc(F)c(c2cc(Cl)cc(*)c2[N+](=O)[O-])cc1F,3.774851405844978
*c1cc2ccc3cc(c5cc(OC)cc(*)c5N)cc4ccc(c1)c2c34,2.431841240575753
*c1cc2ccc3cc(c5cc(*)c(F)nc5C)cc4ccc(c1)c2c34,2.624157685723885
*c1ccc2c(c1)[nH]c1cc(c4cc(CC)c(*)s4)ccc12,2.235289367095013
*c1cc2ccc3cc(c5ccc(*)nc5C(=O)OCC)cc4ccc(c1)c2c34,2.696306752570995
*c1ccc2c(c1)S(=O)(=O)c1cc(c4cc(*)cc(C(=O)Cl)c4)ccc1-2,3.2945123010080977
*c1ccc(c3cc(N)cc(*)c3C)c2nsnc12,3.464182440555631
*c1cc2ccc3cc(c5cc(*)cc(C(=O)Cl)c5)cc4ccc(c1)c2c34,3.1757397564840675
*c1ccc(c2ccc(*)o2)cc1,2.3072595866908587
*c1ccc2c(c1)C(C)(C)c1cc(c4cc(*)c5[nH]ccc5c4)ccc1-2,1.888177116121607
*c1ccc2c(c1)S(=O)(=O)c1cc(c4ccc(-c5ccc(*)s5)s4)ccc1-2,3.204233883917751
*c1ccc2c(c1)C(C)(C)c1cc(c4cc(F)c(*)c(Cl)c4)ccc1-2,2.440578925169324
*c1ccc(c3cc(*)c(N)c(C(C)=O)c3)c2nsnc12,3.5572307619041
*c1ccc(-c2ccc(c3cc(C=CC(=O)O)cc(*)c3OCCC)s2)s1,2.872057546641876
*c1cc2cc3sc(c4ccc(*)c(C)n4)cc3cc2s1,2.8857559363639025
*c1ccc2c(c1)[nH]c1cc(c4ccc(O)c(*)c4)ccc12,1.6725229757980236
*c1ccc2c(c1)[nH]c1cc(c4ccc(*)cc4C(F)(F)F)ccc12,2.1106680076251134
*c1cc2ccc3cc(c5cc(*)c(OCC)c(C=CC(=O)O)c5)cc4ccc(c1)c2c34,2.788449974823827
*c1cc2cc3sc(c4cc(C(=O)NN)cc(*)c4O)cc3cc2s1,2.5747616477071458
*c1ccc(-c2ccc(c3cc(OC(F)F)cc(*)c3N)s2)s1,2.5151269519459616
*c1ccc(c2cc(N)cc(*)c2C)cc1,1.2067008537436017
*c1cc2cc3sc(c4cc(*)c(Cl)c(C(C)C)c4)cc3cc2s1,2.7162966549522425
*c1ccc2c(c1)C(=O)C(=O)c1cc(c4ccc(*)c5nsnc45)ccc1-2,4.276789007826997
*c1ccc(-c2ccc(c3cc(*)nnc3N)s2)s1,2.890619175097445
*c1ccc2c(c1)C(C)(C)c1cc(c4cc(OC)c(O)c(C=O)c4*)ccc1-2,2.7920015593274403
*c1cc2ccc3cc(c5cc(C=CC(=O)O)cc(*)c5OCC)cc4ccc(c1)c2c34,2.750527981163017
*c1cc2cc3sc(c4cc(*)c(F)c(F)c4)cc3cc2s1,2.8455019812134448
*c1ccc(c3cnc4cc(*)cnc4c3)c2nsnc12,3.8686186291208458
*c1ccc(c2cc(*)c(O)c(CBr)c2)cc1,1.746075548604431
*c1ccc2c(c1)C(=C(C#N)C#N)c1cc(c4ccc(-c5ccc(*)s5)s4)ccc1-2,4.072100011259013
*c1ccc2c(c1)[nH]c1cc(c4cnc5[nH]cc(*)c5c4)ccc12,1.7615798634592517
*c1cc2ccc3cc(c5nccc6[nH]cc(*)c56)cc4ccc(c1)c2c34,2.44763393265416
*c1cc2cc3sc(c4cnc(*)c(O)c4)cc3cc2s1,2.9793160805400696
*c1ccc2c(c1)S(=O)(=O)c1cc(c4cccc(*)n4)ccc1-2,2.8564512584298924
*c1ccc(c2cc([N+](=O)[O-])cc(*)n2)cc1,3.824786436212211
*c1cc2ccc3cc(c5cc(*)cc(CC(=O)O)c5)cc4ccc(c1)c2c34,2.552814988995943
*c1ccc(-c2ccc(c3ccc(*)nc3C(=O)OCC)s2)s1,3.223405232333575
*c1cc(F)c(c2ccc(*)c(C(=O)OCC)c2)cc1F,2.6295964195737103
*c1ccc(-c2ccc(c3cc(C(=O)OC)c(*)[nH]3)s2)s1,2.8293513969821986
*c1cc2cc3sc(c4nccc(*)c4N)cc3cc2s1,2.5142297281603607
*c1cc(F)c(c2cc(S(N)(=O)=O)cc(*)c2N)cc1F,1.795695034721042
*c1ncc(c3ccc(*)cc3)c2[nH]ccc12,2.075854538052585
*c1ccc(-c2ccc(c3cc(C)cc(*)c3Cl)s2)s1,2.6687813543128365
*c1cc2ccc3cc(c5cc(*)cc(C=O)c5F)cc4ccc(c1)c2c34,2.9380648695999287
*c1ccc2c(c1)S(=O)(=O)c1cc(c4c([N+](=O)[O-])c(*)nn4C)ccc1-2,3.367186161550374
*c1ccc(c2cc(C)cc(*)c2F)cc1,1.8212137621521085
*c1ccc2c(c1)S(=O)(=O)c1cc(c4cc(*)cc([N+](=O)[O-])c4)ccc1-2,3.538683097148744
*c1ccc(-c2ccc(c3cc(C(F)(F)F)cc(*)n3)s2)s1,3.09744493454472
*c1cc(F)c(c2c(F)ncc(*)c2C)cc1F,2.2211320982783795
*c1cc(F)c(c2cc(*)ccc2S)cc1F,2.0888321362099465
*c1ccc2c(c1)S(=O)(=O)c1cc(c4cc(*)c5cn[nH]c5c4)ccc1-2,2.7252819010889517
*c1ccc(c3cc(*)c4c(c3)OCCC4=O)c2nsnc12,3.8393853183639735
*c1ccc(c3ccc(*)c4nonc34)c2nsnc12,4.191153880533955
*c1ccc(c2cc(F)cc(*)c2OC)cc1,1.9731398062311905
*c1ccc2c(c1)S(=O)(=O)c1cc(c4cc(F)cc(*)c4F)ccc1-2,2.852356407930846
*c1ccc2c(c1)S(=O)(=O)c1cc(c4nc5cc(*)ccn5n4)ccc1-2,2.940917957253664
*c1ccc(-c2ccc(c3ccc(*)cc3)cn2)nc1,2.674086763155749
*c1ccc(c3cc(*)c(N)c(C)c3F)c2nsnc12,3.4957788587415086
*c1ccc(c2ccc(*)c(N=C=S)c2)cc1,2.310958644692989
*c1cc(F)c(c2cc(CCCCCC)c(*)s2)cc1F,2.7739219887279365
*c1ccc(-c2ccc(c3sc(*)c(C(=O)O)c3C(=O)O)s2)s1,3.70966521869057
*c1ccc2c(c1)C(C)(C)c1cc(c4ccc(C(=O)O)c(*)c4OC(F)F)ccc1-2,2.8283899485360258
*c1cc2sc3cc(c4ccc(*)cc4)sc3c2s1,2.8963089410940683
*c1ccc(c2ccc(*)cc2CC)cc1,1.6122785531205088
*c1ccc2c(c1)S(=O)(=O)c1cc(c4cc(C)cc(*)c4F)ccc1-2,2.707163031070002
*c1ccc(c2csc(*)n2)cc1,2.598487696965143
*c1ccc(-c2ccc(c3cc(F)c(C)c(*)c3N)s2)s1,2.398633669786254
*c1cc(F)c(c2cc(*)cc(N)c2)cc1F,1.8447874960114152
*c1ccc(c3cc(*)cc(C)n3)c2nsnc12,3.7321116223667454
*c1ccc(c2c(N)c(C)cc(*)c2Cl)cc1,1.3561565634377075
*c1cc2ccc3cc(c5ccc(N)c(*)c5)cc4ccc(c1)c2c34,2.371382111535474
*c1cc2cc3sc(c4cc(*)cc(C=O)c4F)cc3cc2s1,3.0831361589782
*c1cc2ccc3cc(C5=CC=C(*)S5(=O)=O)cc4ccc(c1)c2c34,3.447480270862911
*c1ccc2c3ccc(c5ccc6c(c5)[nH]c5cc(*)ccc56)cc3c3ccccc3c2c1,2.165933292109508
*c1ccc2c(c1)C(C)(C)c1cc(c4cc(C(=O)O)nc(*)c4O)ccc1-2,2.73864634597812
*c1ccc(-c2ccc(c3c(F)cc(F)c(*)c3[N+](=O)[O-])s2)s1,3.552101519102881
*c1ccc2c(c1)C(C)(C)c1cc(c4cc(*)cc(C)c4[N+](=O)[O-])ccc1-2,3.2904619286649943
*c1ccc2c(c1)S(=O)(=O)c1cc(c4cc(*)c5c(=O)[nH][nH]c5c4)ccc1-2,2.737910904572981
*c1cc2ccc3cc(c5cccc6nc(*)nn56)cc4ccc(c1)c2c34,2.585398067471059
*c1ccc2c(c1)C(C)(C)c1cc(c4ccc(*)cc4CC)ccc1-2,2.0245857612834977
*c1ccc2c(c1)S(=O)(=O)c1cc(c4cc([N+](=O)[O-])c(*)cc4C)ccc1-2,3.471818531575881
*c1cc(F)c(c2cc(C)c(*)c(C)c2)cc1F,1.8819150943910896
*c1ccc(-c2ccc(c3cc(F)c(F)cc3*)s2)s1,2.8635643828176818
*c1ccc2c(c1)S(=O)(=O)c1cc(c4cncc(*)c4C#N)ccc1-2,3.209791730323912
*c1cc(c5ccc6c(c5)C(C)(C)c5cc(*)ccc5-6)c2ccc3cc(C(C)(C)C)cc4ccc1c2c43,2.69738766830496
*c1cc(F)c(c2c(N)c(*)cc(F)c2Cl)cc1F,2.0974747765465693
*c1ccc2c(c1)[nH]c1cc(c4ncc(*)cc4Cl)ccc12,2.345863951825099
*c1ccc2c(c1)C(C)(C)c1cc(c4ccc5ccc(*)nc5c4)ccc1-2,2.6931725384764
*c1ccc2c(c1)[nH]c1cc(c4ccc5[nH]c6c([N+](=O)[O-])cc(*)cc6c5c4)ccc12,3.298414187058177
*c1ccc(c3cc(*)ccc3F)c2nsnc12,3.695099533425013
*c1ccc2c(c1)S(=O)(=O)c1cc(c4cc(O)c(*)cc4C#N)ccc1-2,2.9400996222666658
*c1cc2cc3sc(c4c(CC)cc(*)cc4CC)cc3cc2s1,2.3912522864181027
*c1cc2ccc3cc(c5c6ccccc6c(*)c6nsnc56)cc4ccc(c1)c2c34,3.904469107310215
*c1ccc2c(c1)S(=O)(=O)c1cc(c4csc(*)n4)ccc1-2,3.0764778139302984
*c1cc2ccc3cc(c5cc(*)c6c(c5)C(C)(C)C(=O)N6)cc4ccc(c1)c2c34,2.523920876991899
*c1cc2ccc3cc(c5cc(*)cc(CNC6CCC(O)CC6)c5N)cc4ccc(c1)c2c34,2.303539285827934
*c1cc2cc3sc(c4nccc5[nH]cc(*)c45)cc3cc2s1,2.34168850472237
*c1ccc(-c2ccc(c3ccc4c(c3)c(*)cn4C(=O)OC(C)(C)C)s2)s1,2.584493951960823
*c1ccc(c2cc(*)cc(OC(F)(F)F)c2)cc1,2.4227752504135216
*c1ccc2c(c1)S(=O)(=O)c1cc(c4cc(*)c(N)c(C)c4Cl)ccc1-2,2.5437431723708586
*c1ccc2c(c1)C(C)(C)c1cc(c4cc(F)cc(*)c4OCC)ccc1-2,2.2247872270283
*c1cc(F)c(c2nc(*)cnc2C(=O)OC)cc1F,3.473400129686292
*c1ccc(c3cc(CC)cc(*)c3N)c2nsnc12,3.429435987594857
*c1cc2cc3sc(c4nc(*)c(C)s4)cc3cc2s1,2.8539087073062004
*c1ccc(c2cc(*)cc(C(F)(F)F)c2N)cc1,1.7643935077825288
*c1ccc2c(c1)C(C)(C)c1cc(c4nc(*)cn5c(Cl)cnc45)ccc1-2,2.8254929250287746
*c1cc2cc3sc(c4cc(*)cc(-c5ccccc5)c4)cc3cc2s1,2.5421721173269662
*c1cc2ccc3cc(c5sc(*)c6c5OCCO6)cc4ccc(c1)c2c34,2.597244072148744
*c1cc2ccc3cc(c5c(N)c(Cl)cc(*)c5Cl)cc4ccc(c1)c2c34,2.6155983353944823
*c1ccc(-c2ccc(c3cc(CCC(=O)O)cc(*)c3O)s2)s1,2.709661047400023
*c1cc2cc3sc(c4cc(*)cc(N5CCCC5)c4)cc3cc2s1,2.281036967611862
*c1ccc2c(c1)[nH]c1cc(c4cc(*)c(OC)c5ncccc45)ccc12,2.334867203774084
*c1ccc2c(c1)C(C)(C)c1cc(c4cc(*)cc(N5CCOCC5)c4)ccc1-2,1.9532260314627576
*c1ccc(c2cnc(*)c(C(=O)O)c2)cc1,2.7748409400764165
*c1ccc2c(c1)C(C)(C)c1cc(c4cc(*)c(Cl)c(Cl)c4)ccc1-2,2.442331416648356
*c1ccc(c3cc(OC)cc(*)c3Cl)c2nsnc12,3.788913378374831
*c1cc(c3ccc(*)cc3)cc2c1NC(=O)CC2,1.8289245726467764
*c1ccc2c(c1)C(C)(C)c1cc(c4sc(*)cc4C(C)=O)ccc1-2,2.9398770581437583
*c1ccc(c2cc([N+](=O)[O-])c(O)c(*)c2F)cc1,3.698162631414063
*c1ccc2c3ccc(c5ccc6c(c5)S(=O)(=O)c5cc(*)ccc5-6)cc3n(-c3ccccc3)c2c1,2.607213387535441
*c1cc2cc3sc(c4cc(*)cc(F)c4)cc3cc2s1,2.732102857639795
*c1ccc2c(c1)C(C)(C)c1cc(c4cc(*)ccc4OCC(=O)NN)ccc1-2,2.046633476332942
*c1cc2ccc3cc(c5c(C(F)(F)F)c(*)c[nH]c5=O)cc4ccc(c1)c2c34,2.680412671875703
*c1cc(F)c(c2ncc(*)cc2C#N)cc1F,3.0752656613293974
*c1ccc2c(c1)S(=O)(=O)c1cc(c4cc(C)cc(*)c4[N+]#[C-])ccc1-2,2.694350138558672
*c1cc2ccc3cc(c5cc(F)cc(*)c5Cl)cc4ccc(c1)c2c34,2.704938360740941
*c1cc2cc3sc(c4ccc5c(c4)sc4cc(*)ccc45)cc3cc2s1,2.820712204323954
*c1ccc(c3cc(*)sc3C(=O)O)c2nsnc12,4.0334175896137685
*c1ccc(-c2ccc(c3ncc(*)nc3C(=O)O)s2)s1,3.5793564529536037
*c1ccc(-c2ccc(c3ccc(*)c(Cl)c3Cl)s2)s1,3.145949653543427
*c1cc2cc3sc(c4cc([N+](=O)[O-])c(O)c(*)c4F)cc3cc2s1,3.745212082994849
*c1ccc(c2ncc(*)cc2F)cc1,2.609674197340772
*c1cc2ccc3cc(c5c(O)cc(O)c(*)c5C(=O)O)cc4ccc(c1)c2c34,2.764993586735239
*c1ccc(c2cc([N+](=O)[O-])cc(*)c2F)cc1,3.613918862670664
*c1cc2ccc3cc(c5c(C)c(*)cc(C=O)c5O)cc4ccc(c1)c2c34,2.8315973888946786
*c1ccc2c(c1)[nH]c1cc(c4ccc(*)c(C=O)c4F)ccc12,2.7960772831105114
*c1ccc2c(c1)C(C)(C)c1cc(c4cc(*)c(=O)[nH]c4C)ccc1-2,2.2142433068942533
*c1ccc2c(c1)C(C)(C)c1cc(c4ncc(*)s4)ccc1-2,2.967680755620113
*c1c(OC)cc(c3cc(F)c(*)cc3F)c2ncccc12,2.746539558894531
*c1ccc2c(c1)S(=O)(=O)c1cc(c4ccc(*)cc4C=O)ccc1-2,3.0858944377607225
*c1ccc2c(c1)S(=O)(=O)c1cc(c4cccc(*)c4)ccc1-2,2.635311339863253
*c1cc2cc3sc(c4cc(*)cc(C(=O)Cl)c4)cc3cc2s1,3.279232037696344
*c1ccc2c(c1)C(C)(C)c1cc(c4cc(*)cc(NC(C)=O)c4)ccc1-2,2.134346354085724
*c1cc2cc3sc(c4cccc(*)c4CC)cc3cc2s1,2.164473654989356
*c1ccc2c(c1)C(C)(C)c1cc(c4cc(*)c(F)c(F)c4)ccc1-2,2.3607348767373906
*c1ccc2c(c1)[nH]c1cc(c4ccc(*)cc4CC)ccc12,1.6862115992711282
*c1cc(F)c(c2cnc(*)cc2N)cc1F,2.248425090545042
*c1cc2cc3sc(c4sc(*)c(C(=O)O)c4C(=O)O)cc3cc2s1,3.636015088647724
*c1ccc(-c2ccc(c3cc(*)c(C)s3)s2)s1,2.635675967478324
*c1ccc2c(c1)S(=O)(=O)c1cc(c4cnc(*)c(N)c4)ccc1-2,2.7032950798642155
*c1ccc(-c2ccc(c3cc(C(F)(F)F)cc(*)c3N)s2)s1,2.5234384153170555
*c1ccc2c(c1)C(C)(C)c1cc(c4nc(*)c(C)nc4N)ccc1-2,2.267114474263047
*c1ccc(-c2ccc(c3ccc(C=O)c(*)n3)s2)s1,3.478954304942066
*c1ccc2c(c1)C(C)(C)c1cc(c4cnc5c(*)cc(C)cn45)ccc1-2,2.1715585588880835
*c1ccc2c(c1)[nH]c1cc(c4cc(*)c5cn[nH]c5c4)ccc12,2.01942714609355
*c1cc2ccc3cc(c5cc6c(c(*)c5N)OC(F)(F)O6)cc4ccc(c1)c2c34,2.626955621099695
*c1ccc(-c2ccc(-c3ccc(c4cc(F)c(*)cc4F)s3)s2)s1,3.2384424023568306
*c1ccc(c3ccc(*)cc3NC(=O)c3ccccc3)c2nsnc12,3.764387925034188
*c1cc(F)c(c2ccc(*)c(CCl)c2)cc1F,2.327532559303356
*c1cc2cc3sc(c4sc(*)cc4C(C)=O)cc3cc2s1,3.28792134371064
*c1ccc(c2cc(*)c(N)c([N+]([O-])=NC)c2)cc1,2.604479829977498
*c1ccc(c3ccc4c(c3)c(*)cn4C(=O)OC(C)(C)C)c2nsnc12,3.567051793958385
*c1ccc(-c2ccc(c3cc(*)cc(NC(C)=O)c3)s2)s1,2.661424561183432
*c1ccc2c(c1)C(C)(C)c1cc(c4cnc(*)c5nsnc45)ccc1-2,3.976870744499821
*c1ccc2c(c1)S(=O)(=O)c1cc(c4cnc5[nH]cc(*)c5c4)ccc1-2,2.5654268844016945
*c1ccc(c2ccc(*)cc2C=O)cc1,2.787988348543077
*c1ccc2c(c1)[nH]c1cc(c4cc(C(N)=NO)cc(*)c4OC)ccc12,1.7768018120096265
*c1cc2ccc3cc(c5nc6cc(*)ccn6n5)cc4ccc(c1)c2c34,2.5467519478220795
*c1ccc(c2c(N)c(Cl)cc(*)c2F)cc1,1.6380589529032137
*c1ccc2c(c1)S(=O)(=O)c1cc(c4ccc(C)c(*)c4C)ccc1-2,2.505888296437796
*c1ccc(-c2ccc(c3cnc(*)cc3N)s2)s1,2.706030870477628
*c1ccc(C3=CC(=O)C(*)=CC3=O)c2nsnc12,4.953223261484636
*c1cccc(c4cc(F)c(*)cc4F)c1-c1cc2cnc(N)nc2nc1N,2.3975667260392166
*c1cc(F)c(c2cc(C)cc(*)c2[N+](=O)[O-])cc1F,3.515563423568364
*c1ccc(-c2ccc(c3cc(F)cc(*)c3C=O)s2)s1,3.1709314075109325
*c1cc2ccc3cc(c5cn(C)cc(*)c5=O)cc4ccc(c1)c2c34,2.415933400196987
*c1ccc2c(c1)C(C)(C)c1cc(c4ccc(*)c5cccnc45)ccc1-2,2.603756651849289
*c1cc2cc3sc(c4cc(*)c(N)c(OC)c4)cc3cc2s1,2.186556860472672
*c1cc(F)c(c2sc(*)c(C(=O)O)c2C(=O)O)cc1F,3.565816602723104
*c1ccc(c3ccc(-c4ccc(*)s4)s3)c2nsnc12,3.828015939517762
*c1ccc(-c2ccc(c3cc(N)c(*)cc3[N+](=O)[O-])s2)s1,3.152588954570608
*c1cc2cc3sc(c4cc(*)c(F)cc4F)cc3cc2s1,2.79176534377403
*c1cc2cc3sc(c4ncc(*)c5ccccc45)cc3cc2s1,3.0464207477856124
*c1cc2cc3sc(c4cnc(*)c(N)c4)cc3cc2s1,2.6894584327366093
*c1ccc2c(c1)C(C)(C)c1cc(c4cc(O)cc(*)c4C)ccc1-2,1.890417133655393
*c1ccc(-c2ccc(c3cc(C=O)c(*)cc3C=O)s2)s1,3.713119479587472
*c1cccc2c1sc1c(c4ccc(*)cc4)cccc12,1.9502997556003283
*c1cc(c3cc(F)c(*)cc3F)nn2ccnc12,3.2471103097613048
*c1ccc2c(c1)S(=O)(=O)c1cc(c4ncc(*)s4)ccc1-2,3.3851615488714155
*c1cc2ccc3cc(c5cc([N+](=O)[O-])cc(*)c5F)cc4ccc(c1)c2c34,3.592431348309476
*c1cc2cc3sc(c4cc(*)ccc4C)cc3cc2s1,2.434060228951462
*c1ccc2c(c1)S(=O)(=O)c1cc(c4nccc(*)c4C#N)ccc1-2,3.180333338350934
*c1ccc(-c2ccc(c3ccc(*)c(CO)c3)s2)s1,2.831735289945168
*c1cc(c3ccc(*)cc3)cc2cncn12,2.112456559696978
*c1ccc2c(c1)C(C)(C)c1cc(c4cc(*)c(OCc5ccccc5)c(C=O)c4)ccc1-2,2.7447314350539607
*c1ccc2c(c1)S(=O)(=O)c1cc(c4cccc(*)c4[N+](=O)[O-])ccc1-2,3.4026058499897003
*c1ccc2c(c1)S(=O)(=O)c1cc(c4cc(*)cc5c4NC(=O)CC5)ccc1-2,2.652550689703534
*c1cc(F)c(c2nc(*)c(C)cc2C)cc1F,2.0563835492892992
*c1ccc(c2cscc2*)cc1,1.6698187869861951
*c1ccc(c3c(C)sc(*)c3C)c2nsnc12,3.621595456148337
*c1ccc2c(c1)c1cc(c5ccc6c(c5)C(C)(C)c5cc(*)ccc5-6)ccc1n2CC1CO1,1.949500772232121
*c1cc2ccc3cc(c5cc(*)c(N)cc5C)cc4ccc(c1)c2c34,2.3924622114086924
*c1ccc(c3cc(*)cc(C(F)(F)F)c3Cl)c2nsnc12,3.9495607542326754
*c1ccc(c2cc(Cl)cc(*)c2OC)cc1,2.0613549454042577
*c1ccc2c(c1)[nH]c1cc(c4cc(OC)cc(*)c4C)ccc12,1.5489081030103795
*c1cc2cc3sc(c4cc(*)c(=O)[nH]c4C)cc3cc2s1,2.6003422995232315
*c1cc(F)c(c2ccc(OC(C)C(=O)O)c(*)c2)cc1F,2.164102611142902
*c1cc2ccc3cc(c5cc(*)cc(N6CCCCC6)c5)cc4ccc(c1)c2c34,2.3567235917388323
*c1ccc2c(c1)[nH]c1cc(c4cc(C(C)(C)C)cc(*)c4O)ccc12,1.7138485856095511
*c1ccc(c3ccc(*)c(C)c3[N+](=O)[O-])c2nsnc12,3.973932444221997
*c1ccc2c(c1)C(C)(C)c1cc(c4c(I)c(*)cc(C)c4[N+](=O)[O-])ccc1-2,3.186742302413164
*c1ccc2c(c1)[nH]c1cc(c4ccc5[nH]c6ccc(*)cc6c5c4)ccc12,1.5705821526804284
*c1ccc(c3nc(C(=O)O)ccc3*)c2nsnc12,3.920295685370607
*c1cc2cc3sc(c4cc(*)c(F)c(C#N)c4N)cc3cc2s1,2.473569045270253
*c1ccc2c(c1)S(=O)(=O)c1cc(c4cc(I)c(*)cc4I)ccc1-2,2.494845724085751
*c1ccc2c(c1)[nH]c1cc(c4cc(*)c(O)c5ncccc45)ccc12,2.33335700365873
*c1ccc2c(c1)S(=O)(=O)c1cc(c4ccc5c(c4)C(=O)C(=O)c4cc(*)ccc4-5)ccc1-2,4.227906993787698
*c1ccc(c3cc(C(=O)O)c(*)cc3C(=O)O)c2nsnc12,4.114541809476491
*c1ccc2c(c1)S(=O)(=O)c1cc(c4cnc(OC)c5c(*)[nH]nc45)ccc1-2,3.027430758977744
*c1cc2ccc3cc(c5cc(*)c(OC)c(C(=O)O)c5OC)cc4ccc(c1)c2c34,2.6984064820265616
*c1ccc(c2cc(*)ccc2C(N)=O)cc1,2.039714752605636
*c1cc2cc3sc(c4cc(*)cc(CC(=O)OC)c4)cc3cc2s1,2.6317613088785947
*c1cc2cc3sc(c4cc(*)cc(OC(F)(F)F)c4)cc3cc2s1,2.8890714171722083
*c1ccc2c(c1)S(=O)(=O)c1cc(c4cc(F)cc(*)c4OC(C)C)ccc1-2,2.7623378029376453
*c1ccc(-c2ccc(c3cc(*)c(OC)cc3OC)s2)s1,2.4135469642977005
*c1ccc2c(c1)S(=O)(=O)c1cc(c4ccc5nc(*)ccc5c4)ccc1-2,3.0945107021948264
*c1cc2cc3sc(c4cc(F)c(*)cc4C#N)cc3cc2s1,3.2425466884419247
*c1ccc(c3c(O)cc(O)c(*)c3C(=O)O)c2nsnc12,3.981323359778924
*c1ccc2c(c1)C(C)(C)c1cc(c4ccc(*)nc4Cl)ccc1-2,2.6741555923128795
*c1ccc2c(c1)C(C)(C)c1cc(c4c(N)c(*)cc(C)c4Cl)ccc1-2,1.923226230990697
*c1cc2ccc3cc(c5cc(*)cc(CC#N)c5)cc4ccc(c1)c2c34,2.51674116239911
*c1ccc(-c2ccc(c3cc(*)nc(OC)c3N)s2)s1,2.5341802009583367
*c1ccc2c(c1)S(=O)(=O)c1cc(c4cccc(*)c4CC(=O)O)ccc1-2,2.761974260218461
*c1ccc(c3cc(*)nc4cnccc34)c2nsnc12,3.890640936608923
*c1ccc2c(c1)S(=O)(=O)c1cc(c4cn(C)c(*)n4)ccc1-2,2.591722260121016
*c1cc2ccc3cc(c5nc(*)c(N)cc5C)cc4ccc(c1)c2c34,2.34572447608599
*c1ccc(c3cc(OC(F)F)cc(*)c3N)c2nsnc12,3.620099046544396
*c1ccc(c3cc(*)ccc3OCC(=O)Cl)c2nsnc12,3.723098623746648
*c1ccc2c(c1)S(=O)(=O)c1cc(c4cc(*)nnc4N)ccc1-2,2.858078910649331
*c1ccc2c(c1)C(C)(C)c1cc(c4c(N)cc(C)c(*)c4C)ccc1-2,1.7286661461724486
*c1ccc2c(c1)C(C)(C)c1cc(c4nc(*)c(N)cc4C)ccc1-2,1.9240654720438688
*c1ccc(c3cscc3*)c2nsnc12,3.586308917584165
*c1ccc(-c2ccc(c3ncc(*)nc3N)s2)s1,3.0714624527936665
*c1ccc2c(c1)C(C)(C)c1cc(c4cc(*)c(C=O)cn4)ccc1-2,3.257796540909631
*c1ccc2c(c1)C(C)(C)c1cc(c4cncc(*)c4)ccc1-2,2.2603973372138912
*c1cc2cc3sc(c4cc(C=O)cc(*)c4OC)cc3cc2s1,2.9612948733640243
*c1ccc(-c2ccc(c3c(C)cc(*)cc3[N+](=O)[O-])s2)s1,3.4590639753698693
*c1ccc(-c2ccc(c3ccc(*)cc3[N+](=O)[O-])s2)s1,3.566908218647869
*c1[nH]nc2ccc(c3cc(F)c(*)cc3F)cc12,2.6777366353749974
*c1cc(c5ccc6c(c5)[nH]c5cc(*)ccc56)c2ccc3cc(C(C)(C)C)cc4ccc1c2c43,2.562404489735584
*c1cc2cc3sc(c4ccc(*)nc4Cl)cc3cc2s1,3.14608097318743
*c1ccc(c2cc(O)cc(*)c2N)cc1,1.379216131694434
*c1ccc(c3ccc(NC(=O)CC#N)c(*)c3)c2nsnc12,3.741849726670303
*c1cc2ccc3cc(c5cccc(-c6cccc(*)n6)n5)cc4ccc(c1)c2c34,2.463863446217926
*c1ccc2c(c1)C(C)(C)c1cc(c4cc(*)cc(C(F)(F)F)c4N)ccc1-2,2.042621944107629
*c1ccc2c(c1)[nH]c1cc(c4cc(F)cc(*)c4C=O)ccc12,2.760492450022144
*c1ccc(c2ccc([N+]#[C-])c(*)c2)cc1,2.262236003672833
*c1ccc(c2cc(C=CC(=O)O)cc(*)c2OC(C)C)cc1,2.729267050087075
*c1cc2cc3sc(c4c(F)c(F)c(*)c(F)c4F)cc3cc2s1,3.3127192658647213
*c1cc(F)c(c2cc(NCC(=O)NN)cc(*)c2C)cc1F,1.6824010763845825
*c1ccc(-c2ccc(c3c(N)c(*)cc(C)c3Cl)s2)s1,2.455562395331156
*c1ccc(-c2ccc(c3cc(C(=O)O)c(*)cn3)s2)s1,3.34615916991144
*c1ccc2c(c1)S(=O)(=O)c1cc(c4cc(C(C)(C)C)c(*)cc4C(C)(C)C)ccc1-2,2.4932737538523364
*c1ccc2c(c1)C(C)(C)c1cc(c4cc(*)c(Cl)c(C#N)c4N)ccc1-2,2.279461586419078
*c1cc2ccc3cc(c5cc(*)c(O)c(C(=O)OC)n5)cc4ccc(c1)c2c34,2.79062271956882
*c1ccc(c3nc(*)cnc3C(=O)OC)c2nsnc12,4.094742258554153
*c1c(F)cc(c3cc(F)c(*)cc3F)c2nsnc12,4.034947578527886
*c1cc(F)c(c2ncc(*)cc2C(F)(F)F)cc1F,2.74359570818976
*c1ccc(c3ccc(*)nc3C(=O)OCC)c2nsnc12,3.977589742334593
*c1ccc(-c2ccc(c3cc(OC)c(N)c(*)c3Cl)s2)s1,2.4328499655550218
*c1cc2cc3sc(c4cnnc(*)c4)cc3cc2s1,3.244240734247484
*c1ccc2c(c1)S(=O)(=O)c1cc(c4ncc(*)nc4C=O)ccc1-2,3.594121767111341
*c1cc2ccc3cc(c5ccc(*)c(NC(C)=S)c5)cc4ccc(c1)c2c34,2.5761687040248296
*c1ccc2c(c1)S(=O)(=O)c1cc(c4ccc(*)cc4CC)ccc1-2,2.611409253778999
*c1cc2cc3sc(c4ccc(-c5ccc(-c6ccc(*)cc6)cc5)cc4)cc3cc2s1,2.657787187312496
*c1ccc2c(c1)S(=O)(=O)c1cc(c4cc(Cl)cc(*)c4F)ccc1-2,2.885488379400827
*c1ccc2c(c1)C(C)(C)c1cc(c4ncc(*)c(C)n4)ccc1-2,2.7104198437154308
*c1ccc(c2ccc(C(F)(F)F)c(*)c2)cc1,2.1632933523880418
*c1cc(c3ccc(*)cc3)c2c(c1)C(=O)C(=O)N2CC,3.7062037906332472
*c1cc2cc3sc(c4cc(CC)cc(*)c4N)cc3cc2s1,2.173502558155651
*c1ccc(-c2ccc(c3ccc(*)c(N)c3N)s2)s1,2.319971203292989
*c1ccc(c2cc(*)cc(C=O)c2)cc1,2.7493991177525885
*c1ccc2c(c1)[nH]c1cc(c4cc([N+](=O)[O-])cc(*)c4F)ccc12,3.5067002593263465
*c1cc2cc3sc(c4c(F)c(F)c(-c5c(F)c(F)c(*)c(F)c5F)c(F)c4F)cc3cc2s1,3.4087
*c1ccc(c2cc(*)c(F)c(C#N)c2N)cc1,1.9794608966987748
*c1ccc2c(c1)[nH]c1cc(c4cc(C)c(*)nc4C)ccc12,1.8391810056551103
*c1cc2ccc3cc(c5nc(*)c6ccccc6n5)cc4ccc(c1)c2c34,3.0092992638493232
*c1ccc(-c2ccc(c3ccc(*)cc3)s2)s1,2.8948145304574004
*c1ccc2c(c1)S(=O)(=O)c1cc(c4cc(*)c(Cl)c(OC(F)(F)F)c4)ccc1-2,3.0254601574531206
*c1cc(F)c(c2cc(*)cn(C)c2=O)cc1F,2.402334435497628
*c1ccc2c(c1)[nH]c1cc(c4cccc(C(=O)O)c4*)ccc12,2.1403343932101624
*c1ccc2c(c1)C(C)(C)c1cc(c4cc(*)c(F)c(Cl)c4)ccc1-2,2.389450514572646
*c1ccc2c(c1)[nH]c1cc(c4cc(*)cc5[nH]nc(N)c45)ccc12,1.8070355375758869
*c1nc(c3ccc(*)cc3)cn2c(Cl)cnc12,2.808099049238915
*c1ccc2c(c1)S(=O)(=O)c1cc(c4cc(F)c(F)cc4*)ccc1-2,2.9095698524837563
*c1ccc(c2cc(*)cc(OC(F)F)c2N)cc1,1.7904386545005075
*c1cc(F)c(c2cc(*)c(F)cc2F)cc1F,2.430080112143164
*c1ccc(-c2ccc(c3cc(F)cc(*)c3OC)s2)s1,2.81370285614528
*c1ccc(-c2ccc(c3cc([N+](=O)[O-])cc(*)c3F)s2)s1,3.6151208500995033
*c1ccc(c3cccc(*)c3C(=O)O)c2nsnc12,3.870499532049133
*c1ccc(-c2ccc(-c3ccc(c4cc(F)c(*)cc4F)cc3)cc2)cc1,2.461912097961944
*c1ccc2c(c1)[nH]c1cc(c4sc(*)c5cc(C(=O)O)sc45)ccc12,3.1178409655894
*c1ccc(c2ccc(*)c(NN)c2)cc1,1.5395727243245765
*c1cc2ccc3cc(c5cc(OC)c(O)c(C=O)c5*)cc4ccc(c1)c2c34,2.856979209121305
*c1ccc2c(c1)[nH]c1cc(c4cc(N)cc(*)c4C)ccc12,1.3854512209455674
*c1ccc2c(c1)C(C)(C)c1cc(c4cc(C(=O)O)cc(*)n4)ccc1-2,3.001039383319412
*c1cc2cc3sc(c4cc(C(=O)O)c(*)cc4O)cc3cc2s1,2.9145090383340806
*c1ccc2c(c1)C(C)(C)c1cc(c4ccc(*)c(CCl)c4)ccc1-2,2.2042091434317195
*c1ccc(c3cnc(*)c(C(C)=O)n3)c2nsnc12,4.152427243270948
*c1cc2ccc3cc(c5ccc(*)cc5)cc4ccc(c1)c2c34,2.4773257536988043
*c1cc2ccc3cc(c5ccnc6cc(*)cnc56)cc4ccc(c1)c2c34,2.928666046890506
*c1ccc(c3c(F)cc(F)c(*)c3F)c2nsnc12,3.822565755020639
*c1ccc(-c2ccc(c3ccc(C)c(*)n3)s2)s1,2.749537623099373
*c1cc(F)c(c2cc(Cl)cc(*)c2Cl)cc1F,2.402006643281392
*c1cc2ccc3cc(c5c[nH]c6ncc(*)nc56)cc4ccc(c1)c2c34,2.515378666776621
*c1ccc(c2ccnc(*)c2)cc1,2.337407941851526
*c1ccc2c(c1)[nH]c1cc(c4ccc(C(=O)O)c(*)c4OC(F)F)ccc12,2.631205439466533
*c1cc(F)c(c2ccc(*)cc2CN)cc1F,2.0203806000709115
*c1ccc(c2cc(OC)c(O)c(C=O)c2*)cc1,2.808658763807295
*c1cc2ccc3cc(c5ncc(*)c6ccccc56)cc4ccc(c1)c2c34,2.6206657621980565
*c1ccc(c3ncc(*)c4[nH]ccc34)c2nsnc12,3.593763702125691
*c1ccc(c2ncc(*)c(C)n2)cc1,2.6116687254706035
*c1cc(F)c(c2cc(Cl)c(*)cc2C)cc1F,2.149710710107701
*c1ccc(c2ccc(*)cc2C(F)(F)F)cc1,2.174806337394516
*c1cc2cc3sc(c4cc(*)nc(C(=O)OC)c4OC)cc3cc2s1,3.1012011901887444
*c1ccc2c(c1)C(C)(C)c1cc(c4cc(C=CC(=O)O)cc(*)c4OCC(=O)OC)ccc1-2,2.9622242590434427
*c1ccc2c(c1)C(C)(C)c1cc(c4cc(C(=O)OC)c(*)cc4C(=O)OC)ccc1-2,2.872590173153546
*c1cc2cc3sc(c4cnc(*)cc4[N+](=O)[O-])cc3cc2s1,3.8040176606928897
*c1ccc(-c2ccc(c3cc(*)cnc3CC)s2)s1,2.744349029361601
*c1cc2ccc3cc(c5cc(C(=O)OCC)c(*)s5)cc4ccc(c1)c2c34,2.8150556742777706
*c1cnc2c(c3ccc(*)cc3)cc([N+](=O)[O-])cc2c1,3.7068971643962105
*c1cc(c3ccc(*)cc3)nc2cnccc12,2.961049666355964
*c1ccc(-c2ccc(c3cc(C)c([N+](=O)[O-])c(*)c3N)s2)s1,3.266211536224591
*c1ccc(c2ccc(OC(C)C(=O)NN)c(*)c2)cc1,1.6941070045260305
*c1cc2ccc3cc(c5cc(C=CC(=O)O)cc(*)c5OCCC)cc4ccc(c1)c2c34,2.7167719222756768
*c1nc2ncccc2cc1c3ccc(*)cc3,2.9604564824828934
*c1cc2ccc3cc(c5cnc6c(ccc7cc(*)cnc76)c5)cc4ccc(c1)c2c34,2.6706794094754165
*c1ccc2c(c1)C(C)(C)c1cc(c4cc(F)c(F)c(*)c4N)ccc1-2,2.03868680064252
*c1ccc2c(c1)[nH]c1cc(c4cc(*)ccc4OCC(=O)NN)ccc12,1.7373398227651942
*c1ccc2c(c1)S(=O)(=O)c1cc(c4cc(C(F)(F)F)nc(*)c4N)ccc1-2,2.825319545980802
*c1ccc(-c2ccc(c3ncc(*)c(C)c3[N+](=O)[O-])s2)s1,3.5144047375003944
*c1cc2ccc3cc(c5cnc(OC)c6c(*)[nH]nc56)cc4ccc(c1)c2c34,2.594197960989995
*c1ccc(-c2ccc(c3c(CC)cc(*)cc3CC)s2)s1,2.5413311321547
*c1ccc2c(c1)C(C)(C)c1cc(c4ncc(*)c(N)c4N)ccc1-2,1.877706669856109
*c1cc(F)c(c2cc(Cl)cc(*)c2F)cc1F,2.506326514826486
*c1cc2ccc3cc(c5ccnc6c5ccc5c(*)ccnc56)cc4ccc(c1)c2c34,2.692751156565418
*c1ccc2c(c1)S(=O)(=O)c1cc(c4cc(F)cc(*)c4Cl)ccc1-2,2.845613854506034
*c1ccc2c(c1)S(=O)(=O)c1cc(c4cc(*)c5c(c4)C(C)(C)C(=O)N5)ccc1-2,2.673191204038293
*c1ccc(c2ccc(*)c(N)c2)cc1,1.5147420275304713
*c1ccc2c(c1)[nH]c1cc(c4cc(C)cc(*)n4)ccc12,2.0683742889623167
*c1cc2ccc3cc(c5cc(C)nc(*)c5N)cc4ccc(c1)c2c34,2.4054884784427104
*c1ccc(c2ccc(*)s2)cc1,2.647433932819294
*c1ccc2c(c1)S(=O)(=O)c1cc(c4ccccc4*)ccc1-2,2.662250913856705
*c1ccc(-c2ccc(c3cc(C(C)(C)C)cc(*)c3Cl)s2)s1,2.7333936427855567
*c1ccc(c2nc(F)cc(*)c2O)cc1,2.4962920830845814
*c1ccc2c(c1)C(C)(C)c1cc(c4cc(*)ccc4OCC4CCCCO4)ccc1-2,2.108258696936989
*c1ccc2c(c1)[nH]c1cc(c4cc(C)c(*)cc4C)ccc12,1.590149664613196
*c1ccc(c2nn(C)c(*)c2C(=O)OCC)cc1,2.089060728058055
*c1ccc2c(c1)S(=O)(=O)c1cc(c4cc(F)c(F)c(*)c4N)ccc1-2,2.6085108551190705
*c1cc2cc3sc(c4ncc(*)c(C)n4)cc3cc2s1,3.1156841969705447
*c1cc2ccc3cc(c5ccc(C=O)c(*)n5)cc4ccc(c1)c2c34,3.1713872689860008
*c1cc2cc3sc(c4ccc(*)c(N)c4)cc3cc2s1,2.474094249609748
*c1cc2ccc3cc(c5cnc(Cl)c(*)c5N)cc4ccc(c1)c2c34,2.5499376125740065
*c1ccc2c(c1)C(C)(C)c1cc(c4ccc(N(c5ccccc5)c5ccc(*)cc5)cc4)ccc1-2,2.075519856472025
*c1ccc2c(c1)S(=O)(=O)c1cc(c4cc(Cl)cc(*)n4)ccc1-2,3.0541207864626165
*c1cc(F)c(c2cc(*)c(F)nc2C)cc1F,2.4078293224770606
*c1ccc(c3cnc(*)cc3F)c2nsnc12,3.9427646728626513
*c1ccc2c(c1)C(=O)c1ccc(c4ccc(*)cc4)cc1C2=O,4.125074187388122
*c1ccc2c(c1)S(=O)(=O)c1cc(c4cnc5c(*)cc([N+](=O)[O-])cc5c4)ccc1-2,3.7690640716869774
*c1ccc2c(c1)C(C)(C)c1cc(c4cc(*)cc(N)c4C)ccc1-2,1.8314806880823864
*c1cnc2[nH]cc(c3ccc(*)cc3)c2c1,1.7568860422597523
*c1ccc2c(c1)S(=O)(=O)c1cc(c4cnc(Cl)c(*)c4N)ccc1-2,2.6276855149727525
*c1cc(c3ccc(*)cc3)ccc1OCc1ccccc1,1.581613715136826
*c1ccc(-c2ccc(c3c(C(=O)OC)cc(*)cc3C(=O)OC)s2)s1,3.2228246526151105
*c1cc(F)c(c2cc(CC(N)C(=O)O)cc(*)c2O)cc1F,2.2154861654765248
*c1cc(F)c(c2cc(*)c(Cl)cc2F)cc1F,2.524770745371648
*c1ccc(c3cc(CO)c(*)cn3)c2nsnc12,3.839730580908647
*c1cc2ccc3cc(c5cc(*)cc(C#N)c5OC)cc4ccc(c1)c2c34,2.6145012369027234
*c1cc(F)c(c2cccc(C(=O)O)c2*)cc1F,2.5970833784508227
*c1cc(F)c(c2cc(*)cc(C(=O)OC)c2)cc1F,2.614811790401046
*c1cc2cc3sc(c4cc(Cl)c(*)cc4C)cc3cc2s1,2.7317692069902453
*c1cc(F)c(c2cc(*)cc(C(=O)O)c2)cc1F,2.6513257082460573
*c1cc(c3cc(F)c(*)cc3F)c2c(=O)[nH][nH]c2c1,2.4197785691533182
*c1ccc(-c2ccc(c3cc(CO)c(*)cn3)s2)s1,3.041307960011917
*c1ccc2c(c1)[nH]c1cc(c4cc(*)cc(OC(F)F)c4N)ccc12,1.796176561238326
*c1cc(F)c(c2cc(*)cc(CC(=O)OC)c2)cc1F,2.267999916707251
*c1cc2cc3sc(c4ccc(*)nc4C(=O)OCC)cc3cc2s1,3.141587471080443
*c1ccc2c(c1)S(=O)(=O)c1cc(c4cc(*)cc(OC(F)(F)F)c4)ccc1-2,2.878544708613576
*c1ccc(c3cc(*)nnc3N)c2nsnc12,3.729389055377136
*c1ccc2c(c1)S(=O)(=O)c1cc(c4cccc(*)c4C(=O)O)ccc1-2,2.844261494168327
*c1ccc(c2cc(*)ccc2[N+](=O)[O-])cc1,3.488288551137832
*c1ccc(-c2ccc(c3nc(*)cn4ncnc34)s2)s1,3.173591080264177
*c1ccc2c(c1)S(=O)(=O)c1cc(c4cc([N+](=O)[O-])cc(*)n4)ccc1-2,3.899441605176297
*c1cc2cc3sc(c4ccc([N+]#[C-])c(*)c4)cc3cc2s1,2.864522654157672
*c1cc2cc3sc(c4cc(F)cc(*)c4Cl)cc3cc2s1,2.7456527760644613
*c1ccc2oc3ccc(c4ccc(*)c5nsnc45)cc3c2c1,3.6273788608142272
*c1ccc(-c2ccc(c3cc(*)c4c(c3)CCCN4)s2)s1,2.25462624316999
*c1cc2ccc3cc(c5cnc(*)c(C(=O)OC)n5)cc4ccc(c1)c2c34,3.078791079888006
*c1ccc2c(c1)S(=O)(=O)c1cc(c4n[nH]c(*)c4[N+](=O)[O-])ccc1-2,3.424868777169765
*c1cc(F)c(c2ncc(*)cc2Cl)cc1F,2.7825850932910967
*c1cc(F)c(c2cc(N)c([N+](=O)[O-])c(*)n2)cc1F,3.533164490221807
*c1ccc(c2cc(C(=O)O)c(*)cc2O)cc1,2.241171792385155
*c1ccc2c(c1)C(C)(C)c1cc(c4cc(*)c(F)nc4C)ccc1-2,2.2789025747777742
*c1ccc(c3ccc4occ(*)c4c3)c2nsnc12,3.6185491711677455
*c1ccc2c(c1)[nH]c1cc(c4cc(Cl)cc(*)c4OC)ccc12,2.007427471950092
*c1ccc2c(c1)S(=O)(=O)c1cc(c4c(F)c(F)c(-c5c(F)c(F)c(*)c(F)c5F)c(F)c4F)ccc1-2,3.318484547504376
*c1ccc2c(c1)C(=C(C#N)C#N)c1cc(c4cc(F)c(*)cc4F)ccc1-2,4.117805601276693
*c1cc2cc3sc(c4cnc5c(*)cc(Cl)nn45)cc3cc2s1,3.366523023575429
*c1cc(F)c(c2nc(C(=O)O)ccc2*)cc1F,3.133824316411901
*c1ccc2c(c1)S(=O)(=O)c1cc(c4cnc(*)c(C(=O)O)c4)ccc1-2,3.215724244035056
*c1ccc2c(c1)[nH]c1cc(c4cc(*)c(OC)cc4OC)ccc12,1.675420791999617
*c1cc2cc3sc(c4c(C(=O)OC)cc(*)cc4C(=O)OC)cc3cc2s1,3.12561914340667
*c1ccc(c2cc(F)cc(*)c2CO)cc1,1.817701468538388
*c1ccc2c(c1)[nH]c1cc(c4cc(*)c(OCCC)c(C=O)c4)ccc12,2.627146360613956
*c1ccc2c(c1)S(=O)(=O)c1cc(c4cncc(*)c4C)ccc1-2,2.635276844388769
*c1ccc2c(c1)C(C)(C)c1cc(c4cc(*)ncc4Cl)ccc1-2,2.6629156453811675
*c1ccc(c3nc(*)nn3Cc3ccccc3)c2nsnc12,3.7431913127780727
*c1ccc2c(c1)C(C)(C)c1cc(c4ccc(*)nn4)ccc1-2,2.8404189005117706
*c1sc(c3ccc(*)cc3)c2c1C(=O)OC2=O,4.022209298036856
*c1ccc(c3ccc(OC)c(*)c3)c2nsnc12,3.582050491807514
*c1ccc(c2cc(Cl)cc(*)c2F)cc1,2.1819652910557337
*c1ccc(c3cc(*)c(F)c(Cl)c3)c2nsnc12,3.867913169107192
*c1cc(F)c(c2cc(CC(N)C(=O)OC)cc(*)c2O)cc1F,2.141754855911404
*c1cc2ccc3cc(c5cncc(*)c5C#N)cc4ccc(c1)c2c34,2.881007595547768
*c1ccc(-c2ccc(c3cc(OC)cc(*)c3O)s2)s1,2.667820967925069
*c1cc(F)c(c2ccc(C=O)c(*)c2)cc1F,3.169496826807717
*c1ccc(c3c(N)c(Cl)cc(*)c3OC)c2nsnc12,3.663487164852784
*c1ccc2c(c1)C(C)(C)c1cc(c4cc(*)cc5c4OCC5)ccc1-2,2.0268300294332526
*c1cc2cc3sc(c4cc(*)c(N)c(C#N)c4)cc3cc2s1,2.3732885442074485
*c1cc2cc3sc(c4cc(*)cc(C(F)(F)F)c4Cl)cc3cc2s1,3.016525836926776
*c1ccc2c(c1)S(=O)(=O)c1cc(c4cc(*)nn5ccnc45)ccc1-2,3.3074836134354983
*c1cc2ccc3cc(c5cnc(*)cc5N)cc4ccc(c1)c2c34,2.3946768464223185
*c1ccc(c3c(N)ccc(*)c3F)c2nsnc12,3.4628197555168585
*c1ccc(c2cc(*)cc(C#N)c2)cc1,2.235854246569104
*c1cc2cc3sc(c4ccc5[nH]c6ccc(*)cc6c5c4)cc3cc2s1,2.3205542570890416
*c1cc2ccc3cc(c5ccc(*)o5)cc4ccc(c1)c2c34,2.519987931733061
*c1ccc(c2cc(*)c(Cl)c(CC)c2)cc1,1.9931247491170367
*c1ccc2c(c1)S(=O)(=O)c1cc(c4ccc(*)c(NC(=S)c5ccccc5)c4)ccc1-2,2.93514746274077
*c1ccc2c(c1)S(=O)(=O)c1cc(c4cc(*)c(C)nc4N)ccc1-2,2.5125444540810964
*c1ccc(c3c(N)c(*)cc(F)c3Cl)c2nsnc12,3.715184663398893
*c1ccc(c2ccc(*)nn2)cc1,2.8432314956878644
*c1ccc2c(c1)C(C)(C)c1cc(c4cc(*)cc(OC(C)C)c4)ccc1-2,2.0824131962474217
*c1ccc2c(c1)S(=O)(=O)c1cc(c4cc(*)cc(OC(F)F)c4N)ccc1-2,2.5615044187452485
*c1cc2ccc3cc(c5cc(Cl)cn6c(*)cnc56)cc4ccc(c1)c2c34,2.5530254713102365
*c1ccc2c(c1)[nH]c1cc(c4cc(OC)c(N)c(*)c4Cl)ccc12,1.581482685273598
*c1ccc(c3cc(F)c(F)cc3*)c2nsnc12,3.836458464306756
*c1ccc(c3cc(*)c(O)c(CBr)c3)c2nsnc12,3.721071262134254
*c1ccc(-c2ccc(c3cc(*)cc(F)c3C)s2)s1,2.7414007549079025
*c1ccc(c2cc(C#N)cc(*)c2O)cc1,2.0600980883543385
*c1ccc2c(c1)S(=O)(=O)c1cc(c4cc(*)ncc4C(=O)O)ccc1-2,3.3241739220821085
*c1ccc(c3nc(*)c(Cl)nc3N)c2nsnc12,3.736682969290009
*c1ccc(c3c(N)cc(Cl)c(*)c3Cl)c2nsnc12,3.739645417445299
*c1cc2cc3sc(c4cc(CCC(=O)O)cc(*)c4O)cc3cc2s1,2.5941547150676563
*c1ccc(-c2ccc(c3ccc4cc(*)ccc4c3)s2)s1,2.8869874989500968
*c1cc2ccc3cc(c5cccc6c5sc5c(*)cccc56)cc4ccc(c1)c2c34,2.56794829262235
*c1cnc2cc(c3ccc(*)cc3)cnc2c1,2.9213606489262447
*c1ccc(c2nc(C(=O)O)c(*)s2)cc1,3.332931749675062
*c1ccc2c(c1)S(=O)(=O)c1cc(c4ccc(*)cc4)ccc1-2,2.759120227024855
*c1cc2cc3sc(c4cc(*)cc(C(C)C)c4N)cc3cc2s1,2.1667303079753037
*c1cc2ccc3cc(c5cc(*)cc(CC)c5N)cc4ccc(c1)c2c34,2.3748203673676382
*c1ccc(c3cc(*)cc(C)c3N)c2nsnc12,3.401046161014735
*c1cc2ccc3cc(c5ccc(*)nc5N)cc4ccc(c1)c2c34,2.4177037577277747
*c1ccc2c(c1)C(C)(C)c1cc(c4ccc5c(c4)[nH]c4cc(*)ccc45)ccc1-2,2.11869998189491
*c1c(F)c(F)c(-c2c(F)c(F)c(c3cc(F)c(*)cc3F)c(F)c2F)c(F)c1F,3.17469356479477
*c1cc(F)c(c2cc(*)cc(C)c2)cc1F,2.103982614529036
*c1ccc(-c2ccc(c3c(N)c(*)c(Cl)c(F)c3Cl)s2)s1,2.7276911435247717
*c1ccc(-c2ccc(c3ccc(C(F)(F)F)c(*)c3)s2)s1,2.8958739274302143
*c1ccc2c(c1)[nH]c1cc(c4cc(*)c(Cl)[nH]c4=O)ccc12,2.340760413038195
*c1cc2ccc3cc(c5cc(*)cc(C(F)(F)F)c5N)cc4ccc(c1)c2c34,2.50026161154641
*c1cc(F)c(c2cc(*)c(N)c(C(C)=O)c2)cc1F,2.4630208333732497
*c1ccc2c(c1)C(C)(C)c1cc(c4cccc(-c5cccc(*)n5)n4)ccc1-2,2.325600763291445
*c1ccc(c3cc(C(=O)OC)c(*)cc3C(=O)OC)c2nsnc12,4.055115433925898
*c1ccc(-c2ccc(c3cc(CC(N)C(=O)O)cc(*)c3O)s2)s1,2.67610815405213
*c1sc(c3cc(F)c(*)cc3F)c2c1C(=O)OC2=O,4.316841775574373
*c1ccc2c(c1)C(C)(C)c1cc(c4ccc(C(C)=O)c(*)c4)ccc1-2,2.6220613651480047
*c1ccc2c(c1)C(C)(C)c1cc(c4ncc(*)c5[nH]ccc45)ccc1-2,2.297551900305945
*c1ccc2c(c1)S(=O)(=O)c1cc(c4nc(*)c(OCC)cc4N)ccc1-2,2.52231197342652
*c1cc2cc3sc(c4c(C)c(C)c(*)c(C)c4C)cc3cc2s1,2.073637462322653
*c1cccc2nc(c3cc(F)c(*)cc3F)nn12,2.7845647652532
*c1cc2ccc3cc(c5ccc(*)c(C(=O)OCC)c5)cc4ccc(c1)c2c34,2.644412416663996
*c1ccc(-c2ccc(c3nc(*)cnc3C(=O)OC)s2)s1,3.4314321518787327
*c1ccc2c(c1)[nH]c1cc(c4ccc(NC(=O)CC#N)c(*)c4)ccc12,1.938936687260832
*c1ccc2c(c1)C(C)(C)c1cc(c4ccc(N)c(*)c4C)ccc1-2,1.71904761500887
*c1cc(F)c(c2cc(*)c(N)c(C#N)c2)cc1F,2.0894618754405165
*c1ccc2c(c1)C(C)(C)c1cc(c4nccc5[nH]cc(*)c45)ccc1-2,2.108477595952747
*c1ccc2c(c1)S(=O)(=O)c1cc(c4cc(C=O)cc(*)n4)ccc1-2,3.456519385163521
*c1cc2cc3sc(c4ccc(*)c(NN)c4)cc3cc2s1,2.4624685332234284
*c1cc2cc3sc(c4cc(C(=O)O)cc(*)n4)cc3cc2s1,3.2145423938440825
*c1ccc(c3cccc(*)c3C(F)(F)F)c2nsnc12,3.70451671732205
*c1ccc(c3cc(C(=O)OC)[nH]c3*)c2nsnc12,3.6772828068658088
*c1cc2cc3sc(c4ccc(CO)c(*)n4)cc3cc2s1,2.7139770177279523
*c1ccc2c(c1)[nH]c1cc(c4cc(*)c(OCc5ccccc5)c(C=O)c4)ccc12,2.642842828875025
*c1ccc(-c2ccc(c3cnc(N(C)C)c(*)n3)s2)s1,2.6950952832002515
*c1ccc(c2cc(C(=O)O)c(*)o2)cc1,2.8729075033742744
*c1ccc2c(c1)[nH]c1cc(c4[nH]c(*)nc4C(=O)OC)ccc12,2.231022002153856
*c1ccc2c(c1)S(=O)(=O)c1cc(c4cc(C)c(N)c(*)n4)ccc1-2,2.545140766876667
*c1cc(F)c(c2cc(C#N)cc(*)c2O)cc1F,2.3939872540903258
*c1ccc(c3cc(S(N)(=O)=O)cc(*)c3N)c2nsnc12,3.442613566949636
*c1cc2ccc3cc(c5ncc(*)cc5[N+](=O)[O-])cc4ccc(c1)c2c34,3.507376842317888
*c1ccc2c(c1)[nH]c1cc(c4ncc(*)c5ccccc45)ccc12,2.447942611552984
*c1ccc2c(c1)S(=O)(=O)c1cc(c4cc(*)c(C)s4)ccc1-2,2.745631000540195
*c1cc(F)c(c2cc(OC)c(*)cc2OC)cc1F,2.256170000125034
*c1ccc(c3cccc(*)c3OC)c2nsnc12,3.6763281842170006
*c1cc2cc3sc(c4cc(*)c5nc(-c6ccc(C)cc6)ccc5c4)cc3cc2s1,2.981292149246293
*c1ccc2c(c1)C(C)(C)c1cc(c4cc(C(C)(C)C)c(*)cc4C(C)(C)C)ccc1-2,1.8913899270286805
*c1ccc(c2cnc(N)c(*)c2OC)cc1,1.6267249534137087
*c1ccc2c(c1)C(C)(C)c1cc(c4cncc(*)c4C#N)ccc1-2,2.9657159832023634
*c1ccc2c(c1)[nH]c1cc(c4ccc(*)c(N)c4N)ccc12,1.3943403195650157
*c1ccc(c3cc(OC)c(N)c(*)c3Cl)c2nsnc12,3.6207762206998337
*c1cccc2c1oc1c(c4ccc(*)cc4)cccc12,2.1032085571754657
*c1ccc(c3[nH]nc4ccc(*)cc34)c2nsnc12,3.707641064868634
*c1ccc(-c2ccc(c3nc(C(=O)O)ccc3*)s2)s1,3.2326477935368025
*c1ccc(-c2ccc(c3ccc(*)c(C(=O)OC)n3)s2)s1,3.2450310347244127
*c1ccc2c(c1)S(=O)(=O)c1cc(c4cc(OC)cc(*)c4C)ccc1-2,2.548687948161481
*c1cc2ccc3cc(c5cc(*)c6nc(-c7ccc(C)cc7)ccc6c5)cc4ccc(c1)c2c34,2.6889141400219865
*c1ccc2c(c1)S(=O)(=O)c1cc(c4cc(C(=O)OC)c(*)[nH]4)ccc1-2,2.8640689446971237
*c1cc(F)c(c2cc(OC)c(N)c(*)c2Cl)cc1F,1.7923547687129215
*c1ccc2c(c1)C(=O)c1cc(c4ccc(-c5ccc(*)s5)s4)ccc1-2,3.545975314073988
*c1ccc2c(c1)[nH]c1cc(c4cc(C=O)cc(*)c4OC(C)=O)ccc12,2.845652996147893
*c1ccc(c2c(F)cc(F)c(*)c2[N+](=O)[O-])cc1,3.515019858765667
*c1ccc(-c2ccc(c3cc4[nH]cc(*)c4cn3)s2)s1,2.4651883949483584
*c1ccc2c(c1)[nH]c1cc(c4cc(*)cc([N+](=O)[O-])c4[N+]([O-])=NC(C)(C)C)ccc12,3.605663506638912
*c1ccc(-c2ccc(c3cc(F)c(*)c([N+](=O)[O-])c3F)s2)s1,3.671026056667393
*c1ccc(c2cc(*)cnc2C)cc1,1.848893110415424
*c1ccc(-c2ccc(c3cc(C)cc(*)c3C)s2)s1,2.453708023357217
*c1ccc(-c2ccc(c3cc(C(=O)Cl)c(*)cc3C(=O)Cl)s2)s1,3.931938204560254
*c1cc2ccc3cc(c5ccc6c7ccc(*)cc7c7ccccc7c6c5)cc4ccc(c1)c2c34,2.49892593435496
*c1ccc2c(c1)S(=O)(=O)c1cc(c4cc([N+](=O)[O-])c(*)cc4NC(C)=O)ccc1-2,3.4609490644841747
*c1ccc(c2cccc(*)c2CC)cc1,1.2742833107243
*c1cc2cc3sc(c4ccc(*)cc4)cc3cc2s1,2.8006102262437245
*c1ccc2c(c1)C(C)(C)c1cc(c4cc(*)cc(C(=O)OC)c4)ccc1-2,2.4460575293254587
*c1ccc2c(c1)S(=O)(=O)c1cc(c4ccc(*)c5nccnc45)ccc1-2,3.333711840360787
*c1ccc2c(c1)S(=O)(=O)c1cc(c4cc(C#N)cc(*)c4O)ccc1-2,2.816610182724438
*c1cc2ccc3cc(c5ccc(*)cc5CC#N)cc4ccc(c1)c2c34,2.556175500330701
*c1cc(F)c(c2cc(*)c(F)c(F)c2)cc1F,2.504176559144772
*c1sc(c3ccc(*)cc3)c2c1OCCO2,2.621264982936612
*c1ccc2c(c1)S(=O)(=O)c1cc(c4cc(*)cc(N)n4)ccc1-2,2.726170300754442
*c1ccc(c3c(F)cc(*)c4nsnc34)c2nsnc12,4.14760149902787
*c1cc2cc3sc(c4cc(Cl)cn5c(*)cnc45)cc3cc2s1,2.8078143298019524
*c1ccc(-c2ccc(c3cnc(C#N)c(*)c3)s2)s1,3.3117199987697945
*c1ccc2c(c1)S(=O)(=O)c1cc(c4cc(*)cc(C(F)(F)F)c4N)ccc1-2,2.5779836652769834
*c1ccc2c(c1)S(=O)(=O)c1cc(c4cc(N)cc(*)n4)ccc1-2,2.613403071875445
*c1ccc2c(c1)C(C)(C)c1cc(c4cc(CC)c(*)s4)ccc1-2,2.527511313187568
*c1cc2ccc3cc(c5ccc(*)c(NN)c5)cc4ccc(c1)c2c34,2.374491048184578
*c1ccc(-c2ccc(c3cc(*)c(=O)[nH]c3C)s2)s1,2.642751618783291
*c1ccc2c(c1)S(=O)(=O)c1cc(c4nc(*)[nH]c4C)ccc1-2,2.6057572846075425
*c1cc2ccc3cc(c5cc(*)c(F)c(F)c5)cc4ccc(c1)c2c34,2.632629703013904
*c1cc2cc3sc(c4ncc(*)cc4[N+](=O)[O-])cc3cc2s1,3.779208056635397
*c1ccc2c(c1)C(C)(C)c1cc(c4cc(CC(N)C(=O)OC)cc(*)c4O)ccc1-2,2.155296643368683
*c1ccc2c(c1)S(=O)(=O)c1cc(c4ccsc4*)ccc1-2,2.877650170347416
*c1ccc(-c2ccc(c3cc(*)cc4[nH]nc(N)c34)s2)s1,2.583425366899773
*c1cc2cc3sc(c4ccnc(*)c4C=O)cc3cc2s1,3.2045133879976104
*c1cc2ccc3cc(c5cc(C(=O)O)cc(*)c5OC)cc4ccc(c1)c2c34,2.711969077958633
*c1cc2ccc3cc(c5ccc(OC(C)C(=O)O)c(*)c5)cc4ccc(c1)c2c34,2.5554218487491616
*c1cc2ccc3cc(c5c(F)nc(*)n5C)cc4ccc(c1)c2c34,2.52842302659124
*c1ccc(c3cnc(*)c(C(=O)OC)c3)c2nsnc12,4.023905770580085
*c1cc(F)c(c2nc(*)n[nH]2)cc1F,2.654244941825904
*c1ccc2c(c1)[nH]c1cc(c4c(OC)cc(*)c5ncccc45)ccc12,2.410826018355303
*c1ccc2c(c1)C(C)(C)c1cc(c4ccccc4*)ccc1-2,2.097326170927938
*c1ccc(-c2ccc(c3cc(*)c[n+]([O-])c3)s2)s1,3.073750704199794
*c1ccc2c(c1)S(=O)(=O)c1cc(c4cc(C=O)c(*)cc4C=O)ccc1-2,3.7316933437742894
*c1cc2cc3sc(c4c(C(F)(F)F)c(*)c[nH]c4=O)cc3cc2s1,2.926441430262483
*c1ccc(c2cc(C(F)(F)F)cc(*)n2)cc1,2.681352204414332
*c1ccc(c3ccc(*)c(OC)c3)c2nsnc12,3.6726140685105655
*c1ccc(-c2ccc(-c3ccc(c4ccc(*)c5nsnc45)cc3)cc2)cc1,3.624176965264288
*c1ccc(c3ccc(C(=O)O)c(*)c3OC(F)F)c2nsnc12,4.067899117730732
*c1ccc2c3ccc(c5ccc(-c6ccc(*)s6)s5)cc3n(-c3ccccc3)c2c1,2.605611862462685
*c1cc2ccc3cc(c5ccc6c(c5)C5(CCOCC5)c5cc(*)ccc5-6)cc4ccc(c1)c2c34,2.513391272761768
*c1ccc2c(c1)C(C)(C)c1cc(c4cc(*)cc(Oc5ccccc5)c4)ccc1-2,2.173166537019923
*c1ccc2c(c1)Cc1cc(c4ccc(*)c5nsnc45)ccc1-2,3.6143152034346633
*c1cc2ccc3cc(c5cc(F)cc(*)c5N)cc4ccc(c1)c2c34,2.4750533040505283
*c1ccc2c(c1)[nH]c1cc(c4cc(NCC(=O)NN)cc(*)c4C)ccc12,1.552206109315986
*c1cc2ccc3cc(c5cnc(Cl)c(*)c5C)cc4ccc(c1)c2c34,2.67629398418368
*c1cc2ccc3cc(c5cc(*)cc(C#N)c5)cc4ccc(c1)c2c34,2.589771427302877
*c1cc2ccc3cc(c5cc(F)cc(*)c5C=O)cc4ccc(c1)c2c34,2.923194909519508
*c1cc(F)c(c2cc(*)ccc2CC#N)cc1F,2.177592878760336
*c1cc2ccc3cc(c5ccc(*)c(N)c5N)cc4ccc(c1)c2c34,2.334391248337562
*c1cc2ccc3cc(c5cc(C)c([N+](=O)[O-])c(*)c5N)cc4ccc(c1)c2c34,3.091003955131086
*c1ccc2c(c1)S(=O)(=O)c1cc(c4cc(C)c(*)nc4C)ccc1-2,2.7353427274532423
*c1cc2cc3sc(c4cscc4*)cc3cc2s1,2.329075577937748
*c1ccc(c2cc(OC)cc(*)c2C)cc1,1.463162561032007
*c1cc2cc3sc(c4cc(*)ccc4S)cc3cc2s1,2.518081897225556
*c1ccc2c(c1)[nH]c1cc(c4cc(*)c5nc(Cl)sc5c4)ccc12,2.517123552261436
*c1ccc2c(c1)[nH]c1cc(c4cc(*)cc5c4OCC5)ccc12,1.7066369319235886
*c1cc(F)c(c2cc(*)c(Cl)c(Cl)c2)cc1F,2.6308628479963705
*c1ccc2c(c1)[nH]c1cc(c4cc(*)c(F)nc4C)ccc12,1.994067254923325
*c1ccc2ncc(c3ccc(*)cc3)n2c1,1.770165533997485
*c1ccc(-c2ccc(c3cc(*)c(O)c(CBr)c3)s2)s1,2.6246891512424604
*c1cc2cc3sc(c4c(C)ncc(*)c4C)cc3cc2s1,2.348770051103055
*c1ccc2c(c1)S(=O)(=O)c1cc(c4ccc(*)s4)ccc1-2,3.143679239065074
*c1ccc(c3ccc(*)c(CCl)c3)c2nsnc12,3.775999401821841
*c1ccc2c(c1)[nH]c1cc(c4ccc5c(c4)C(=O)c4cc(*)ccc4-5)ccc12,3.3177900790681463
*c1ccc2c(c1)S(=O)(=O)c1cc(c4cc(*)ncn4)ccc1-2,3.35472802303525
*c1cc2cc3sc(c4cc(CC)c(*)s4)cc3cc2s1,2.959780128978653
*c1cc2ccc3cc(c5cc(*)cc(C(=O)O)c5OC)cc4ccc(c1)c2c34,2.680437232354869
*c1ccc2c(c1)C(C)(C)c1cc(c4cc(*)c(Cl)c(C(C)C)c4)ccc1-2,2.2298840811174045
*c1ccc2c(c1)S(=O)(=O)c1cc(c4nc(*)cn5ncnc45)ccc1-2,3.2334519511935844
*c1ccc2c(c1)C(C)(C)c1cc(c4c(C)sc(*)c4C)ccc1-2,2.116345816576392
*c1ccc(c3cc(OC)cc(*)c3N)c2nsnc12,3.508682383803512
*c1cc2cc3sc(c4cc(*)cc(CO)c4N)cc3cc2s1,2.1856754730416776
*c1ccc(c2cc(*)c(C(=O)O)cc2O)cc1,2.4637462982428597
*c1cc2cc3sc(c4cc(C)nc(*)c4O)cc3cc2s1,2.831885789245153
*c1ccc(c3cc(*)c(F)c(C)c3)c2nsnc12,3.679647518832312
*c1ccc2c(c1)C(C)(C)c1cc(c4ccc(C)c(*)n4)ccc1-2,2.2714686280773595
*c1cc2ccc3cc(c5ccc(-c6ccc(-c7ccc(*)cc7)cc6)cc5)cc4ccc(c1)c2c34,2.4890323572517508
*c1cc2ccc3cc(c5cnc(*)c(C(C)=O)n5)cc4ccc(c1)c2c34,3.0573494528348344
*c1cc(F)c(c2cnc(F)c(*)c2)cc1F,2.553667324218209
*c1ccc(c3cc(*)cc(OC(F)F)c3)c2nsnc12,3.774060846985627
*c1cc2cc3sc(c4ncc(*)c5[nH]ccc45)cc3cc2s1,2.802088691064832
*c1ccc(c2cc(*)c(F)cc2F)cc1,2.080234245071005
*c1ccc(c2cc(*)cc(C(F)F)c2)cc1,2.0131097981848742
*c1ccc(c3cncc(*)c3)c2nsnc12,3.723317086651099
*c1ccc2c(c1)S(=O)(=O)c1cc(c4cc(*)c(N)c(C#N)c4)ccc1-2,2.575679375565853
*c1ccc(-c2ccc(c3cnc4c(*)cc(Cl)nn34)s2)s1,3.384485651588007
*c1ccc2c(c1)S(=O)(=O)c1cc(c4nc(C#N)c(*)n4C)ccc1-2,2.947727653174492
*c1ccc(-c2ccc(c3cc(*)c(OCc4ccccc4)c(C=O)c3)s2)s1,2.98669882031393
*c1ccc2c(c1)C(C)(C)c1cc(c4cc(C(=O)O)c(*)o4)ccc1-2,2.85305317700062
*c1ccc2c(c1)C(C)(C)c1cc(c4cc(CN)cc(*)c4OC)ccc1-2,2.009087391420596
*c1ccc2c(-c3c(O)ccc4cc(c5cc(F)c(*)cc5F)ccc34)c(O)ccc2c1,2.3987219177427943
*c1cc2ccc3cc(c5ccc(*)c6cnccc56)cc4ccc(c1)c2c34,2.606699628037501
*c1ncc(c3ccc(*)cc3)c2[nH]cc(C(=O)O)c12,2.3546110989655507
*c1ccc(-c2ccc(c3cc(*)cc(N)n3)s2)s1,2.7501902649013763
*c1ccc2c(c1)C(C)(C)c1cc(c4cnc(C#N)c(*)c4)ccc1-2,2.8758783726132675
*c1ccc2c(c1)S(=O)(=O)c1cc(c4cnc(*)cn4)ccc1-2,3.340587363608448
*c1ccc(-c2ccc(c3nc(C(=O)OC)cc(*)c3N)s2)s1,2.858213522826289
*c1ccc2nc(c3ccc(*)cc3)nn2c1,2.404804175128243
*c1cc2ccc3cc(c5ccc(*)c6sc(-c7ccccc7)nc56)cc4ccc(c1)c2c34,2.7110256602396525
*c1cc2ccc3cc(c5cnc6c(*)cc(C)cn56)cc4ccc(c1)c2c34,2.437929520203948
*c1ccc2c(c1)[nH]c1cc(c4cc(Cl)cc(*)c4[N+](=O)[O-])ccc12,3.282731583571691
*c1cc2ccc3cc(c5cc(*)c(=O)[nH]c5C)cc4ccc(c1)c2c34,2.520408843086969
*c1ccc2c(c1)C(C)(C)c1cc(c4cc(I)c(*)cc4I)ccc1-2,1.899275355476228
*c1ccc(-c2ccc(c3nc(*)nn3Cc3ccccc3)s2)s1,2.788202114983615
*c1ccc(c2ccc(*)c(O)c2)cc1,1.850185943770584
*c1ccc2c(c1)[nH]c1cc(c4c(C(=O)OC)cc(*)cc4C(=O)OC)ccc12,2.507689977506648
*c1cc2cc3sc(c4cc(Cl)cc(*)c4F)cc3cc2s1,2.861094073344644
*c1ccc2c(c1)C(C)(C)c1cc(c4cc(*)c(N)c(CN(C)C5CCCCC5)c4)ccc1-2,1.937382494766995
*c1ccc(c3nc(*)nn3COC)c2nsnc12,3.8270543929092176
*c1ccc(-c2ccc(c3cc(*)cc(CC(F)(F)F)c3)s2)s1,2.767271808394618
*c1cc2ccc3cc(c5ccc6occ(*)c6c5)cc4ccc(c1)c2c34,2.50215761240789
*c1cc2cc3sc(c4cc(*)c(OC)cc4OC)cc3cc2s1,2.3250248187720377
*c1cnc2n[nH]c(c3ccc(*)cc3)c2c1,2.606465564552332
*c1ccc(c3cc(C)c(*)cn3)c2nsnc12,3.759803846132475
*c1ccc2c(c1)S(=O)(=O)c1cc(c4cnc(*)cc4[N+](=O)[O-])ccc1-2,3.81682119074958
*c1cc(F)c(c2cc(CCC(=O)O)cc(*)c2O)cc1F,2.225176377608468
*c1ccc(c2ccc(C)c(*)n2)cc1,2.0485260297312173
*c1ccc(c2ccc(*)c(CC(=O)O)c2)cc1,1.9256742991868392
*c1ccc(c3ccc(*)cc3F)c2nsnc12,3.778500131611037
*c1ccc2c3ccc(c5ccc6c(c5)C(C)(C)c5cc(*)ccc5-6)cc3c3ccccc3c2c1,2.490408725831275
*c1ccc(c2ccc(*)c[n+]2[O-])cc1,2.5032181815169774
*c1ccc(-c2ccc(c3cc(F)cc(*)c3OCC)s2)s1,2.7445197111349144
*c1cc2ccc3cc(c5ccc([N+]#[C-])c(*)c5)cc4ccc(c1)c2c34,2.5510040858216865
*c1ccc(c2cncc(*)n2)cc1,2.68123338636949
*c1ccc2c(c1)[nH]c1cc(c4ncc(*)c(N)c4N)ccc12,1.5681689545134023
*c1ccc2c(c1)[nH]c1cc(c4cnc(Cl)c(*)c4N)ccc12,1.7453740721138145
*c1cc2cc3sc(c4cnc(*)c(C(=O)O)c4)cc3cc2s1,3.283080877895838
*c1ccc(-c2ccc(c3ccc(OC)c(*)c3)s2)s1,2.527038614332603
*c1ccc2c(c1)C(C)(C)c1cc(c4cc(*)cc(F)c4C(=O)O)ccc1-2,2.692612486134843
*c1ccc2c(c1)C(C)(C)c1cc(c4cc(*)cc(CO)c4)ccc1-2,2.1260520001724106
*c1cc2cc3sc(c4cc(*)cc(NC(C)=O)c4)cc3cc2s1,2.5554766103881743
*c1ccc(c3cc(CC(N)C(=O)OC)cc(*)c3O)c2nsnc12,3.788585121340282
*c1ccc(c2cccc(*)c2CC#N)cc1,1.4527743264430335
*c1ccc(c3cnc(N)c(*)c3C(F)(F)F)c2nsnc12,3.6277500504354014
*c1cc2ccc3cc(c5cc(O)c(*)cc5C#N)cc4ccc(c1)c2c34,2.6521899522947865
*c1ccc2c(c1)C(C)(C)c1cc(c4cc(C=O)c(*)cn4)ccc1-2,3.250209266210436
*c1ccc2c(c1)C(C)(C)c1cc(c4cnc(N(C)C)c(*)n4)ccc1-2,2.336953110620315
*c1ccc(-c2ccc(c3cnc(OC)c(*)c3OC)s2)s1,2.6967533551776373
*c1ccc(c3cc(*)c4nc(Cl)sc4c3)c2nsnc12,3.751492806927476
*c1ccc(-c2ccc(c3cc(*)c(N)c([N+]([O-])=NC)c3)s2)s1,2.794357122860124
*c1cc(F)c(c2cc(C(N)=NO)cc(*)c2OC)cc1F,2.111311051884455
*c1ccc(c3cnc4n[nH]c(*)c4c3)c2nsnc12,3.835290184813564
*c1ccc(c3ccc(*)cc3S)c2nsnc12,3.6747023668442056
*c1ccc2c(c1)S(=O)(=O)c1cc(c4ccc(*)c(C=O)c4F)ccc1-2,3.139800901678285
*c1ccc(c3cc(Cl)c(*)cc3Cl)c2nsnc12,3.940027849929053
*c1ccc2c(c1)[nH]c1cc(c4cc(*)c(N)c(OC)c4)ccc12,1.513685449572809
*c1cc(F)c(c2ccc(O)c(*)c2)cc1F,1.9710201598796084
*c1cc(c3ccc(*)cc3)c2c(c1)CC(=O)N2,1.804708419967376
*c1cc2ccc3cc(c5ccc(*)nc5)cc4ccc(c1)c2c34,2.5242637973678304
*c1cc2cc3sc(c4cc(OC)c(O)c(C=O)c4*)cc3cc2s1,2.9307621617745667
*c1ccc2c(c1)[nH]c1cc(c4cnc(*)nc4)ccc12,2.572821154421052
*c1cc2cc3sc(c4cc(I)c(*)cc4I)cc3cc2s1,2.445216064897366
*c1ccc(c3[nH]nc4c(*)cncc34)c2nsnc12,3.882142593539734
*c1ccc(c2ncc(*)nc2N)cc1,2.5485807612886706
*c1ccc(-c2ccc(c3cc(*)cc4c3NC(=O)CC4)s2)s1,2.638266536857585
*c1cc2ccc3cc(c5ccsc5*)cc4ccc(c1)c2c34,2.522709497359653
*c1nc(c3ccc(*)cc3)nn1Cc1ccccc1,2.0976644903156174
*c1ccc(C(=O)c2ccc(c3cc(F)c(*)cc3F)cc2)cc1,3.130414392515815
*c1cc(c5ccc(*)cc5)c2ccc3cc(C(C)(C)C)cc4ccc1c2c43,2.6621962026432597
*c1ccc(-c2ccc(c3cc(OC)cc(*)n3)s2)s1,2.788263828159676
*c1ccc(c3c(CC)cc(*)cc3CC)c2nsnc12,3.63471015071507
*c1ccc2c(c1)S(=O)(=O)c1cc(c4cc(*)c(F)c(Cl)c4)ccc1-2,2.888256993315548
*c1ccc2c(c1)[nH]c1cc(c4ccc(*)c5sc(-c6ccccc6)nc45)ccc12,2.593670847085909
*c1ccc(-c2ccc(c3cc(*)c4c(c3)C(C)(C)C(=O)N4)s2)s1,2.66497097862322
*c1cc2cc3sc(c4cnc5n[nH]c(*)c5c4)cc3cc2s1,3.0454522667273776
*c1ccc(c2c(*)cncc2C(=O)O)cc1,2.627106256900015
*c1ccc2ccc3ccc(c4ccc(*)cc4)nc3c2n1,2.900889244779961
*c1cc(F)c(c2cc(C)c(*)cc2N)cc1F,1.637836517765506
*c1cc2ccc3cc(c5cc(C(C)(C)C)cc(*)c5Cl)cc4ccc(c1)c2c34,2.606755763474296
*c1cc(F)c(c2cc(C(C)(C)C)cc(*)c2N)cc1F,1.74018871756342
*c1ccc(-c2ccc(c3c(C)c([N+](=O)[O-])cc(*)c3OC)s2)s1,3.404397654947965
*c1ccc(c3cc(*)c(F)c(C#N)c3)c2nsnc12,3.86591389331583
*c1cc(F)c(c2sc(*)cc2CCCCCCCC)cc1F,2.7384893639102343
*c1ccc(c2nc(*)[nH]c2C)cc1,1.622765520350712
*c1cc(F)c(c2nc(*)sc2CO)cc1F,2.991157792472228
*c1cc(F)c(c2cc(OC)cc(*)c2C)cc1F,1.820106048308007
*c1ccc(c2cc(*)c(Cl)c(C(C)C)c2)cc1,2.001808790393784
*c1ccc(c3ncc(*)s3)c2nsnc12,4.058753007202165
*c1ccc2c(c1)S(=O)(=O)c1cc(c4c([N+](=O)[O-])ccc(*)c4F)ccc1-2,3.748620839929427
*c1ccc2c(c1)[nH]c1cc(c4cc(*)cc(C(N)=S)c4)ccc12,2.344209219228343
*c1[nH]nc2cnc(c3ccc(*)cc3)cc12,2.560669811782293
*c1ccc(-c2ccc(c3cc(*)c(C(=O)OC)nc3N)s2)s1,2.800748487970813
*c1cc(c3cc(F)c(*)cc3F)cc2c1OCC2,2.020214007374188
*c1ccc2c(c1)C(C)(C)c1cc(c4ccc(*)c(C(=O)OC)n4)ccc1-2,2.743741240454637
*c1cc(F)c(c2nc(C(=O)O)c(*)s2)cc1F,3.612425766182452
*c1cc2cc3sc(c4cc(*)cc(C(C)=O)c4)cc3cc2s1,2.832884363339299
*c1ccc(c2cc(*)cc(C)c2)cc1,1.7031275083995894
*c1cc2cc3sc(c4ccc5c(c4)Cc4cc(*)ccc4-5)cc3cc2s1,2.756799998673305
*c1ccc(c2ccc(C(=O)OC)c(*)c2)cc1,2.469411476694805
*c1cc(c3cc(F)c(*)cc3F)c2nc(Cl)sc2c1,2.897935823505028
*c1ccc2c(c1)S(=O)(=O)c1cc(c4cc(*)cc(C(=O)O)c4)ccc1-2,2.8892026517338367
*c1cc(c4ccc(*)cc4)c2nc(-c3ccc(C)cc3)ccc2c1,2.652665324909516
*c1ccc(c3cc(*)c4cn[nH]c4c3)c2nsnc12,3.572929792442433
*c1ccc2c(c1)S(=O)(=O)c1cc(c4cnc(*)c5ncnn45)ccc1-2,3.544444078422623
*c1cc2cc3sc(c4nc(*)c[nH]c4=O)cc3cc2s1,3.124323195276121
*c1cc2cc3sc(c4cc(*)c(C(=O)OC)nc4N)cc3cc2s1,2.7015659597544244
*c1ccc2c(c1)S(=O)(=O)c1cc(c4ccc(*)c(CCl)c4)ccc1-2,2.7365049058432565
*c1ccc(c3cc(*)cc(F)c3C)c2nsnc12,3.7335387704734906
*c1ccc(c3ccc(*)c4[nH]ncc34)c2nsnc12,3.691269125149704
*c1ccc(c3cc(O)c(*)cc3C#N)c2nsnc12,3.9018286491052425
*c1ccc2c(c1)[nH]c1cc(c4cnc(N)c(*)c4OC)ccc12,1.638205204877777
*c1cc2cc3sc(c4ccc(OC(C)C(=O)NN)c(*)c4)cc3cc2s1,2.391809226191159
*c1cc2ccc3cc(c5cc(*)cc(CC(=O)OC)c5)cc4ccc(c1)c2c34,2.549543713850754
*c1ccc(-c2ccc(c3ccc(*)cc3)cc2)cc1,2.079111147066133
*c1ccc2c(c1)C(C)(C)c1cc(c4c(C(F)(F)F)c(*)c[nH]c4=O)ccc1-2,2.726442101426727
*c1ccc2c(c1)C(C)(C)c1cc(c4cc(C)c(*)nc4C)ccc1-2,2.161167079910487
*c1ccc2c(c1)C(C)(C)c1cc(c4nc(*)[nH]c4C(F)(F)F)ccc1-2,2.357126207705406
*c1ccc2c(c1)C(C)(C)c1cc(c4ncc(*)cc4[N+](=O)[O-])ccc1-2,3.499580045373391
*c1cc2cc3sc(c4ccnc(-c5cc(*)ccn5)c4)cc3cc2s1,2.937535646117198
*c1ccc2c(c1)S(=O)(=O)c1cc(c4cc(*)cc5[nH]nc(N)c45)ccc1-2,2.591969954348662
*c1cc2ccc3cc(c5cc(*)ccc5OCC(=O)Cl)cc4ccc(c1)c2c34,2.650420273483038
*c1ccc2c(c1)C(C)(C)c1cc(c4cc(C(C)(C)C)cc(*)c4Cl)ccc1-2,2.1480354607449823
*c1ccc2c(c1)S(=O)(=O)c1cc(c4cc(*)cc(OC(F)F)c4)ccc1-2,2.803637519943304
*c1ccc2c(c1)[nH]c1cc(c4cc(*)cc(OC(F)(F)F)c4)ccc12,2.3171149204321955
*c1ccc(-c2ccc(c3cc(*)cc4cn[nH]c34)s2)s1,2.630402519951482
*c1ccc2c(c1)C(C)(C)c1cc(c4nc(*)n(C)n4)ccc1-2,2.360402611833143
*c1ccc2c(c1)C(C)(C)c1cc(c4ccc(C(F)(F)F)c(*)c4)ccc1-2,2.3472130279785395
*c1ccc2c(c1)[nH]c1cc(c4ncc(*)nc4N)ccc12,2.360948616522266
*c1ccc2c(c1)[nH]c1cc(c4cc(*)c(N=S(C)(C)=O)c([N+](=O)[O-])c4)ccc12,3.0997700735554075
*c1ccc(c2sc(*)cc2C(=O)O)cc1,3.0321743326400767
*c1ccc(c3cc(*)c(F)nc3C)c2nsnc12,3.7987827119429856
*c1ccc(-c2ccc(c3cccc(*)c3OC)s2)s1,2.6518172992172566
*c1cc(F)c(c2cc(*)cc(OC(F)F)c2N)cc1F,2.026912073781902
*c1ccc(-c2ccc(c3cc(*)c(OC)cc3F)s2)s1,2.636486148824144
*c1ccc(c2cc(*)c(OCC)c(C=CC(=O)O)c2)cc1,2.762927760846556
*c1ccc(c3cc(C)c(*)cc3C)c2nsnc12,3.612939290007835
*c1cc2cc3sc(c4nc(*)[nH]c4C(F)(F)F)cc3cc2s1,2.6184412520556983
*c1ccc(c2nc(*)c(Cl)nc2N)cc1,2.4018226967426664
*c1cc2ccc3cc(c5ccc6cc(*)ccc6c5)cc4ccc(c1)c2c34,2.484425175126266
*c1cc(F)c(c2cc(C)cc(*)c2C)cc1F,1.7478031737085329
*c1cc(F)c(c2cc(F)c(*)cc2[N+](=O)[O-])cc1F,3.694122541641768
*c1ccc2c(c1)c1cc(c5cc6cc7sc(*)cc7cc6s5)ccc1n2CC1CO1,2.2298815205225435
*c1ccc2c(c1)[nH]c1cc(c4c(N)c(Cl)cc(*)c4F)ccc12,1.722391439095699
*c1cc2cc3sc(c4cc(*)c5[nH]ccc5c4)cc3cc2s1,2.2802847836915467
*c1cc2cc3sc(c4cc(*)c(N)c([N+]([O-])=NC(C)(C)C)c4)cc3cc2s1,2.9321515596196357
*c1ccc(c2ccc(OC(C)(C)C)c(*)c2)cc1,1.729905177667597
*c1ccc(c2cc(*)c(N)c([N+]([O-])=NC(C)(C)C)c2)cc1,2.7509850570637178
*c1ccc2c(c1)C(C)(C)c1cc(c4ncc(*)cc4Cl)ccc1-2,2.6204811209864047
*c1cc2ccc3cc(c5c[nH]c6nc(C)c(*)cc56)cc4ccc(c1)c2c34,2.432977208068973
*c1cc2cc3sc(c4cnc(CO)c(*)c4)cc3cc2s1,2.730380387983419
*c1ccc2c(c1)C(C)(C)c1cc(c4ccc(N)c(*)c4)ccc1-2,1.7811361176711626
*c1ccc(-c2ccc(c3cc(*)cc(C#N)c3O)s2)s1,2.787123946804535
*c1ccc(-c2ccc(c3cc(*)c(N)c(CN(C)C4CCCCC4)c3)s2)s1,2.1760738837964877
*c1ccc2c(c1)c1cc(c4cc(F)c(*)cc4F)ccc1n2CC,1.8457034081457215
*c1ccc(c2nc(C#N)c(*)n2C)cc1,2.216592300161782
*c1ccc(-c2ccc(c3nc(*)[nH]c3C)s2)s1,2.4618506255638524
*c1cc2sc(c3cc(F)c(*)cc3F)cc2s1,3.149821606979825
*c1cc2cc3sc(c4sc(*)c([N+](=O)[O-])c4[N+](=O)[O-])cc3cc2s1,4.275106701200575
*c1ccc(c3ccc(*)c(Cl)c3C)c2nsnc12,3.749143917138054
*c1cc(F)c(c2c(F)c(*)c(F)c(F)c2F)cc1F,2.718291705500098
*c1cc(F)c(c2nn(C)c(*)c2C(=O)OCC)cc1F,2.392262629134298
*c1cc(F)c(c2cc(*)ncn2)cc1F,3.283411123779873
*c1ccc(c2cncc(*)c2C#N)cc1,2.9277358527481785
*c1cc2cc3sc(c4cc(*)cc(N5CCCCC5)c4)cc3cc2s1,2.278170093598515
*c1ccc(-c2ccc(c3cscc3*)s2)s1,2.465120663860154
*c1ccc2c(c1)[nH]c1cc(c4nc(*)c(C)cc4C)ccc12,1.8007169632560407
*c1ccc2c(c1)C(C)(C)c1cc(c4cncc(*)c4C)ccc1-2,2.035643943906216
*c1ccc2c(c1)S(=O)(=O)c1cc(c4cc(C=CC(=O)O)cc(*)c4OCC)ccc1-2,2.9110636928634515
*c1ccc(c3c[nH]c4ncc(*)nc34)c2nsnc12,3.5256819049308947
*c1cc2ccc3cc(c5cc(OC(F)F)cc(*)c5N)cc4ccc(c1)c2c34,2.506400723431628
*c1ccc2c(c1)S(=O)(=O)c1cc(c4cc(C)c(*)cc4C)ccc1-2,2.555105332736358
*c1ccc2c(c3ccc(*)cc3)nc(N)cc2c1,2.351109844103071
*c1ccc2c(c1)S(=O)(=O)c1cc(c4cc(*)c(C)c(C)c4N)ccc1-2,2.3999466842481567
*c1ccc2c(c1)C(C)(C)c1cc(c4cc(*)c5c(c4)OCCC5=O)ccc1-2,2.80535182180889
*c1ccc2c(c1)C(C)(C)c1cc(c4cc(*)c(N)c(F)c4)ccc1-2,1.9381163723466168
*c1cc(F)c(c2ccc(*)c(C)n2)cc1F,2.505727288996199
*c1ccc(c3ccc(*)c(F)c3F)c2nsnc12,3.881898458408775
*c1cc2ccc3cc(c5c(F)cc(F)c(*)c5[N+](=O)[O-])cc4ccc(c1)c2c34,3.445223495482336
*c1ccc2c(c1)[nH]c1cc(c4ccc(OC(C)C(=O)NN)c(*)c4)ccc12,1.7503337999300774
*c1ccc2c(c1)C(C)(C)c1cc(c4cc(*)cc5c4C(N)CCO5)ccc1-2,1.958582011512422
*c1cc2sc(c3ccc(*)cc3)cc2s1,2.7958402864415417
*c1ccc2c(c1)S(=O)(=O)c1cc(c4cc(*)cc(N5CCCCC5)c4)ccc1-2,2.4847348807586886
*c1ccc(c3c(F)ccc(*)c3F)c2nsnc12,3.746718322714755
*c1ccc2c(c1)S(=O)(=O)c1cc(c4cc(*)c(N)c(Cl)c4Cl)ccc1-2,2.69212153011669
*c1cc(c3ccc(*)cc3)c(OC)c2ncccc12,2.4145593092167643
*c1cc2cc3sc(c4cc(OC)cc(*)c4Cl)cc3cc2s1,2.614972717437487
*c1ccc(c2cc(C)cc(*)c2C)cc1,1.335365317475716
*c1ccc(c3cc(*)cc(NC(C)=O)c3)c2nsnc12,3.6131274051021975
*c1ccc(-c2ccc(c3cnc(*)c4nsnc34)s2)s1,4.073733776561105
*c1cc2cc3sc(c4cc(C=O)c(*)cn4)cc3cc2s1,3.4751373337904448
*c1cc2ccc3cc(c5cc(C=O)cc(*)c5OC)cc4ccc(c1)c2c34,2.7712435197080456
*c1cc2ccc3cc(c5cc(*)nc6cnccc56)cc4ccc(c1)c2c34,2.921582879953374
*c1ccc2c(c1)S(=O)(=O)c1cc(c4cc(C(C)(C)C)cc(*)c4O)ccc1-2,2.661445882966545
*c1ccc(c3ccc(*)c(Cl)c3F)c2nsnc12,3.882038982481725
*c1ccc2c(c1)S(=O)(=O)c1cc(c4cc(*)c(N)c(C(=O)O)c4F)ccc1-2,2.695915741129718
*c1ccc(c2cc(*)ccc2CC#N)cc1,1.783472979289605
*c1ccc2c(c1)S(=O)(=O)c1cc(c4cc(*)nc(N)n4)ccc1-2,3.091012782852098
*c1cccc2c1oc1c(c4ccc(-c5ccc(*)s5)s4)cccc12,2.756793996882082
*c1cc2ccc3cc(c5cc(*)cc([N+](=O)[O-])c5C)cc4ccc(c1)c2c34,3.3841560817151284
*c1ccc(c3cc(*)c(C(=O)O)cc3O)c2nsnc12,3.8760649226982617
*c1cc(F)c(c2sc(*)cc2C(=O)OC)cc1F,3.284539578374836
*c1ccc(-c2ccc(c3cccc(*)c3Cl)s2)s1,2.69944407159824
*c1ccc2c(c1)[nH]c1cc(c4cc(CCCC)cc(*)c4N)ccc12,1.4520782563362125
*c1nc(c3cc(F)c(*)cc3F)n(C2CCCCO2)n1,2.509293783386058
*c1ccc(c3ccccc3*)c2nsnc12,3.605432546467689
*c1ccc2c(c1)[nH]c1cc(c4cc(F)c(*)cc4F)ccc12,2.1814910060849244
*c1cc2cc3sc(c4cnc5c(*)cc(C)cn45)cc3cc2s1,2.5527365841647103
*c1cc(F)c(c2cc(*)cc(C#N)c2O)cc1F,2.459502518340858
*c1cc2cc3sc(c4cc(CC(N)C(=O)O)cc(*)c4O)cc3cc2s1,2.4687193570459343
*c1ccc2c(c1)[nH]c1cc(c4cc(*)cc(C)n4)ccc12,2.166866741565531
*c1cc2cc3sc(c4cc(*)c(Cl)c(Cl)c4)cc3cc2s1,2.9396704781909246
*c1ccc(c3ncc(*)[nH]3)c2nsnc12,3.693168086618603
*c1cc(F)c(c2cc(*)c(N)cc2C)cc1F,1.5612600381556891
*c1ccc2c(c1)S(=O)(=O)c1cc(c4ccc5c(c4)Cc4cc(*)ccc4-5)ccc1-2,2.7399127945533577
*c1ccc(c3sc(*)cc3CCCCCCCC)c2nsnc12,3.7670531066649766
*c1ccc(c3cc(*)ncc3C(=O)O)c2nsnc12,4.058513638963941
*c1ccc(c2cc(*)c(N)cc2OC)cc1,1.3889632598808488
*c1cc(F)c(c2cc(*)cnc2CC)cc1F,2.2454098615153306
*c1ccc(c3cc(C(F)(F)F)cc(*)c3N)c2nsnc12,3.6526499346757553
*c1ccc2c(c1)[nH]c1cc(c4c(C)ncc(*)c4C)ccc12,1.6562114407414326
*c1cc2ccc3cc(c5sc(*)c6c5C(=O)OC6=O)cc4ccc(c1)c2c34,3.6915403006535263
*c1cc2ccc3cc(c5cc(C)cc(*)c5F)cc4ccc(c1)c2c34,2.5130928382211493
*c1ccc(c3c(N)c(C)cc(*)c3Cl)c2nsnc12,3.577782407844004
*c1ccc2c(c1)C(C)(C)c1cc(c4cnc(N)c(*)c4C(F)(F)F)ccc1-2,2.495373410180397
*c1cc2cc3sc(c4cc(*)cc(C(F)(F)F)c4)cc3cc2s1,2.8130380923722846
*c1ccc2c(c1)[nH]c1cc(c4cc(C(=O)OC)[nH]c4*)ccc12,2.046291239440287
*c1ccc2c(c1)C(C)(C)c1cc(c4ccc(*)c(C)c4C)ccc1-2,1.8608647171095511
*c1ccc(c2cc(CC(=O)O)cc(*)c2O)cc1,1.9364716658719856
*c1ccc(c3c(C)c(C)cc(*)c3N)c2nsnc12,3.450359478218463
*c1ccc(c3cc(*)c(C)s3)c2nsnc12,3.5939574013767066
*c1cc2ccc3cc(c5nc(*)cn6ncnc56)cc4ccc(c1)c2c34,2.824899823858632
*c1ccc2c(c1)[nH]c1cc(c4c(C)sc(*)c4C)ccc12,1.822149304434469
*c1cc(F)c(c2cnc(*)c(C(=O)OC)c2)cc1F,3.0215979703900286
*c1ccc2c(c1)[nH]c1cc(c4[nH]nc5ccc(*)cc45)ccc12,2.1743195896779333
*c1ccc(c2ccc(C=O)c(*)n2)cc1,3.286882186008074
*c1ccc2c(c1)S(=O)(=O)c1cc(c4cnc(N)c(*)c4C)ccc1-2,2.479975980416825
*c1ccc2c(c1)S(=O)(=O)c1cc(c4cc(*)c(Cl)c(CC)c4)ccc1-2,2.7650624431640707
*c1ccc2c(c1)S(=O)(=O)c1cc(c4cc(*)c(OCC)c(C=CC(=O)O)c4)ccc1-2,2.914180328062506
*c1cc2ccc3cc(c5cc(C=O)cc(*)c5OC(C)=O)cc4ccc(c1)c2c34,2.978122285610829
*c1ccc2c(c1)C(C)(C)c1cc(c4ncc(*)nc4N)ccc1-2,2.6427884939892627
*c1ccc2c(c1)[nH]c1cc(c4ncc(*)c(C)c4[N+](=O)[O-])ccc12,3.214682986089978
*c1cc2ccc3cc(c5ccc6c(c5)-c5cc(*)ccc5S6(=O)=O)cc4ccc(c1)c2c34,2.656845881824686
*c1ncc2cc(c3ccc(*)cc3)ccc2n1,3.011638113715098
*c1ccc2c(c1)S(=O)(=O)c1cc(c4ccc(-c5ccc(*)s5)s4)ccc1-2,3.199627832468608
*c1ccc2c(c1)C(C)(C)c1cc(c4cc(OC)c(OC)cc4*)ccc1-2,2.089510309043636
*c1cc2cc3sc(c4ccc5nc(*)ccc5c4)cc3cc2s1,3.0881286053755974
*c1cc2cc3sc(c4ccc5c(c4)-c4cc(*)ccc4S5(=O)=O)cc3cc2s1,2.9815894095676554
*c1ccc(c3nc(*)cn4c(Cl)cnc34)c2nsnc12,3.795975959685256
*c1ccc2c(c1)C(C)(C)c1cc(c4ccc(*)c(Cl)c4C)ccc1-2,2.1566596825350084
*c1ccc2c(c1)C(C)(C)c1cc(c4cc(CO)c(*)cn4)ccc1-2,2.4602950528728265
*c1ccc(c2cc(*)cc(C)c2[N+](=O)[O-])cc1,3.326887972082593
*c1cc(F)c(c2cc(C(=O)O)c(*)cc2O)cc1F,2.533579659778213
*c1ccc2c(c1)C(=O)c1ccc(c4cc(F)c(*)cc4F)cc1C2=O,4.259273048467289
*c1ccc2c(c1)C(C)(C)c1cc(c4ccc(*)c(C=O)c4F)ccc1-2,2.925168536753744
*c1ccc2c(c1)S(=O)(=O)c1cc(c4cc(*)c(OCCC)c(C=O)c4)ccc1-2,2.914883714192813
*c1ccc(c2ccc(*)c(C(=O)OCC)c2)cc1,2.317001710340558
*c1cc(F)c(c2cc(F)cc(*)c2Cl)cc1F,2.308362104226916
*c1ccc(c2ccc(*)n2C(=O)OC(C)(C)C)cc1,1.976560323251889
*c1ccc2c(c1)S(=O)(=O)c1cc(c4cc(*)c5c(c4)CCCN5)ccc1-2,2.3985189357714445
*c1ccc2c(c1)C(C)(C)c1cc(c4cc(O)cc(*)c4N)ccc1-2,1.8190860575736387
*c1ccc(C(=O)c2ccc(c3ccc(*)cc3)cc2)cc1,2.9198158684731963
*c1ccc2c(c1)C(C)(C)c1cc(c4ncc(*)nc4C(=O)O)ccc1-2,3.2016743542155592
*c1ccc(c3cc(F)c(C)c(*)c3N)c2nsnc12,3.5889982116282653
*c1ccc(-c2ccc(c3cc(*)c(C(=O)O)cc3O)s2)s1,2.997849483058892
*c1ccc(-c2ccc(c3cc(C(=O)O)c(*)cc3C(=O)O)s2)s1,3.386119701691628
*c1ccc2c(c1)C(C)(C)c1cc(c4ccc(*)c5nonc45)ccc1-2,3.4906204378960046
*c1ccc(-c2ccc(c3nc(*)c[nH]c3=O)s2)s1,3.122050798238966
*c1ccc2c(c1)[nH]c1cc(c4cc(*)c(Cl)cc4F)ccc12,2.0901406858597205
*c1cc2ccc3cc(c5cc6ccc7cc(*)cc8ccc(c5)c6c78)cc4ccc(c1)c2c34,2.5686999920523945
*c1ccc2c(c1)S(=O)(=O)c1cc(c4cc(Cl)c(F)c(*)c4N)ccc1-2,2.642371828500312
*c1ccc2c(c1)S(=O)(=O)c1cc(c4nc(*)nn4Cc4ccccc4)ccc1-2,2.850427771363627
*c1ccc(-c2ccc(c3cc(*)cc(C(F)(F)F)c3N)s2)s1,2.497404041385039
*c1ccc2c(c1)C(C)(C)c1cc(c4ccc5c(c4)c4cc(*)ccc4n5CC)ccc1-2,1.898910196075806
*c1ccc(-c2ccc(c3cc(*)cc(C=O)c3)s2)s1,2.971692079347363
*c1ccc2c(c1)S(=O)(=O)c1cc(c4cc(C(C)(C)C)cc(*)c4Cl)ccc1-2,2.7223350837359286
*c1cc2cc3sc(c4c(C)c(Cl)cc(*)c4N)cc3cc2s1,2.257929300405117
*c1cnc(OCc2ccccc2)c(c3cc(F)c(*)cc3F)c1,2.215810205531958
*c1ccc(-c2ccc(c3cc(*)c(NC(C)=O)c(C(C)=O)c3)s2)s1,2.9005226688600665
*c1ccc(c2cc(*)cc(CO)c2)cc1,1.822732362167232
*c1ccc(-c2ccc(c3cc(OC(F)F)cc(*)c3Cl)s2)s1,2.9449575514717754
*c1cc2ccc3cc(c5cc(*)c6ccc7cc(C(C)(C)C)cc8ccc5c6c87)cc4ccc(c1)c2c34,2.6666057470516824
*c1ccc(c2cc(*)cc(C(=O)O)c2OC)cc1,2.2930928411165583
*c1ccc2c(c1)S(=O)(=O)c1cc(c4ccc(*)c5nonc45)ccc1-2,3.742694024495139
*c1cc(F)c(c2nc(*)cn(C)c2=O)cc1F,2.9952099978856443
*c1ccc2c(c1)C(C)(C)c1cc(c4cc(C(=O)O)cc(*)c4O)ccc1-2,2.3550542968902475
*c1ccc2c(c3cc(F)c(*)cc3F)nc(N)cc2c1,2.546603917826088
*c1ccc(c3cc(*)cc(N)n3)c2nsnc12,3.5745521753163354
*c1cc2cc3sc(c4ccc5[nH]c6c([N+](=O)[O-])cc(*)cc6c5c4)cc3cc2s1,3.4199518222430614
*c1cc(c3cc(F)c(*)cc3F)cc2c1C(N)CCO2,1.902438705749169
*c1ccc(-c2ccc(c3[nH]c(*)nc3C(=O)OC)s2)s1,3.0073030097330435
*c1ccc2c(c1)S(=O)(=O)c1cc(c4cnc(*)cc4N)ccc1-2,2.705403161075619
*c1ccc(c3ccc([N+]#[C-])c(*)c3)c2nsnc12,3.7111219907367423
*c1ccc2c(c1)S(=O)(=O)c1cc(c4cc(*)c(C(=O)OC)nc4N)ccc1-2,2.814826259107507
*c1ccc(c2ccc(*)c(Cl)c2C)cc1,1.694516851329961
*c1ccc2c(c1)S(=O)(=O)c1cc(c4cc(*)cc(OC(F)(F)F)c4N=C=S)ccc1-2,3.175926419876503
*c1ccc(-c2ccc(c3csc4c(*)csc34)s2)s1,2.698346848806614
*c1ccc(c2cc(*)c([N+](=O)[O-])cn2)cc1,3.746855670544983
*c1ccc2c(c1)[nH]c1cc(c4cc(C(F)(F)F)c(*)cn4)ccc12,2.489556835084662
*c1ccc(c2c(C)c([N+](=O)[O-])cc(*)c2OC)cc1,3.354919964803696
*c1cc2ccc3cc(c5cnc(C#N)c(*)c5)cc4ccc(c1)c2c34,2.8266330336270027
*c1ccc(-c2ccc(c3c(OC)cc(*)c4ncccc34)s2)s1,3.062889742981993
*c1ccc(-c2ccc(c3cc(*)c(N)c(C#N)c3)s2)s1,2.4817656672019948
*c1ccc(c3cc(C=CC(=O)O)cc(*)c3OC(C)C)c2nsnc12,3.776604333434696
*c1ccc2c(c1)c1cc(c4ccc(*)cc4)ccc1n2CC,1.4786114830987231
*c1cc(c5cc6cc7sc(*)cc7cc6s5)c2ccc3cc(C(C)(C)C)cc4ccc1c2c43,2.999481879405985
*c1ccc(c3cc(F)c(*)cc3F)c2nsnc12,3.88170993490873
*c1cc2ccc3cc(c5cc(*)c(Cl)c(Cl)c5)cc4ccc(c1)c2c34,2.708772407929216
*c1cccc(-c2cccc(c3ccc(*)cc3)n2)n1,2.2600307471842123
*c1ccc(c2cc(*)ccc2C)cc1,1.5435354152797491
*c1ccc2c(c1)C(=O)c1ccc(c4ccc(*)c5nsnc45)cc1C2=O,4.316874021850985
*c1cc2cc3sc(c4nc(*)sc4C=O)cc3cc2s1,3.789765039052563
*c1cc2cc3sc(c4ccc(C(=O)OC)c(*)c4)cc3cc2s1,2.946969567289618
*c1cc2ccc3cc(c5cnc6c(*)cnn6c5)cc4ccc(c1)c2c34,2.530270786025944
*c1cc(F)c(c2ncc(*)c(C)n2)cc1F,2.9813551429929417
*c1ccc(c3cc(*)c(C)nc3C)c2nsnc12,3.668004794939019
*c1cc2cc3sc(c4cc(Cl)cc(*)c4O)cc3cc2s1,2.706878525461023
*c1ccc2c(c1)C(C)(C)c1cc(c4cc(C(F)(F)F)nc(*)c4N)ccc1-2,2.3847146303340345
*c1ccc(-c2ccc(c3cc(F)cc(*)c3[N+]#[C-])s2)s1,2.8880343165551223
*c1ccc2c(c1)S(=O)(=O)c1cc(c4cc(C)nc(*)c4N)ccc1-2,2.6136455274298864
*c1ccc(-c2ccc(c3cc(F)cc(*)c3N)s2)s1,2.480421230523133
*c1ccc2c(c1)[nH]c1cc(c4ccnc(*)c4[N+](=O)[O-])ccc12,3.22413623934544
*c1ccc2c(c1)C(C)(C)c1cc(c4sc(*)c(C(=O)O)c4C(=O)O)ccc1-2,3.235310898714557
*c1ccc2[nH]c3ccc(c4ccc(*)cc4)cc3c2c1,1.485504735443429
*c1ccccc1-c1ccccc1c3ccc(*)cc3,1.7457378345376515
*c1ccc(c3cc(Cl)cc(*)c3[N+](=O)[O-])c2nsnc12,4.167528325890699
*c1ccc(-c2ccc(c3ccc(OC(C)C(=O)NN)c(*)c3)s2)s1,2.519732375625839
*c1cc2ccc3cc(c5ccc6c(c5)C(=O)c5cc(*)ccc5-6)cc4ccc(c1)c2c34,3.4155314189554327
*c1ccc2c(c1)S(=O)(=O)c1cc(c4cnc5c(*)cnn5c4)ccc1-2,2.790287695396155
*c1ccc(c3cc(*)cc(O)c3)c2nsnc12,3.6009006602876106
*c1ccc(c3cc(OC)cc(*)n3)c2nsnc12,3.681366001810302
*c1ccc(-c2ccc(c3ncc(*)[nH]3)s2)s1,2.7314146101112997
*c1ccc2c(c1)[nH]c1cc(c4cc(*)ccc4C)ccc12,1.6458610676757124
*c1ccc(c3cc(*)cc(N4CCCC4)c3)c2nsnc12,3.3913701153383835
*c1ccc2c(c1)S(=O)(=O)c1cc(c4ccc(CO)c(*)c4)ccc1-2,2.6287321161634405
*c1c2ccccc2c(-c2c3ccccc3c(c7cc(F)c(*)cc7F)c3ccccc23)c2ccccc12,2.899868180174045
*c1cc(F)c(c2ncc(*)n2C)cc1F,2.2197228565304203
*c1cc2cc3sc(c4cc(C)cc(*)n4)cc3cc2s1,2.687085267585873
*c1ccc2c(c1)C(C)(C)c1cc(c4cc(*)c(C)nc4C)ccc1-2,2.044251352833734
*c1ccc2c(c1)[nH]c1cc(c4c(F)cc(F)c(*)c4[N+](=O)[O-])ccc12,3.3148088633640422
*c1cc2ccc3cc(c5cc(*)c6c(c5)CC(=O)N6)cc4ccc(c1)c2c34,2.514247058569941
*c1ccc(-c2ccc(c3cc(*)c(F)cc3F)s2)s1,2.874019450749304
*c1ccc(-c2ccc(c3cc(*)cc(C(=O)Cl)c3)s2)s1,3.269619212344914
*c1ccc(c2sc(*)nc2C)cc1,2.883465722461988
*c1cc2cc3sc(c4cc(*)cc5cn[nH]c45)cc3cc2s1,2.538924486621929
*c1ccc(-c2ccc(c3c(N)c(Cl)cc(*)c3F)s2)s1,2.547270304237776
*c1ccc(-c2ccc(c3nc(*)c(Cl)nc3N)s2)s1,2.915978609877377
*c1ccc(-c2ccc(c3ccsc3-c3sccc3*)s2)s1,2.7079102387264533
*c1ccc2c(c1)[nH]c1cc(c4ccc(C)c(*)n4)ccc12,1.9842789180455929
*c1ccc2c(c1)S(=O)(=O)c1cc(c4cc(*)cc(F)c4)ccc1-2,2.772167121865293
*c1ccc2c(c1)S(=O)(=O)c1cc(c4c(C)c(Cl)cc(*)c4N)ccc1-2,2.544354456598999
*c1cc(F)c(c2c(N)ccc(*)c2F)cc1F,1.7438977993502252
*c1ccc2c(c1)[nH]c1cc(c4cnc(*)cc4N)ccc12,1.8568105666371089
*c1[nH]nc2ccc(c3ccc(*)cc3)cc12,2.296720831398928
*c1cc2ccc3cc(c5ccc(*)nn5)cc4ccc(c1)c2c34,2.724753703700191
*c1ccc(c3nc(*)c(C)cc3C)c2nsnc12,3.596507497311792
*c1ccc2c(c1)S(=O)(=O)c1cc(c4cc(O)cc(*)c4N)ccc1-2,2.459612675549729
*c1cc2ccc3cc(c5cnc(N(C)C)c(*)n5)cc4ccc(c1)c2c34,2.4006054122268106
*c1cc2ccc3cc(c5c(N)c(F)cc(*)c5C(F)(F)F)cc4ccc(c1)c2c34,2.567632189430652
*c1cc2cc3sc(c4cc(*)c5cn[nH]c5c4)cc3cc2s1,2.68827245170982
*c1ccc2c(c1)S(=O)(=O)c1cc(c4ncc(*)n4C)ccc1-2,2.755472326514888
*c1cc(c3ccc(*)cc3)c2ncnc(Cl)c2c1,3.191066428675441
*c1cc2ccc3cc(c5cc(*)c(C)c(C)c5N)cc4ccc(c1)c2c34,2.39740014979866
*c1nc2cc(c3cc(F)c(*)cc3F)ccn2n1,2.7229393772911603
*c1ccc(-c2ccc(c3ccc(*)c(F)c3C)s2)s1,2.9111229136619965
*c1cc2ccc3cc(c5ncc(*)cc5C#N)cc4ccc(c1)c2c34,2.79651645103383
*c1ccc(-c2ccc(c3nc(*)ccc3O)s2)s1,2.751558198582802
*c1cc2cc3sc(c4ccc(-c5ccc(*)cc5)cc4)cc3cc2s1,2.738244443419509
*c1cc2ccc3cc(c5cc(Cl)c(*)cc5C)cc4ccc(c1)c2c34,2.6063467794256594
*c1cc2cc3sc(c4cc(*)c5nc(-c6ccccc6O)ccc5c4)cc3cc2s1,3.0277388055492223
*c1ccc(c2cc(CC(N)C(=O)OC)cc(*)c2O)cc1,1.7826621268941611
*c1cc(F)c(c2cc(*)cc(C(C)=O)c2)cc1F,2.7636345227984807
*c1ccc(c2ccc(C)cc2*)cc1,1.646897488468288
*c1ccc2c(c1)[nH]c1cc(c4cc(*)cc(CC(=O)OC)c4)ccc12,1.9067984047484483
*c1ccc(-c2ccc(c3nc(C)c(*)n3C)s2)s1,2.6469719525996305
*c1ccc(c3cc(*)c(OCc4ccccc4)c(C=O)c3)c2nsnc12,3.8429763817429934
*c1ccc2c(c1)S(=O)(=O)c1cc(c4ccc5ccc(*)nc5c4)ccc1-2,3.024545450162813
*c1ccc2c(c1)[nH]c1cc(c4ccc(*)cc4S)ccc12,1.8285169842195343
*c1ccc2c(c1)C(C)(C)c1cc(c4cc(*)c(C(=O)OC)nc4N)ccc1-2,2.407503204997162
*c1ccc2c(c1)C(C)(C)c1cc(c4c(N)c(C)cc(*)c4F)ccc1-2,1.8790076444841648
*c1ccc(c2cc(F)c(*)c([N+](=O)[O-])c2F)cc1,3.4749866870087107
*c1cc2ccc3cc(c5ccc6cccc(*)c6n5)cc4ccc(c1)c2c34,2.6934938571380966
*c1ccc2c(c1)C(C)(C)c1cc(c4ccc(*)cc4F)ccc1-2,2.3566891873727105
*c1ccc2c(c1)S(=O)(=O)c1cc(c4cc(C=CC(=O)O)cc(*)c4OCC(=O)OC)ccc1-2,3.037706817751212
*c1ccc2c(c1)S(=O)(=O)c1cc(c4ccc(OC(C)C(=O)O)c(*)c4)ccc1-2,2.731343519380308
*c1ccc(-c2ccc(c3ccccc3-c3ccccc3*)s2)s1,2.5174934901024173
*c1ccc2c(c1)S(=O)(=O)c1cc(c4cc(N)c([N+](=O)[O-])c(*)n4)ccc1-2,3.507315941749209
*c1cc(F)c(c2cc(Cl)c(*)cc2Cl)cc1F,2.688538763498114
*c1ccc(c2cc(C(N)=NO)cc(*)c2OC)cc1,1.8179095998737016
*c1ccc(-c2ccc(c3cc(*)cc(OC(F)F)c3N)s2)s1,2.4800624242714298
*c1ccc2c(c1)[nH]c1cc(c4cc(*)ccc4C(N)=O)ccc12,1.988686143255689
*c1ccc2c(c1)C(C)(C)c1cc(c4c[nH]c5nc(C)c(*)cc45)ccc1-2,1.9334046597164825
*c1ccc(c3ccc(*)c(C(=O)OCC)c3)c2nsnc12,3.859199559936948
*c1cc2ccc3cc(c5ccc(*)c6nc(Cl)sc56)cc4ccc(c1)c2c34,2.655006937042113
*c1cc(F)c(c2cc(*)c(Cl)c(C(C)C)c2)cc1F,2.360926118695428
*c1cc2c(s1)-c1sc(c4ccc(*)c5nsnc45)cc1C2=O,4.214466176100006
*c1cc(F)c(c2cc(C=CC(=O)O)cc(*)c2OCCC)cc1F,2.961979843218709
*c1ccc(c3ccc(*)cc3C(F)(F)F)c2nsnc12,3.777531466927135
*c1ccc2c(c1)S(=O)(=O)c1cc(c4cc(Cl)cc(*)c4O)ccc1-2,2.798316915112529
*c1ccc(c3c(C(F)(F)F)c(*)c[nH]c3=O)c2nsnc12,3.795088186429657
*c1ccc(c3cc(C(=O)O)cc(*)c3O)c2nsnc12,3.9979331344234432
*c1ccc(-c2ccc(c3cncc(*)c3C=O)s2)s1,3.302119735408299
*c1ccc2c(c1)[nH]c1cc(c4cc(OC)cc(*)c4O)ccc12,1.780443061311917
*c1cc2cc3sc(c4cc(N)c(*)cc4[N+](=O)[O-])cc3cc2s1,3.112203819671344
*c1ccc2c(c1)[nH]c1cc(c4c(*)cncc4C(=O)O)ccc12,2.462771078195485
*c1cc2cc3sc(c4c(F)cc(F)c(*)c4F)cc3cc2s1,2.8263545920967874
*c1ccc2c(c1)C(C)(C)c1cc(c4cc(Cl)c(*)cc4Cl)ccc1-2,2.4627204633142368
*c1ccc2c(c1)C(C)(C)c1cc(c4cc(*)cc(O)c4)ccc1-2,2.113155791782112
*c1ccc2c(c1)[nH]c1cc(c4cc(*)c(N)c(Cl)c4Cl)ccc12,1.8342438242276469
*c1ccc(c3ccc(*)c4nccnc34)c2nsnc12,3.790883476920431
*c1ccc2c(c1)S(=O)(=O)c1cc(c4ccc(*)cc4)ccc1-2,2.759534820081871
*c1cc2cc3sc(c4c(N)cc(Cl)c(*)c4Cl)cc3cc2s1,2.3398142481689
*c1ccc(-c2ccc(c3cc(Cl)cc(*)c3O)s2)s1,2.829915065268653
*c1cc2ccc3cc(c5c([N+](=O)[O-])ccc(*)c5F)cc4ccc(c1)c2c34,3.590911343864501
*c1ccc2c(c1)[nH]c1cc(c4nc(*)cn5c(Cl)cnc45)ccc12,2.606996227409367
*c1ccc(-c2ccc(c3cc(*)cc(CNC4CCC(O)CC4)c3N)s2)s1,2.20654241128902
*c1ccc(c2ccc(*)cc2CN)cc1,1.6012927737169207
*c1ccc2c(c1)C(C)(C)c1cc(c4cc(C(=O)O)cc(*)c4N)ccc1-2,2.076161851100167
*c1cc2cc3sc(c4c(N)c(F)cc(*)c4Cl)cc3cc2s1,2.376884275920736
*c1cc2cc3sc(c4cc(*)c(OCC)c(C=CC(=O)O)c4)cc3cc2s1,2.863959154356423
*c1cc(F)c(c2ccc(C(=O)OC)c(*)c2)cc1F,2.7977861563853645
*c1cc2cc3sc(c4c(Cl)ccc(*)c4Cl)cc3cc2s1,2.7339693964173755
*c1ccc2c(c1)C(C)(C)c1cc(c4cc(F)cc(*)c4OC)ccc1-2,2.2416564021025223
*c1cc2ccc3cc(c5ccc(*)c(OC)c5)cc4ccc(c1)c2c34,2.500383296582269
*c1ccc2c(c1)[nH]c1cc(c4ccc(*)c(Cl)c4F)ccc12,2.147588142126144
*c1ccc(-c2ccc(c3cc(*)c(N)c(C)c3Cl)s2)s1,2.448044834415101
*c1cc2cc3sc(c4cncc(*)c4C)cc3cc2s1,2.478715094205946
*c1ccc(c3cc(F)c(*)cc3F)c2nc(Cl)sc12,2.8664716155698
*c1ccc2c(c1)C(C)(C)c1cc(c4ncc(*)c5[nH]cc(C(=O)O)c45)ccc1-2,2.5162285415787315
*c1ccc2c(c1)S(=O)(=O)c1cc(c4nn(C)c(*)c4C(=O)OCC)ccc1-2,2.891631673741008
*c1ccc2c(c1)S(=O)(=O)c1cc(c4cc(C(=O)OC)c(*)cc4C(=O)OC)ccc1-2,3.204578915988205
*c1ccc2c(c1)C(C)(C)c1cc(c4cc(*)c5c(=O)[nH][nH]c5c4)ccc1-2,2.321840412565929
*c1ccc2c(c1)C(C)(C)c1cc(c4cc(*)cnc4OC)ccc1-2,2.186329797967113
*c1ccc2c(c1)C(C)(C)c1cc(c4cnc5c(ccc6cc(*)cnc65)c4)ccc1-2,2.6426764659516366
*c1cc(F)c(c2cc(*)cc(F)c2C(=O)O)cc1F,2.9625857982504264
*c1ccc(c3nc(*)c(C(=O)O)s3)c2nsnc12,4.213403488239042
*c1ccc(-c2ccc(c3cc(OC)c(*)cc3OC)s2)s1,2.8519660348927665
*c1ccc(-c2ccc(c3cncc(*)c3)s2)s1,2.8415939101181404
*c1ccc2c(c1)[nH]c1cc(c4c(C)nc(C)c(*)c4C)ccc12,1.5581118546611898
*c1ccc(c3cncc(*)c3C=O)c2nsnc12,3.961820362055768
*c1ccc2c(c1)[nH]c1cc(c4cc(OC)c(OC)cc4*)ccc12,1.74798488417556
*c1ccc2c(c1)C(C)(C)c1cc(c4cc(F)cc(*)c4OC(C)C)ccc1-2,2.206430467872293
*c1ccc2c(c1)[nH]c1cc(c4cc(*)ccc4S)ccc12,1.758406197630791
*c1ccc2c(c1)C(C)(C)c1cc(c4ccc(*)c5[nH]ncc45)ccc1-2,2.37815671073902
*c1ccc2c(c1)S(=O)(=O)c1cc(c4cc(C(F)(F)F)cc(*)c4N)ccc1-2,2.601207386639791
*c1ccc(-c2ccc(c3cc(C(C)=O)cc(*)c3N)s2)s1,2.5108470641951848
*c1cc(F)c(c2cnc(*)c(C(C)=O)n2)cc1F,3.45651311629607
*c1c2ccccc2c(-c2c3ccccc3c(c7ccc8c(c7)S(=O)(=O)c7cc(*)ccc7-8)c3ccccc23)c2ccccc12,3.068200000024103
*c1cc2cc3sc(c4cnc(*)cc4F)cc3cc2s1,3.154520724360083
*c1cc2ccc3cc(c5cc(*)cc(F)c5C(=O)O)cc4ccc(c1)c2c34,2.780687966447969
*c1ccc2c(c1)[nH]c1cc(c4cc(*)c(N)c(C(=O)O)c4F)ccc12,2.1169798262791435
*c1ccc(c3ncc(*)c(C)n3)c2nsnc12,3.85910188672735
*c1ccc2c(c1)[nH]c1cc(c4cc(F)c(*)c(Cl)c4)ccc12,2.163998242468958
*c1ccc2c(c1)S(=O)(=O)c1cc(c4cc(*)cc(NC(C)=O)c4)ccc1-2,2.6655491816163988
*c1cc2cc3sc(c4cc(F)cc(*)c4OC(C)C)cc3cc2s1,2.6067903774072536
*c1ccc2c(c1)S(=O)(=O)c1cc(c4ccc(*)c(C)c4)ccc1-2,2.643077231010696
*c1cc2cc3sc(c4cc(*)sc4C(=O)O)cc3cc2s1,3.428025563222004
*c1ccc2c(c1)[nH]c1cc(c4ccc(*)c[n+]4[O-])ccc12,2.337400807696167
*c1ccc(-c2ccc(c3nc(*)sc3CO)s2)s1,3.003969105460651
*c1ccc(-c2ccc(c3cc(*)cc(C(F)(F)F)c3)s2)s1,2.901578002156157
*c1cc(F)c(c2cc(*)ccc2F)cc1F,2.2792320065387246
*c1ccc(c2cnc([N+](=O)[O-])c(*)c2)cc1,3.5921348033481806
*c1cc(F)c(c2ccc(C(=O)O)c(*)n2)cc1F,3.229352445812914
*c1cc2sc3cc(c4cc(F)c(*)cc4F)sc3c2s1,3.19156921464964
*c1cc2cc3sc(c4cc(C(F)(F)F)cc(*)c4N)cc3cc2s1,2.387777288909891
*c1ccc2c(c1)C(C)(C)c1cc(c4sc(*)cc4C(=O)O)ccc1-2,2.9793355447499503
*c1cc(Cl)cn2c(c3cc(F)c(*)cc3F)cnc12,2.590385562788513
*c1cc(F)c(c2c(N)c(F)cc(*)c2Cl)cc1F,1.9190560228818432
*c1ccc2c(c1)[nH]c1cc(c4cc(*)cc(F)c4)ccc12,1.9498792288856128
*c1cc2ccc3cc(c5ncc(*)n6ccnc56)cc4ccc(c1)c2c34,2.768579423573762
*c1ccc2c(c1)C(C)(C)c1cc(c4cc(*)cc(OC)c4)ccc1-2,2.097149313680892
*c1ccc2c(c1)C(C)(C)c1cc(c4ncc(*)[nH]4)ccc1-2,2.322197302869108
*c1c2c(=O)oc(=O)c2c(c4ccc(*)c5nsnc45)c2c(=O)oc(=O)c12,5.1251927047659045
*c1cc(F)c(c2cc(*)c(C#N)c(F)c2)cc1F,3.074350148133884
*c1ccc(-c2ccc(c3cnc(*)c(C(=O)OC)c3)s2)s1,3.346969284534115
*c1cc(F)c(c2cc(*)c(F)c(C#N)c2N)cc1F,2.2280287911469734
*c1ccc2c(c1)C(C)(C)c1cc(c4cc(F)c(*)cc4C#N)ccc1-2,2.7346598445127235
*c1ccc(c3cc(C(=O)NN)cc(*)c3O)c2nsnc12,3.789160046870888
*c1ccc2c(c1)S(=O)(=O)c1cc(c4cc(*)cc5cn[nH]c45)ccc1-2,2.6449544849667457
*c1ccc(-c2ccc(c3cc(*)c(O)c([N+](=O)[O-])c3C)s2)s1,3.5662365578813557
*c1cc(c4ccc(*)c5nsnc45)c2nc(-c3ccccc3O)ccc2c1,3.647155759588626
*c1ccc(-c2ccc(c3ccc(O)c(*)c3)s2)s1,2.548805645954447
*c1cc2ccc3cc(c5cc(C)cc(*)c5C)cc4ccc(c1)c2c34,2.4959456825209285
*c1cc2ccc3cc(c5ccc(*)c(Cl)c5F)cc4ccc(c1)c2c34,2.661660710677164
*c1ccc(-c2ccc(c3cc(*)c(F)c(C#N)c3)s2)s1,2.993649122742381
*c1ccc(c2cc(C)c([N+](=O)[O-])c(*)c2N)cc1,3.1126686605070746
*c1ccc2c(c1)[nH]c1cc(c4ccc(OC(C)C(=O)O)c(*)c4)ccc12,1.8854075075608747
*c1cc2cc3sc(c4cc(*)ccc4-c4ccccc4)cc3cc2s1,2.5479125726283907
*c1ccc(-c2ccc(c3cc(O)cc(*)c3N)s2)s1,2.351589176711058
*c1cc2cc3sc(c4cc(*)cc(CC(F)(F)F)c4)cc3cc2s1,2.662538821762093
*c1cc(F)c(c2ccc(*)c(C)c2[N+](=O)[O-])cc1F,3.447903060244155
*c1ccc2c(c1)C(C)(C)c1cc(c4ncc(*)cc4F)ccc1-2,2.677554932123108
*c1ccc(-c2ccc(c3ccc(C(=O)OC)c(*)c3)s2)s1,3.029022500392232
*c1ccc2c(c1)[nH]c1cc(c4cc(*)c5nc(-c6ccccc6O)ccc5c4)ccc12,2.63189007289774
*c1cc2cc3sc(c4cnc(F)c(*)c4)cc3cc2s1,2.8705976926595635
*c1ccc2c(c1)S(=O)(=O)c1cc(c4cc(N)c(*)cc4[N+](=O)[O-])ccc1-2,3.0904578910019262
*c1cc(F)c(c2cc(*)cc(CBr)c2)cc1F,2.2006522463991205
*c1ccc(c3cc(N)c(*)cc3[N+](=O)[O-])c2nsnc12,3.7912267997602864
*c1ccc(c3cc(*)cc(C#N)c3)c2nsnc12,3.775215829890961
*c1ccc2c(c1)S(=O)(=O)c1cc(c4cc(N)cc(*)c4F)ccc1-2,2.5553649876107034
*c1ccc2c(c1)C1(CCOCC1)c1cc(c5ccc6c(c5)[nH]c5cc(*)ccc56)ccc1-2,2.150520594235948
*c1ccc(-c2ccc(c3ccc(CC(=O)O)c(*)c3)s2)s1,2.733311134983544
*c1ccc(c3c(N)c(Cl)cc(*)c3F)c2nsnc12,3.626495923062904
*c1ccc2c(c1)S(=O)(=O)c1cc(c4ccc5occ(*)c5c4)ccc1-2,2.646222266810618
*c1cc2cc3sc(c4cc(*)c(N)c(C)c4[N+](=O)[O-])cc3cc2s1,3.15489741522456
*c1ccc2c(c1)S(=O)(=O)c1cc(c4cncc(*)c4Cl)ccc1-2,2.8619369960421466
*c1ccc2c(c1)S(=O)(=O)c1cc(c4cc(*)cc(C#N)c4)ccc1-2,2.833919263151599
*c1cc2ccc3cc(c5cc(C=O)cc(*)n5)cc4ccc(c1)c2c34,3.238341105253627
*c1ccc(-c2ccc(c3cccc(*)c3F)s2)s1,2.753436561862405
*c1ccc2c(c1)S(=O)(=O)c1cc(c4cc(*)cc([N+](=O)[O-])c4[N+]([O-])=NC(C)(C)C)ccc1-2,3.7747747337447697
*c1ccc2c(c1)[nH]c1cc(c4c(O)cc(O)c(*)c4C(=O)O)ccc12,1.991079752591736
*c1ccc(c2cc(*)c(N)cc2C)cc1,1.2193543909138682
*c1ccc(c3ncc(*)c(C)c3[N+](=O)[O-])c2nsnc12,4.108829981132967
*c1ccc2c(c1)C(C)(C)c1cc(c4c(F)cc(N)c(*)c4F)ccc1-2,1.95130185735168
*c1ccc2c(c1)S(=O)(=O)c1cc(c4cc(F)cc(*)c4C=O)ccc1-2,3.1291129076920146
*c1cc2cc3sc(c4ccc(*)c(C(=O)OCC)c4)cc3cc2s1,2.9507351963767645
*c1ccc(C3=CC=C(*)S3(=O)=O)c2nsnc12,4.364621215501063
*c1ccc2c(c1)S(=O)(=O)c1cc(c4cc(OC(F)F)cc(*)c4N)ccc1-2,2.6021584434739067
*c1cc(F)c(c2c(C(=O)OC)cc(*)cc2C(=O)OC)cc1F,2.9654555037154697
*c1cc2ccc3cc(c5nc(C)c(*)n5C)cc4ccc(c1)c2c34,2.466115629201272
*c1ccc2c(c1)S(=O)(=O)c1cc(c4cncc(*)c4C=O)ccc1-2,3.3555761152594754
*c1ccc(-c2ccc(c3cc(*)nn4ccnc34)s2)s1,3.3262289942934653
*c1ccc2c(c1)c1cc(c5ccc6c(c5)S(=O)(=O)c5cc(*)ccc5-6)ccc1n2CC1CO1,2.4906999995321675
*c1ccc2c(c1)C(C)(C)c1cc(c4cc(*)cc(N5CCCCC5)c4)ccc1-2,1.907839742810956
*c1ccc2c(c1)S(=O)(=O)c1cc(C4=CC=C(*)S4(=O)=O)ccc1-2,3.831679753327557
*c1cc2cc3sc(c4c(O)cc(O)c(*)c4C(=O)O)cc3cc2s1,2.5562789263271384
*c1cc(F)c(c2c(F)cc(N)c(*)c2F)cc1F,1.844816339447573
*c1ccc2c(c1)[nH]c1cc(c4cc(N)cc(*)c4F)ccc12,1.6666788169028453
*c1ccc2c(c1)S(=O)(=O)c1cc(c4nc(C(=O)O)ccc4*)ccc1-2,3.2251503182914263
*c1ccc(c3cc(*)cc(C(F)F)c3)c2nsnc12,3.743024032994693
*c1ccc2c(c1)S(=O)(=O)c1cc(c4cnc(*)c(O)c4)ccc1-2,2.9634444011962686
*c1ccc(c2cc(OC)cc(*)c2O)cc1,1.6922607563152217
*c1ccc2c(c1)[nH]c1cc(c4nc(*)c(N)cc4C)ccc12,1.5884717931122467
*c1ccc2c(c1)C(C)(C)c1cc(c4cnc(OCc5ccccc5)c(*)c4)ccc1-2,2.1756392485423235
*c1ccc2c(c1)S(=O)(=O)c1cc(c4cc(C(F)(F)F)cc(*)c4O)ccc1-2,2.8329800094217985
*c1ccc(-c2ccc(c3cc(*)c(Cl)c(Cl)c3)s2)s1,3.042153567381934
*c1cc(F)c(c2[nH]c(*)nc2C(=O)OC)cc1F,2.809702491413532
*c1ccc2c(c1)[nH]c1cc(c4ccc5occ(*)c5c4)ccc12,1.7683987557747505
*c1ccc2c(c1)S(=O)(=O)c1cc(c4ccc(*)c(C(=O)OCC)c4)ccc1-2,2.943503134002964
*c1ccc(c2cc(*)c(OC(C)C)c(C=O)c2)cc1,2.7254089773387093
*c1ccc(c3cc(F)c(*)cc3F)c2cccnc12,2.807707188620951
*c1ccc2c(c1)S(=O)(=O)c1cc(c4cc(C(=O)OC)cc(*)n4)ccc1-2,3.2438479058220944
*c1ccc(c2cncc(*)c2)cc1,2.011981243195226
*c1ccc(c3ccc(*)cc3)c2ccccc12,2.055187287064417
*c1ccc2c(c1)S(=O)(=O)c1cc(c4cc(OC)c(N)c(*)c4Cl)ccc1-2,2.5636150801766515
*c1ccc2c(c1)C(C)(C)c1cc(c4ccc(*)o4)ccc1-2,2.489027543709418
*c1ccc2c(c1)S(=O)(=O)c1cc(c4cnc(*)c(C(C)=O)n4)ccc1-2,3.459894333171205
*c1cc2cc3sc(c4cc(*)c(C=O)cn4)cc3cc2s1,3.530503487816115
*c1ccc(c2ccc(OC(C)C(=O)O)c(*)c2)cc1,1.889082037349027
*c1ccc2c(c1)C(C)(C)c1cc(c4ccc(*)s4)ccc1-2,2.6782098906395504
*c1ccc(c3ccc(*)c4nsnc34)c2nsnc12,4.045352267620039
*c1ccc(c3nc(*)cc4ccccc34)c2nsnc12,3.63254200799006
*c1ccc2c(c1)C(C)(C)c1cc(c4cc(*)c(OC(C)C)c(C=O)c4)ccc1-2,2.726270112468084
*c1ccc(-c2ccc(c3cc(*)cc(C)c3[N+](=O)[O-])s2)s1,3.533243009152854
*c1ccc2occ(c3ccc(*)cc3)c2c1,1.7486073937225757
*c1ccc(c3ccc4c(*)nc(N)cc4c3)c2nsnc12,3.568927274558592
*c1cc2ccc3cc(c5cccc(*)c5-c5cc6cnc(N)nc6nc5N)cc4ccc(c1)c2c34,2.563544703191515
*c1ccc(c2cncc(*)c2C=O)cc1,3.145014219358889
*c1ccc2c(c1)[nH]c1cc(c4cc(*)cc(C=O)c4F)ccc12,2.8216672107767584
*c1ccc2c(c1)S(=O)(=O)c1cc(c4cc(*)c5cc[nH]c5c4)ccc1-2,2.4916645726684505
*c1cc2cc3sc(c4c(C)cc(*)cc4[N+](=O)[O-])cc3cc2s1,3.479904537510591
*c1cc2cc3sc(c4cc(*)c(C)nc4C)cc3cc2s1,2.5203120657863947
*c1ccc2c(c1)[nH]c1cc(c4csc(*)n4)ccc12,2.4120840235361705
*c1cc2cc3sc(c4ccc5c(*)nc(N)cc5c4)cc3cc2s1,2.8278246358795576
*c1ccc2c(c1)S(=O)(=O)c1cc(c4c(C)c(*)cc(C=O)c4O)ccc1-2,2.912467249194892
*c1ccc(-c2ccc(c3ccsc3*)s2)s1,2.817497170405136
*c1ccc2c(c1)[nH]c1cc(c4cc(C(=O)O)c(*)cc4C(=O)O)ccc12,2.8207732131238497
*c1cc2cc3sc(c4cc(*)c([N+]#[C-])c(C)c4)cc3cc2s1,2.8442211308397205
*c1ccc(c2nc(*)c(C(=O)O)s2)cc1,3.529677337620253
*c1cc(c3ccc(*)cc3)c(N)c(CN(C)C2CCCCC2)c1,1.513969374422823
*c1cc2cc3sc(c4cc(Cl)c(*)cc4Cl)cc3cc2s1,3.032107257095296
*c1ccc2c(c1)C(C)(C)c1cc(c4cc(F)cc(*)n4)ccc1-2,2.5665511158775343
*c1cc2ccc3cc(c5cccc(*)c5[N+](=O)[O-])cc4ccc(c1)c2c34,3.218481814474716
*c1ccc2c(c1)[nH]c1cc(c4cc(C(=O)OC)c(*)cc4C(=O)OC)ccc12,2.745253035784589
*c1cc2cc3sc(c4cc(*)cnc4N)cc3cc2s1,2.325882731801497
*c1ccc2c(c1)C(C)(C)c1cc(c4nc(*)ccc4O)ccc1-2,2.2984564791106243
*c1cc(F)c(c2cccc(*)c2)cc1F,2.1205485397971264
*c1cc2ccc3cc(c5cnc(*)cn5)cc4ccc(c1)c2c34,2.840625598972981
*c1ccc(c2cc(*)cc(N)c2C(=O)O)cc1,2.2686081308061
*c1cc2ccc3cc(c5ccc(*)c(NC(C)=O)c5)cc4ccc(c1)c2c34,2.530013922103193
*c1cc2ccc3cc(c5cc(*)c(N)c([N+]([O-])=NC)c5)cc4ccc(c1)c2c34,2.701937231844902
*c1ccc2c(c1)S(=O)(=O)c1cc(c4nc(*)n(C)c4C)ccc1-2,2.547541478359564
*c1cc2cc3sc(c4c(F)ccc(*)c4F)cc3cc2s1,2.735247540358777
*c1ccc2c(c1)[nH]c1cc(c4cc(*)cc([N+](=O)[O-])c4)ccc12,3.3860881232694107
*c1ccc(c3cc(*)c4ncnn4c3)c2nsnc12,3.796301875745228
*c1ccc(-c2ccc(c3c(Cl)ccc(*)c3Cl)s2)s1,2.882372289730113
*c1ccc(c3nc(*)cn(C)c3=O)c2nsnc12,3.7125827557208666
*c1ccc(c3ccc(*)c(CO)c3)c2nsnc12,3.731419804143671
*c1cc2ccc3cc(c5cc(*)c(Cl)nc5C)cc4ccc(c1)c2c34,2.6611041680207945
*c1ccc2c(c1)S(=O)(=O)c1cc(c4cc(*)c(N)cc4F)ccc1-2,2.4871883119366007
*c1cc(F)c(c2cc(*)ccc2OCC(=O)NN)cc1F,2.023025148093393
*c1cc2ccc3cc(c5cc(*)nc(C(=O)OC)c5OC)cc4ccc(c1)c2c34,2.69691791427073
*c1ccc(c2cc(*)ccc2N=C=S)cc1,2.428938262465449
*c1ccc2c(c1)S(=O)(=O)c1cc(c4cccc5c4oc4c(*)cccc45)ccc1-2,2.788512095162162
*c1cc(F)c(c2nc(*)c(C)nc2N)cc1F,2.337560690054933
*c1ccc(-c2ccc(c3cnc(OCc4ccccc4)c(*)c3)s2)s1,2.708907495844437
*c1ccc2c(c1)C(C)(C)c1cc(c4ccnc(*)c4)ccc1-2,2.471713314448094
*c1ccc2c(c1)C(C)(C)c1cc(c4nccc(*)c4C#N)ccc1-2,2.8511037315876173
*c1ccc2c(c1)[nH]c1cc(c4c[nH]cc(*)c4=O)ccc12,1.8235042660356184
*c1ccc(c3c(C)cc(*)cc3[N+](=O)[O-])c2nsnc12,3.972693604280734
*c1ccc2c(c1)C(C)(C)c1cc(c4cc(*)cc(C#N)c4)ccc1-2,2.35889864034932
*c1cc(F)c(c2nc(*)[nH]c2C(F)(F)F)cc1F,2.509184347051331
*c1cc2ccc3cc(c5cc(Cl)c(N)c(*)c5C(=O)OC)cc4ccc(c1)c2c34,2.703123036506136
*c1ccc2c(c1)C(C)(C)c1cc(c4cc(C=O)cc(*)c4OC)ccc1-2,2.6795660488632413
*c1cc(F)c(c2cc(C(F)(F)F)cc(*)n2)cc1F,2.988295345769159
*c1ccc(-c2ccc(c3ccc(*)cc3C=O)s2)s1,3.2145596737876487
*c1ccc(-c2ccc(c3c[nH]c4nc(C)c(*)cc34)s2)s1,2.443232987290941
*c1ccc2c(c1)[nH]c1cc(c4cc(Cl)cc(*)c4O)ccc12,1.94914997218891
*c1ccc2c(c1)C(C)(C)c1cc(c4cc(N)cc(*)c4F)ccc1-2,1.9863491256530887
*c1ccc2c(c1)[nH]c1cc(c4cc(*)c5c(c4)C(=O)C(=O)N5CC)ccc12,3.620969956917975
*c1ccc(c3cc(Cl)cc(*)c3OC)c2nsnc12,3.83467175885729
*c1ccc2c(c1)C(C)(C)c1cc(c4ccc(*)c5nccnc45)ccc1-2,3.09605659689381
*c1cc2cc3sc(c4cnc(Cl)c(*)c4N)cc3cc2s1,2.4361405591953247
*c1ccc2c(c1)[nH]c1cc(c4cnc(N(C)C)c(*)n4)ccc12,2.086027846661429
*c1cc2ccc3cc(c5ccc(OC)c(*)c5)cc4ccc(c1)c2c34,2.486594597130412
*c1ccc(c2nccc(*)c2C#N)cc1,2.805409865695383
*c1ccc(-c2ccc(c3cc(*)cc4sc(N)nc34)s2)s1,2.5115076915614467
*c1cc(c3ccc(*)cc3)cc(N2CCOCC2)c1,1.5459485934543962
*c1cc2cc3sc(c4cc(C(=O)O)c(*)cn4)cc3cc2s1,3.283579075839521
*c1ccc2c(c1)[nH]c1cc(c4cc5sc(*)cc5s4)ccc12,2.5296285865547024
*c1ccc(c3cc(C)cc(*)c3NCC(=O)NN)c2nsnc12,3.473891127671165
*c1ccc2c(c1)S(=O)(=O)c1cc(c4cc(*)c(N)c(OC(F)(F)F)c4)ccc1-2,2.64505926081903
*c1ccc2c(c1)S(=O)(=O)c1cc(c4cc(*)c5nccn5c4)ccc1-2,2.7580198493858905
*c1ccc2c(c1)C(C)(C)c1cc(c4cc(*)c(OC)c(C(=O)O)c4OC)ccc1-2,2.3687935889572773
*c1cc2cc3sc(c4c(N)c(*)cc(C)c4Cl)cc3cc2s1,2.3122849631857845
*c1ccc(-c2ccc(c3cc(*)c(N)cc3OC)s2)s1,2.212391098381449
*c1ccc(-c2ccc(c3c(N)c(C)cc(*)c3Cl)s2)s1,2.383919024539236
*c1ccc(-c2ccc(c3cc(*)c4c(=O)[nH][nH]c4c3)s2)s1,2.8622843162848204
*c1ccc(c3cc(*)c(N)c(C#N)c3)c2nsnc12,3.577111760804362
*c1ccc(-c2ccc(c3nc([N+](=O)[O-])c(*)[nH]3)s2)s1,3.4749814760304165
*c1cc(F)c(c2cc(*)c(Cl)c(C#N)c2N)cc1F,2.4230543299018863
*c1cc(F)c(c2cc(*)cc(F)c2)cc1F,2.3588632527967848
*c1ccc(c2cc(CCC(=O)O)cc(*)c2O)cc1,1.8870586086729648
*c1ccc(c3cc(*)ccc3OCc3ccccc3)c2nsnc12,3.583656546425767
*c1ccc2c(c1)[nH]c1cc(c4ccc(*)c(OC)c4)ccc12,1.8563188529844572
*c1cc2ccc3cc(c5cc(*)cc(C)c5Cl)cc4ccc(c1)c2c34,2.587461853478832
*c1ccc2c(c1)C(C)(C)c1cc(c4ccc(*)c[n+]4[O-])ccc1-2,2.600016703530636
*c1ccc(c3cc(*)c(C=O)c(F)c3)c2nsnc12,3.984185611091899
*c1ccc(c2cc(C=CC(=O)O)cc(*)c2OCCC)cc1,2.672761283190606
*c1c2ccccc2c(c4ccc(*)cc4)c2ccccc12,2.592381048752593
*c1ccc(c3ccc(-c4ccc(*)cn4)nc3)c2nsnc12,3.767710261647932
*c1ccc2c(c1)S(=O)(=O)c1cc(c4cnc(*)nc4)ccc1-2,3.2631162363037047
*c1ccc(-c2ccc(c3ccc4nc(*)ccc4c3)s2)s1,3.122389755772619
*c1ccc2c(c1)C(C)(C)c1cc(c4cc(*)c(F)c(C#N)c4)ccc1-2,2.5123563874453056
*c1ccc(-c2ccc(c3cc(F)cc(*)c3CO)s2)s1,2.6446143596869174
*c1ccc2c(c1)C(C)(C)c1cc(c4cc(*)c5c(n4)CCCN5)ccc1-2,2.0493790145587254
*c1cc2cc3sc(c4ncc(*)nc4N)cc3cc2s1,3.0158240807786805
*c1ccc(c3ccc(N)c(*)n3)c2nsnc12,3.4364172724490825
*c1cc(F)c(c2cc(*)c(Cl)nc2N)cc1F,2.1703223753635976
*c1ccc2c(c1)C(C)(C)c1cc(c4c(C)c(*)cc(C=O)c4O)ccc1-2,2.7366947698802884
*c1ccc2c(c3cc(F)c(*)cc3F)ccnc2c1,2.822376095422449
*c1ccc2c(c1)S(=O)(=O)c1cc(c4cc(*)c(OC)c(C(=O)O)c4OC)ccc1-2,2.90948286843306
*c1cc2cc3sc(c4[nH]nc5ccc(*)cc45)cc3cc2s1,2.846519573705488
*c1cc2ccc3cc(c5cc(*)c(N)c(OC(F)(F)F)c5)cc4ccc(c1)c2c34,2.579063807566184
*c1ccc2c(c1)[nH]c1cc(c4cc(C)c(*)cc4N)ccc12,1.487351953618313
*c1cc2cc3sc(c4cc(*)nn5ccnc45)cc3cc2s1,3.309080888146738
*c1ccc2c(c1)C(C)(C)c1cc(c4cc(O)c(*)cc4C#N)ccc1-2,2.4754803223843456
*c1cc(F)c(c2cc(*)ccc2C)cc1F,1.969743850678575
*c1cc(c5cc(F)c(*)cc5F)c2ccc3cc(C(C)(C)C)cc4ccc1c2c43,2.861863790683577
*c1cc2ccc3cc(c5ccc(*)c6nonc56)cc4ccc(c1)c2c34,3.4727539657291544
*c1nc(c3ccc(*)cc3)n(C2CCCCO2)n1,2.263344016935044
*c1ccc(c2c(N)c(C)cc(*)c2F)cc1,1.4687943367178715
*c1ccc(N(c2ccccc2)c2ccc(c4ccc(*)cc4)cc2)cc1,1.8434882980835687
*c1cc2cc3sc(c4cc(*)c5c(c4)CCCN5)cc3cc2s1,2.116838970037708
*c1cc(F)c(c2cc(C)cc(*)c2[N+]#[C-])cc1F,2.2517572719478016
*c1ccc2c(c1)[nH]c1cc(c4sc(*)nc4C)ccc12,2.588984756779249
*c1ccc2c(c1)[nH]c1cc(c4ccc(*)nc4C(=O)OCC)ccc12,2.458907133649026
*c1ccc2c(c1)[nH]c1cc(C4=CC=C(*)S4(=O)=O)ccc12,3.285730827117707
*c1ccc2c(c1)[nH]c1cc(c4cc(*)cc(C(=O)O)c4)ccc12,2.3050024237583244
*c1cc(F)c(c2cc(C(F)(F)F)nc(*)c2N)cc1F,2.4618032604255737
*c1cc2ccc3cc(c5cc(N)cc(*)n5)cc4ccc(c1)c2c34,2.327226758029759
*c1ccc(-c2ccc(c3c(F)c(F)c(*)c4nsnc34)s2)s1,4.100498227677335
*c1ccc(c2cc(*)cnc2N)cc1,1.5506596563529738
*c1ccc2c(c1)[nH]c1cc(c4cc(C)nc(*)c4O)ccc12,2.087161644522883
*c1ccc(c3cc(*)cnc3N)c2nsnc12,3.532679902621363
*c1cc2ccc3cc(c5ccc(N(c6ccccc6)c6ccc(*)cc6)cc5)cc4ccc(c1)c2c34,2.4038000000051456
*c1ccc(c3cc([N+](=O)[O-])c(*)cc3NC(C)=O)c2nsnc12,4.033415655372941
*c1ccc2c(c1)[nH]c1cc(c4cc(*)c(F)c(C#N)c4N)ccc12,1.9327853114516849
*c1cc2ccc3cc(c5ccc6ccc7ccc(*)nc7c6n5)cc4ccc(c1)c2c34,2.8083529485777885
*c1ccc2c(c1)[nH]c1cc(c4cc(*)c(N)c([N+]([O-])=NC(C)(C)C)c4)ccc12,2.750768559155796
*c1ccc2c(c1)[nH]c1cc(c4cc(*)c[n+]([O-])c4)ccc12,2.196709230582669
*c1ccc2c(c1)[nH]c1cc(c4cc(CC(N)C(=O)O)cc(*)c4O)ccc12,1.7847125887100364
*c1ccc2c(c1)C(C)(C)c1cc(c4ncc5cc(*)ccc5n4)ccc1-2,2.9863887484617413
*c1cc2ccc3cc(c5ccc(*)c6nccnc56)cc4ccc(c1)c2c34,3.083333066305701
*c1ccc(-c2ccc(c3cc(C=O)cc(*)c3OC(C)=O)s2)s1,3.140759681294848
*c1ccc2c(c1)[nH]c1cc(c4cc(*)cc(C#N)c4O)ccc12,2.105117870471902
*c1ccc(c3cc(OC(F)F)cc(*)c3Cl)c2nsnc12,3.93269187216908
*c1cc2ccc3cc(c5cc(*)cc6c5OCC6)cc4ccc(c1)c2c34,2.477430886095597
*c1ccc2c(c1)S(=O)(=O)c1cc(c4cc(C)c(*)cn4)ccc1-2,2.844458965836871
*c1ccc(c3cnc([N+](=O)[O-])c(*)c3)c2nsnc12,4.190295449095331
*c1ccc2c(c1)S(=O)(=O)c1cc(c4cnc5n[nH]c(*)c5c4)ccc1-2,3.0488689189481786
*c1cc2cc3sc(c4ccc(*)c5sc(-c6ccccc6)nc45)cc3cc2s1,3.0534150320504345
*c1ccc2c(c1)[nH]c1cc(c4cc(*)c(N)cc4OC)ccc12,1.4520670490117402
*c1ccc(-c2ccc(c3cc(*)c(OC)c(C(=O)O)c3OC)s2)s1,2.8845003338108697
*c1cc2cc3sc(c4cc(*)cnc4CC)cc3cc2s1,2.6210190471331405
*c1cc2ccc3cc(c5cc(*)c(OC)c6ncccc56)cc4ccc(c1)c2c34,2.579282794171048
*c1ccc(-c2ccc(c3cc(*)ccc3OCC(=O)Cl)s2)s1,2.727389629454692
*c1ccc(c3cc(*)c4c(c3)C(=O)C(=O)N4)c2nsnc12,3.960931086303648
*c1ccc2c(c1)S(=O)(=O)c1cc(c4cc(C(C)=O)cc(*)c4N)ccc1-2,2.59029892421312
*c1cc2ccc3cc(c5cc(F)c(*)cc5Cl)cc4ccc(c1)c2c34,2.6701983036087538
*c1cc2ccc3cc(c5cc(C(=O)OC)c(*)cc5C(=O)OC)cc4ccc(c1)c2c34,2.922859081426658
*c1ccc2c(c1)C(C)(C)c1cc(c4cc(N)c(*)cc4[N+](=O)[O-])ccc1-2,2.981980053007129
*c1ccc2c(c1)C(C)(C)c1cc(c4ccc(C(=O)c5ccc(*)cc5)cc4)ccc1-2,2.890181479609346
*c1ccc(-c2ccc(c3cc(Cl)cc(*)c3OC)s2)s1,2.8459342262688327
*c1ccc(-c2ccc(c3cc(*)cc(CC#N)c3)s2)s1,2.712838426593752
*c1ccc2c(c1)[nH]c1cc(c4ccnc5cc(*)cnc45)ccc12,2.815064608450166
*c1ccc2c(c1)C(C)(C)c1cc(c4ccc5c(c4)C(=C(C#N)C#N)c4cc(*)ccc4-5)ccc1-2,4.009012046435236
*c1cc2ccc3cc(c5cc(*)c(N)cc5F)cc4ccc(c1)c2c34,2.424175644974805
*c1cc2cc3sc(c4cc(*)c5c(c4)C(C)(C)C(=O)N5)cc3cc2s1,2.54478573263667
*c1ccc2c(c1)[nH]c1cc(c4cc(*)c(F)c(C#N)c4)ccc12,2.316303484673373
*c1ccc2c(c1)C(C)(C)c1cc(c4cc(OC)cc(*)c4C)ccc1-2,1.890119974051944
*c1ccc2c(c1)C(C)(C)c1cc(c4ccc5oc6ccc(*)cc6c5c4)ccc1-2,2.091435352857426
*c1ccc2c(c1)[nH]c1cc(c4ccccc4*)ccc12,1.741469664570386
*c1cc2cc3sc(c4cc(*)c(O)c(C(=O)OC)n4)cc3cc2s1,3.1408081599571984
*c1cc2ccc3cc(c5cc(*)c6cn[nH]c6c5)cc4ccc(c1)c2c34,2.46215872372697
*c1cc2cc3sc(c4cc5c(cc4*)C(=O)OC5=O)cc3cc2s1,3.9866933791788624
*c1ccc2c(c1)[nH]c1cc(c4nc(*)cnc4Cl)ccc12,2.69778470937934
*c1ccc(c3cc(F)cc(*)c3OC(C)C)c2nsnc12,3.756840586794015
*c1nc(c3ccc(*)cc3)cn2ccnc12,2.5813459694081557
*c1cc2ccc3cc(c5csc6c(*)csc56)cc4ccc(c1)c2c34,2.5304092056667145
*c1ccc2c(c1)S(=O)(=O)c1cc(c4ncc(*)c(N)c4N)ccc1-2,2.461897499539745
*c1cc2cc3sc(c4cnc5cc(*)cnc5c4)cc3cc2s1,3.259213165228874
*c1cc2cc3sc(c4ccc5c(c4)S(=O)(=O)c4cc(*)ccc4-5)cc3cc2s1,3.181408876211198
*c1cc2ccc3cc(c5cc(*)c(N=S(C)(C)=O)c([N+](=O)[O-])c5)cc4ccc(c1)c2c34,3.1649032432348347
*c1ccc2c(c1)S(=O)(=O)c1cc(c4c(N)c(Cl)cc(*)c4OC)ccc1-2,2.611432535140854
*c1cc2cc3sc(c4nc(*)cn(C)c4=O)cc3cc2s1,3.091343411813817
*c1cc2cc3sc(c4cc(*)c(N=S(C)(C)=O)c([N+](=O)[O-])c4)cc3cc2s1,3.211270051403271
*c1ccc(c3cc(*)nn4ccnc34)c2nsnc12,3.966834757662782
*c1ccc(c3ncc(*)nc3C=O)c2nsnc12,4.223248330519202
*c1nccc2[nH]cc(c3ccc(*)cc3)c12,1.7674492771554748
*c1ccc(c3c([N+](=O)[O-])c(*)nn3C)c2nsnc12,4.091241035506855
*c1cc2ccc3cc(c5cc(OC)cc(*)c5O)cc4ccc(c1)c2c34,2.6004088041502
*c1ccc2c(c1)C(C)(C)c1cc(c4cc(*)cc(C=O)c4F)ccc1-2,2.920859443604416
*c1ccc(-c2ccc(c3ccc(*)cc3CC#N)s2)s1,2.867739704585589
*c1ccc(-c2ccc(c3sc(*)cc3C(=O)OC)s2)s1,3.3837894848589496
*c1cc2ccc3cc(c5cnc(N)c(*)c5C(F)(F)F)cc4ccc(c1)c2c34,2.552352486081122
*c1cc(c3cc(F)c(*)cc3F)c(OCc2ccccc2)c(C=O)c1,2.941549642888956
*c1ccc(-c2ccc(c3c(O)cc(O)c(*)c3O)s2)s1,2.4495812696571986
*c1ccc2c(c1)C(C)(C)c1cc(c4cc(*)cc([N+](=O)[O-])c4)ccc1-2,3.458632135620962
*c1cc2ccc3cc(c5ccc(*)c6nsnc56)cc4ccc(c1)c2c34,3.63943489044594
*c1ccc2c(c1)[nH]c1cc(c4cc(C)cc(*)c4Cl)ccc12,1.76265720002329
*c1ccc2c(c1)S(=O)(=O)c1cc(c4ccccc4-c4ccccc4*)ccc1-2,2.6796103727306595
*c1ccc2c(c1)S(=O)(=O)c1cc(c4ccc(*)c(NN)c4)ccc1-2,2.5354831439729404
*c1cc2cc3sc(c4c(N)c(C)cc(*)c4Cl)cc3cc2s1,2.224027792141736
*c1ccc2c(c1)[nH]c1cc(c4cc(C)cc(*)c4C)ccc12,1.4936597167862729
*c1cc2ccc3cc(c5ccc6[nH]c7c([N+](=O)[O-])cc(*)cc7c6c5)cc4ccc(c1)c2c34,3.3561541198633464
*c1ccc(c3cnc(Cl)c(*)c3C)c2nsnc12,3.835888701938519
*c1ccc(c3cc(F)cc(*)c3C=O)c2nsnc12,3.9572164192544936
*c1cc2cc3sc(c4cncc(*)c4Cl)cc3cc2s1,2.805313350353752
*c1cc2ccc3cc(c5cc(F)c(F)c(*)c5N)cc4ccc(c1)c2c34,2.5270159527817047
*c1ccc(c2c(N)c(F)cc(*)c2Cl)cc1,1.5494920535391925
*c1ccc2c(c1)[nH]c1cc(c4cc(*)c5c(c4)C(C)(C)C(=O)N5)ccc12,1.8392581938010184
*c1cc(F)c(c2c(C)sc(*)c2C)cc1F,2.1739698803183947
*c1cc2ccc3cc(c5ccc(*)c(C)c5C)cc4ccc(c1)c2c34,2.4979134214339904
*c1cc2ccc3cc(c5cc(*)c(N)c(C#N)c5)cc4ccc(c1)c2c34,2.4715777551107228
*c1cc2ccc3cc(c5cnc(*)c6ncnn56)cc4ccc(c1)c2c34,3.0854700992098683
*c1ccc(c3cc(*)nc(C(=O)OC)c3OC)c2nsnc12,3.943212157938324
*c1ccc(c2cccc(*)c2OC)cc1,1.7013516129331916
*c1ccc2c(c1)C(C)(C)c1cc(c4ccc(C=O)c(*)n4)ccc1-2,3.209165029208604
*c1cc2ccc3cc(c5c6c(c(*)c7nsnc57)N=S=N6)cc4ccc(c1)c2c34,4.528710662070551
*c1ccc2c(c1)C(C)(C)c1cc(c4cnc(Cl)c(*)c4C)ccc1-2,2.184586631569428
*c1cc(c4cc(F)c(*)cc4F)cc2c(C(=O)O)cc(-c3ccccc3)nc12,3.470235217032333
*c1cc2ccc3cc(c5ccc(O)c(*)c5)cc4ccc(c1)c2c34,2.513806073160185
*c1cc2ccc3cc(c5n[nH]c(*)c5[N+](=O)[O-])cc4ccc(c1)c2c34,3.1509594366757354
*c1cc2ccc3cc(c5cccc(*)c5CN)cc4ccc(c1)c2c34,2.454939516175926
*c1ccc(c2cc(*)ncc2Cl)cc1,2.59752153733824
*c1cc2cc3sc(c4ccnc5ccc(*)cc45)cc3cc2s1,3.040852433174719
*c1ccc(-c2ccc(c3cc(*)c4c(c3)OCCC4=O)s2)s1,3.2308654709103948
*c1ccc2c(c1)C(C)(C)c1cc(c4cc(*)cc(CC#N)c4)ccc1-2,2.186980851762695
*c1cc2ccc3cc(c5nc(C(=O)O)ccc5*)cc4ccc(c1)c2c34,2.8664930167673
*c1ccc(c3cc(F)c(*)cc3F)c2ccccc12,2.315344721163469
*c1ccc2c(c1)C(C)(C)c1cc(c4cc(*)c(C)cc4OC)ccc1-2,1.9282920236891068
*c1ccc(-c2ccc(c3cccc(*)[n+]3[O-])s2)s1,3.030070548940301
*c1ccc(-c2ccc(c3cccc(*)n3)s2)s1,2.805624690452343
*c1cc2cc3sc(c4ccnc(*)c4C)cc3cc2s1,2.6834124431093462
*c1ccc(-c2ccc(c3ccc4ccc(*)nc4c3)s2)s1,3.026147225859366
*c1ccc(-c2ccc(c3cc(*)cc(F)c3Cl)s2)s1,3.011607940591574
*c1ccc(c3ccc(*)nc3N)c2nsnc12,3.652409586154669
*c1ccc(c2cc(*)c(C)nc2C)cc1,1.5942953475317785
*c1ccc(c2cc(C(F)(F)F)cc(*)c2N)cc1,1.826818888015688
*c1ccc2c(c1)S(=O)(=O)c1cc(c4csc5c(*)csc45)ccc1-2,2.7426111992289024
*c1ccc2c(c1)[nH]c1cc(c4cc(C)c([N+](=O)[O-])c(*)c4N)ccc12,2.9803633415827187
*c1ccc2c(c1)[nH]c1cc(c4ccc5c(*)nc(N)cc5c4)ccc12,2.263417155357446
*c1cc2ccc3cc(c5ccc6nc(*)sc6c5)cc4ccc(c1)c2c34,2.8090174853519128
*c1cc(c3cc(F)c(*)cc3F)c2c(c1)OCCC2=O,3.0428519900527817
*c1cc2c(s1)-c1sc(c4ccc(*)cc4)cc1C2=O,3.841823521116255
*c1cc2ccc3cc(c5cc(*)c6ncnn6c5)cc4ccc(c1)c2c34,2.5901470174650565
*c1cc2cc3sc(c4ccc5ccc(*)nc5c4)cc3cc2s1,2.9994950517861696
*c1cc2cc3sc(c4ccnc(*)c4[N+](=O)[O-])cc3cc2s1,3.511727967853593
*c1ccc(-c2ccc(c3cc(*)cc(OC(F)(F)F)c3N=C=S)s2)s1,3.3010484513853413
*c1ccc(c2cc(*)ccc2F)cc1,1.8944501716863849
*c1cc(F)c(c2ccc(*)cc2C(F)(F)F)cc1F,2.458657365305096
*c1cc(F)c(c2cc(*)cc(OC(F)(F)F)c2N=C=S)cc1F,3.101839497858529
*c1cc2cc3sc(c4c(F)cc(F)c(*)c4[N+](=O)[O-])cc3cc2s1,3.578193099352651
*c1ccc2c(c1)[nH]c1cc(c4ccc(*)c(C)c4C)ccc12,1.5678453614113024
*c1ccc(c3cc(*)c(OC(C)C)c(C=O)c3)c2nsnc12,3.812680880247121
*c1cc2cc3sc(c4cc(OC(F)F)cc(*)c4Cl)cc3cc2s1,2.7886813236801515
*c1ccc(c3cc(C(=O)O)c(*)o3)c2nsnc12,4.154767759336874
*c1ccc(c2c(O)cc(O)c(*)c2O)cc1,1.5401270600923835
*c1cc2cc3sc(c4nc(C(=O)OC)cc(*)c4N)cc3cc2s1,2.764339233290606
*c1ccc(c2nc(*)cnc2C(=O)OC)cc1,3.2275239624846064
*c1cc(F)c(c2ccc(*)c(N=C=S)c2)cc1F,2.609945819446461
*c1ccc(-c2ccc(c3cc(S(C)(=O)=O)cc(*)c3N)s2)s1,2.41443649211714
*c1ccc(c3cc(*)c(N)c(CN(C)C4CCCCC4)c3)c2nsnc12,3.328605000412704
*c1ccc2c(c1)S(=O)(=O)c1cc(c4cc(*)cc(C(F)(F)F)c4)ccc1-2,2.8678461940110576
*c1ccc2c(c1)[nH]c1cc(c4cc(*)c(O)c(F)c4F)ccc12,1.962136733827197
*c1ccc(c3nc(*)c[nH]c3=O)c2nsnc12,3.7530638811616743
*c1cc(F)c(c2nccc(*)c2N)cc1F,2.0814811914439826
*c1ccc2c(c1)C(C)(C)c1cc(c4cc(Cl)cc(*)n4)ccc1-2,2.621465663949512
*c1ccc2c(c1)S(=O)(=O)c1cc(c4cc(*)cc(CC)c4N)ccc1-2,2.421560683621972
*c1cc(F)c(c2cc(*)cc(NC(C)=O)c2)cc1F,2.159668017880684
*c1cc2cc3sc(c4cc(C(F)(F)F)cc(*)n4)cc3cc2s1,3.0349749499298357
*c1ccc(-c2ccc(c3cc(*)c(N)c([N+]([O-])=NC(C)(C)C)c3)s2)s1,2.947496344948765
*c1ccc(c2ccc(*)c(CO)c2)cc1,1.8062505545641931
*c1ccc2c(c1)[nH]c1cc(c4cc(*)c(OC)cc4F)ccc12,1.7955085884803437
*c1ccc(c3cnc(OC)c4c(*)[nH]nc34)c2nsnc12,3.8393423424184
*c1ccc(C2=CC=C(*)S2(=O)=O)cc1,3.69098355093428
*c1cc(F)c(c2cc(*)cc(C)c2C)cc1F,1.9636058213954937
*c1ccc2c(c1)C(C)(C)c1cc(c4cc(F)cc(*)c4F)ccc1-2,2.358414576468184
*c1cc2cc3sc(c4cc(C)c(*)nc4C)cc3cc2s1,2.8159215159474456
*c1cc2ccc3cc(c5ccc6c(c5)c(*)cn6C(=O)OC(C)(C)C)cc4ccc(c1)c2c34,2.478603055921288
*c1ccc2c(c1)S(=O)(=O)c1cc(c4ccc(*)c(N)c4N)ccc1-2,2.387341777646922
*c1ccc(c2nc(*)c(OC)cc2[N+](=O)[O-])cc1,3.692591094016469
*c1ccc(c3cc(C(C)(C)C)cc(*)c3O)c2nsnc12,3.75876030634021
*c1ccc2c(c1)S(=O)(=O)c1cc(c4nc([N+](=O)[O-])c(*)[nH]4)ccc1-2,3.3968781868816738
*c1cc2cc3sc(c4ccc(*)cc4C(C)C)cc3cc2s1,2.5521916164327463
*c1ccc(c3c(Cl)ccc(*)c3Cl)c2nsnc12,3.917052848418837
*c1cc(F)c(c2cc(*)c(N)c(OC)c2)cc1F,1.7393809976634926
*c1ccc(c3cc(*)c(N=S(C)(C)=O)c([N+](=O)[O-])c3)c2nsnc12,3.614713115179216
*c1cc2ccc3cc(c5cc(*)cc(C(=O)OC)c5)cc4ccc(c1)c2c34,2.626822537467644
*c1ccc2c(c1)C(C)(C)c1cc(c4cc(*)c(=O)n(C)c4C)ccc1-2,2.201199421785029
*c1ccc(-c2ccc(c3cc4[nH]cnc4c(*)c3N)s2)s1,2.286378798383562
*c1ccc(c3cncc(*)c3C(=O)O)c2nsnc12,3.975461791348055
*c1ccc(-c2ccc(c3cc(C)c(N)c(*)n3)s2)s1,2.4691189227244448
*c1ccc2c(c1)[nH]c1cc(c4cnc5cc(*)cnc5c4)ccc12,2.7753197652679886
*c1ccc(-c2ccc(c3ncc(*)c4[nH]ccc34)s2)s1,2.885481892169376
*c1ccc2c(c1)C(C)(C)c1cc(c4c(N)c(*)cc(F)c4Cl)ccc1-2,2.083137918612789
*c1ccc2c(c1)S(=O)(=O)c1cc(c4ccc5[nH]c6c([N+](=O)[O-])cc(*)cc6c5c4)ccc1-2,3.401578525474388
*c1ccc(c3ccc4cccc(*)c4n3)c2nsnc12,3.6523813785833834
*c1cc2ccc3cc(c5cc(*)ccc5N=C=S)cc4ccc(c1)c2c34,2.6177180211133333
*c1ccc(-c2ccc(c3cc([N+](=O)[O-])cc(*)n3)s2)s1,3.826367062110222
*c1cc2ccc3cc(c5cc(Cl)cc(*)c5OC)cc4ccc(c1)c2c34,2.6620001066885983
*c1ccc2c(c1)C(C)(C)c1cc(c4cc(C(N)=NO)cc(*)c4OC)ccc1-2,2.084022801866901
*c1cc2cc3sc(c4cc(*)c(OCc5ccccc5)c(C=O)c4)cc3cc2s1,2.899048946271202
*c1cc2cc3sc(c4sc(*)cc4C=O)cc3cc2s1,3.511797380915671
*c1c2ccccc2c(c4cc(F)c(*)cc4F)c2nsnc12,4.0806153616655765
*c1ccc(c2cccc(*)c2[N+](=O)[O-])cc1,3.2544268238379264
*c1ccc2c(c1)S(=O)(=O)c1cc(c4cc(*)cc(C)c4C)ccc1-2,2.575019143839898
*c1ccc(-c2ccc(c3cc(C(=O)O)c(*)o3)s2)s1,3.285269072949108
*c1cc(F)c(c2ccc(*)nc2N)cc1F,2.431398138894277
*c1ccc(c3nc(*)cn4cc(C(=O)OCC)nc34)c2nsnc12,3.8451415629567447
*c1cc2ccc3cc(c5ccc(*)cc5C=O)cc4ccc(c1)c2c34,2.8226654551701573
*c1cc(F)c(c2ccc(OC(C)(C)C)c(*)c2)cc1F,2.004474379563929
*c1ccc2c(c1)C(C)(C)c1cc(c4nc(*)n(C)c4C)ccc1-2,1.9448118229039109
*c1cc2ccc3cc(c5cccc(*)c5)cc4ccc(c1)c2c34,2.4779638568413302
*c1ccc2c(c1)[nH]c1cc(c4c(N)c(F)cc(*)c4Cl)ccc12,1.6722500583104694
*c1ccc2c(c1)S(=O)(=O)c1cc(c4cc(*)c([N+]#[C-])c(C)c4)ccc1-2,2.8405828460412605
*c1ccc2c(c1)[nH]c1cc(c4cccc5c4sc4c(*)cccc45)ccc12,1.932838869348918
*c1cc(F)c(c2cc(S(=O)(=O)C(F)(F)F)cc(*)c2C)cc1F,2.6256990300317744
*c1cc(F)c(c2cc(*)c(Cl)nc2C)cc1F,2.3955471445612786
*c1ccc(-c2ccc(c3ccc4nc(*)sc4c3)s2)s1,3.268631175603718
*c1ccc(c3cc(*)cnc3C)c2nsnc12,3.694877915359896
*c1cc(F)c(c2cc(*)c(C)nc2C)cc1F,2.0118340013348
*c1ccc(c2cc(OC)cc(*)n2)cc1,2.151641668140181
*c1ccc(c2cccc(*)c2Cl)cc1,1.7515107404193435
*c1ccc(c3cc(*)cc(CC(F)(F)F)c3)c2nsnc12,3.693585742458613
*c1ccc(c3cc(C(=O)O)c(*)cn3)c2nsnc12,4.074306726182782
*c1ccc(-c2ccc(c3nc(*)cnc3Cl)s2)s1,3.272035351422294
*c1ccc(c3cnc(CO)c(*)c3)c2nsnc12,3.759619347924444
*c1cc2ccc3cc(c5nc(*)cnc5C(=O)OC)cc4ccc(c1)c2c34,3.0909797917444166
*c1ccc(c3nc4ncccc4cc3*)c2nsnc12,3.817523005652604
*c1ccc2c(c1)C(C)(C)c1cc(c4c([N+](=O)[O-])ccc(*)c4F)ccc1-2,3.5956065923506686
*c1cc2ccc3cc(c5cc(*)c(C(=O)O)cc5O)cc4ccc(c1)c2c34,2.695467577497788
*c1cc2cc3sc(c4cc(*)c(N)cc4C)cc3cc2s1,2.094560355964727
*c1cc2cc3sc(c4csc5c(*)csc45)cc3cc2s1,2.5995689983173644
*c1ccc(c3cc(F)cc(*)c3N)c2nsnc12,3.5590395789053013
*c1ccc(c2cc(*)cc(C(F)(F)F)c2)cc1,2.177161540353397
*c1ccc2c(c1)C(C)(C)c1cc(c4cnc(CO)c(*)c4)ccc1-2,2.2318443822222904
*c1cc(F)c(c2cncc(*)c2N)cc1F,1.857317951906709
*c1ccc2c(c1)S(=O)(=O)c1cc(c4ccc(*)c(N=C=S)c4)ccc1-2,2.880839437599281
*c1cc(F)c(c2cnc(Cl)c(*)c2N)cc1F,2.034951194159396
*c1ccc2c(c1)C(C)(C)c1cc(c4cc(C(F)(F)F)cc(*)n4)ccc1-2,2.715155461398702
*c1ccc2c(c1)S(=O)(=O)c1cc(c4ncc(*)n5ccnc45)ccc1-2,3.2558559485304377
*c1ccc2c(c1)S(=O)(=O)c1cc(c4cc(*)cn(C)c4=O)ccc1-2,2.735959903832671
*c1cc2cc3sc(c4cc5[nH]cc(*)c5cn4)cc3cc2s1,2.345956375144521
*c1ccc2c(c1)Cc1cc(c4cc(F)c(*)cc4F)ccc1-2,2.438243691459852
*c1cc(F)c(c2cnc(Cl)c(*)c2C)cc1F,2.324578447327012
*c1ccc(c2ccc(*)c(C(=O)OC)n2)cc1,2.680272209730868
*c1cc(c3ccc(*)cc3)cc2cn[nH]c12,1.9190618192173872
*c1cc(F)c(c2cc(OC)c(OC)cc2*)cc1F,2.161787664598306
*c1cc2cc3sc(c4cc(C)cc(*)c4[N+](=O)[O-])cc3cc2s1,3.3226237478977403
*c1cc2ccc3cc(c5cc(C(C)C)cc(*)c5N)cc4ccc(c1)c2c34,2.399909532252668
*c1cc2cc3sc(c4ccc(*)nn4)cc3cc2s1,3.238014482019092
*c1ccc(-c2ccc(c3cc(C)cc(*)c3F)s2)s1,2.7425668401565084
*c1ccc(c3ccc(*)c[n+]3[O-])c2nsnc12,3.979864528176212
*c1cc2ccc3cc(c5nnc(*)cc5C)cc4ccc(c1)c2c34,2.606089846014612
*c1cc(F)c(c2cc(*)cc([N+](=O)[O-])c2C)cc1F,3.5001966648161567
*c1ccc(-c2ccc(c3ncc(*)nc3C=O)s2)s1,3.629415421556887
*c1ccc(c2cc(*)cc(NC(=O)C(C)(C)C)c2)cc1,1.8310038943972693
*c1ccc2c(c1)[nH]c1cc(c4cc(C(=O)O)cc(*)c4N)ccc12,1.8384073254696829
*c1ccc2c(c1)S(=O)(=O)c1cc(c4c5ccccc5c(*)c5nsnc45)ccc1-2,4.072003537929832
*c1ccc(-c2ccc(c3cc(*)c(C=O)cn3)s2)s1,3.560196403275982
*c1cc(F)c(c2n[nH]c(*)c2[N+](=O)[O-])cc1F,3.43433693641643
*c1cc(F)c(c2cc(*)c(Cl)c(OC(F)(F)F)c2)cc1F,2.851231600579845
*c1ccc2c(c1)S(=O)(=O)c1cc(c4ccc(C(C)=O)c(*)c4)ccc1-2,2.9787116553201445
*c1cc(F)c(c2cc(*)c(NC(C)=O)c(C(C)=O)c2)cc1F,2.9123432324194543
*c1ccc2c(c1)S(=O)(=O)c1cc(c4cncc(*)c4C(=O)O)ccc1-2,3.0228236602588106
*c1cc(F)c(c2cnnc(*)c2)cc1F,3.105649031229421
*c1ccc2c(c1)[nH]c1cc(c4cc(CCC(=O)O)cc(*)c4O)ccc12,1.8663632648267552
*c1ccc2c(c1)C(C)(C)c1cc(c4cc(*)c5cc[nH]c5c4)ccc1-2,1.9109273919084853
*c1ccc(c2ncc(*)n2C)cc1,1.8146285189501457
*c1ccc(-c2ccc(c3cnc(*)cc3F)s2)s1,3.218755827117933
*c1cc(F)c(c2cc(*)cc(C=O)c2F)cc1F,3.109965082538255
*c1ccc2c(c1)C(=O)C(=O)c1cc(c4ccc(*)cc4)ccc1-2,4.171347932564949
*c1ccc2c(c1)[nH]c1cc(c4cc(Cl)cc(*)c4F)ccc12,2.0968285455084548
*c1ccc2c(c1)C(C)(C)c1cc(c4cc(*)cc(OC(F)F)c4)ccc1-2,2.301614048291776
*c1ccc(-c2ccc(c3nccc(*)c3C#N)s2)s1,3.266943725760057
*c1ccc(c3n[nH]c(*)c3[N+](=O)[O-])c2nsnc12,4.161741395514513
*c1ccc2c(c1)[nH]c1cc(c4ccnc5ccc(*)cc45)ccc12,2.463959926377193
*c1cc(F)c(c2cc(F)c(*)cc2C#N)cc1F,2.8936034385604152
*c1ccc2c(c1)C(C)(C)c1cc(c4ccc(NC(=O)CC#N)c(*)c4)ccc1-2,2.2030668254723675
*c1cc2ccc3cc(c5cc(C)c(N)c(*)c5[N+](=O)[O-])cc4ccc(c1)c2c34,3.0468841446742045
*c1cc2cc3sc(c4nc(*)cc5ccccc45)cc3cc2s1,2.8885224006432475
*c1ccc(c2cc(C(=O)O)cc(*)n2)cc1,3.0109328686426355
*c1cc(F)c(c2cc(*)ccc2N=C=S)cc1F,2.708055531795984
*c1cc2cc3sc(c4cc(*)c(OCCC)c(C=O)c4)cc3cc2s1,2.8670029713694047
*c1ccc2c(c1)[nH]c1cc(c4cnc(*)c(O)c4)ccc12,2.1722623672113928
*c1ccc(c2cccc(*)c2F)cc1,1.864232880773895
*c1ccc(-c2ccc(c3cc(OC)cc(*)c3C)s2)s1,2.503799099026897
*c1cc2cc3sc(c4ccc(N(c5ccccc5)c5ccc(*)cc5)cc4)cc3cc2s1,2.4054935355863525
*c1cc(F)c(c2c(Cl)ccc(*)c2Cl)cc1F,2.324842204809461
*c1cc2ccc3cc(c5cc(F)c(*)c(F)c5)cc4ccc(c1)c2c34,2.6191805490106352
*c1ccc(c3cc(*)cnc3CC)c2nsnc12,3.701558868827388
*c1cc2cc3sc(c4ccc(-c5ccc(*)cn5)nc4)cc3cc2s1,3.109213748616215
*c1ccc(-c2ccc(c3cnc([N+](=O)[O-])c(*)c3)s2)s1,3.8213037131923775
*c1ccc2c(c1)S(=O)(=O)c1cc(c4ccc5c(c4)-c4cc(*)ccc4S5(=O)=O)ccc1-2,2.929581917875641
*c1ccc(-c2ccc(c3cc(*)cc(C(F)F)c3)s2)s1,2.842553288352041
*c1cc(F)c(c2cc(OC)c(O)c(C=O)c2*)cc1F,3.014349474702585
*c1ccc2[nH]c3ccc(c4ccc(*)c5nsnc45)cc3c2c1,3.4397725100196217
*c1ccc2c(c1)C(C)(C)c1cc(c4cc(*)nc5cnccc45)ccc1-2,2.9713943613385325
*c1ccc2c(c1)S(=O)(=O)c1cc(c4cc(*)cc(N5CCOCC5)c4)ccc1-2,2.5286740843777484
*c1ccc(-c2ccc(c3nc(*)c(C)nc3N)s2)s1,2.7077916907207937
*c1cc(F)c(c2cc(Cl)cc(*)c2OC)cc1F,2.3176026980889377
*c1ccc(c3cc(C)c([N+](=O)[O-])c(*)c3N)c2nsnc12,3.800926139857145
*c1ccc2c(c1)C(C)(C)c1cc(c4ncc(*)nc4C=O)ccc1-2,3.348865826405444
*c1cc2cc3sc(c4cc(C(C)(C)C)cc(*)c4O)cc3cc2s1,2.5130057235164016
*c1ccc(c3cccc(*)[n+]3[O-])c2nsnc12,3.856281609520665
*c1cc(F)c(c2cc(C(=O)O)c(*)cn2)cc1F,3.2218299327021827
*c1c(F)c(F)c(c3cc(F)c(*)cc3F)c2nsnc12,4.1610032928268375
*c1ccc2c(c1)S(=O)(=O)c1cc(c4cc(*)c5nc(Cl)sc5c4)ccc1-2,3.0153952688600327
*c1ccc2c(c1)S(=O)(=O)c1cc(c4ncc5cc(*)ccc5n4)ccc1-2,3.286269337951554
*c1ccc2c(c1)S(=O)(=O)c1cc(c4ccnc(*)c4C=O)ccc1-2,3.2559079508612823
*c1ccccc1-c1ccccc1c3cc(F)c(*)cc3F,2.131381373817356
*c1ccc(-c2ccc(c3c(N)ccc(*)c3F)s2)s1,2.357948407485519
*c1ccc(-c2ccc(c3sc(*)nc3C(=O)OCC)s2)s1,3.5717505396626503
*c1ccc(c3cc(*)cc(N)c3C(=O)O)c2nsnc12,3.679107151625459
*c1ccc2c(c1)[nH]c1cc(c4c(C)c(*)cc(C=O)c4O)ccc12,2.669561560224573
*c1ccc2c(c1)Cc1cc(c4ccc(*)cc4)ccc1-2,2.157764107413641
*c1ccc2c(c1)[nH]c1cc(c4nc(*)cn(C)c4=O)ccc12,2.614619895465748
*c1ccc2[nH]c3c([N+](=O)[O-])cc(c4cc(F)c(*)cc4F)cc3c2c1,3.423316117422882
*c1ccc2c(c1)[nH]c1cc(c4cnc(C#N)c(*)c4)ccc12,2.679519844535388
*c1ccc2c(c1)C(C)(C)c1cc(c4ccc(*)cc4C(C)C)ccc1-2,2.023792538709348
*c1ccc(c3cc(Cl)cn4c(*)cnc34)c2nsnc12,3.734041200127001
*c1cc2ccc3cc(c5ncc(*)nc5C(=O)OCC)cc4ccc(c1)c2c34,3.0520110343655045
*c1ccc2c(c1)S(=O)(=O)c1cc(c4cnc(*)cc4F)ccc1-2,3.1440309682541048
*c1ccc2c(c1)C(C)(C)c1cc(c4ccc(OC(C)(C)C)c(*)c4)ccc1-2,2.0601371828493056
*c1ccc(c3cc(*)cc(C(F)(F)F)c3N)c2nsnc12,3.5831120043358213
*c1cc2ccc3cc(c5cc(*)c6nccn6c5)cc4ccc(c1)c2c34,2.481870670758481
*c1c2ccccc2c(c4cc(F)c(*)cc4F)c2ccccc12,2.8110705110759646
*c1cc(F)c(c2cc(C(=O)OCC)c(*)s2)cc1F,3.254309968037435
*c1ccc2c(c1)[nH]c1cc(c4cc(*)c([N+]#[C-])c(C)c4)ccc12,2.163077481316217
*c1ccc(c3cn(C)cc(*)c3=O)c2nsnc12,3.5493332739010515
*c1ccc2c(c1)S(=O)(=O)c1cc(c4cc(C)c(*)c(C)c4)ccc1-2,2.552460590095677
*c1ccc(-c2ccc(c3c(N)c(F)cc(*)c3Cl)s2)s1,2.5399967061425324
*c1ccc(c3ccc(*)nn3)c2nsnc12,4.068984604473954
*c1ccc2c(c1)S(=O)(=O)c1cc(c4cc(F)cc(*)c4[N+]#[C-])ccc1-2,2.859202788277869
*c1ccc(-c2ccc(c3ccnc4cc(*)cnc34)s2)s1,3.3212867196475404
*c1cc2ccc3cc(c5ncc(*)nc5N)cc4ccc(c1)c2c34,2.543053584502852
*c1cc2ccc3cc(c5ccc(*)c6cc[nH]c56)cc4ccc(c1)c2c34,2.391164828579078
*c1cc2cc3sc(c4ccc(C)c(*)c4C)cc3cc2s1,2.159357454802712
*c1ccc(-c2ccc(c3ccc(OC(F)(F)F)cc3*)s2)s1,2.8938604992378587
*c1ccc(-c2ccc(c3c(C)c(*)cc(C=O)c3O)s2)s1,2.9078209337249543
*c1ccc2c(c1)[nH]c1cc(c4sc(*)nc4C(=O)OC)ccc12,2.9489377012917157
*c1ccc(c3cc(C(=O)OC)cc(*)n3)c2nsnc12,3.934992616672448
*c1cc2ccc3cc(c5cnc6cc(*)cnc6c5)cc4ccc(c1)c2c34,2.891697693494497
*c1ccc(c3cc(*)c(C)cc3C)c2nsnc12,3.587917771958431
*c1ccc2c(c1)S(=O)(=O)c1cc(c4cc(*)c(O)c(C(=O)OC)n4)ccc1-2,3.120524851446083
*c1ccc2c(c1)C(C)(C)c1cc(c4cc(C(C)(C)C)cc(*)c4N)ccc1-2,1.8345601905026896
*c1ccc(c3c(C)c(*)cc(C=O)c3O)c2nsnc12,3.8190893535517256
*c1ccc2c(c1)C(C)(C)c1cc(c4cc(=O)cc(*)[nH]4)ccc1-2,2.428303104343153
*c1cc2ccc3cc(c5cc(*)c(C)nc5C)cc4ccc(c1)c2c34,2.563891615148519
*c1ccc2c(c1)C(C)(C)c1cc(c4ncc(*)c5ccccc45)ccc1-2,2.6438676674436885
*c1ccc(c3cc(C(=O)OCC)cc(*)c3N)c2nsnc12,3.637123041803324
*c1ccc2c(c1)S(=O)(=O)c1cc(c4ccc(*)nc4C(=O)O)ccc1-2,3.1712460470069352
*c1ccc(c3cc(*)c4nccn4c3)c2nsnc12,3.626385929468474
*c1cc2cc3sc(c4cc5sc(*)cc5s4)cc3cc2s1,3.060641166494745
*c1ccc2c(c1)[nH]c1cc(c4nc(*)n(C5CCCCO5)n4)ccc12,2.1381419588598254
*c1ccc2c(c1)[nH]c1cc(c4cc(*)c(NC(C)=O)c(C(C)=O)c4)ccc12,2.6456163195559825
*c1ccc2c(c1)[nH]c1cc(c4nc(*)cc5ccccc45)ccc12,2.394752886483637
*c1cc2cc3sc(c4ccc5nc(*)sc5c4)cc3cc2s1,3.215909614212294
*c1cc2ccc3cc(c5cc(C(=O)O)cc(*)c5N)cc4ccc(c1)c2c34,2.551239033281854
*c1cc2cc3sc(c4ccc(*)c(CO)c4)cc3cc2s1,2.7102404408225365
*c1ccc2c(c1)[nH]c1cc(c4cc(Cl)c(F)c(*)c4N)ccc12,1.7322855090513232
*c1cc2ccc3cc(c5cc(*)cc(C)c5)cc4ccc(c1)c2c34,2.4678186527646355
*c1ccc2c(c1)S(=O)(=O)c1cc(c4c5c(=O)oc(=O)c5c(*)c5c(=O)oc(=O)c45)ccc1-2,5.062431566013175
*c1ccc2c(c1)C(C)(C)c1cc(c4cc(CCCC)c(*)s4)ccc1-2,2.509791901408836
*c1cc(F)c(c2cc(*)cc(OC(F)(F)F)c2)cc1F,2.656741083638182
*c1ccc2c(c1)S(=O)(=O)c1cc(c4cc(*)cc(C)c4)ccc1-2,2.6252742394712865
*c1ccc(-c2ccc(c3cc(*)cc(C=O)c3F)s2)s1,3.1085742445354434
*c1ccc(c3cc(*)c(Cl)c(CC)c3)c2nsnc12,3.746067864397992
*c1ccc(c3[nH]nc4cc(*)ncc34)c2nsnc12,3.78769915018566
*c1ccc(c2cc(C)c(*)cc2N)cc1,1.2811382524059536
*c1ccc2c(c1)[nH]c1cc(c4cn(C)cc(*)c4=O)ccc12,1.8173652674335024
*c1ccc(c3nc(C)c(*)n3C)c2nsnc12,3.660302897066428
*c1ccc2c(c1)S(=O)(=O)c1cc(c4ccc(*)c(C)n4)ccc1-2,2.82537779102199
*c1cc2ccc3cc(c5cc(*)cc(NC(=O)C(C)(C)C)c5)cc4ccc(c1)c2c34,2.488094177064529
*c1[nH]nc2c(c3cc(F)c(*)cc3F)cncc12,3.055067083312785
*c1ccc(c2c(C(F)(F)F)c(*)c[nH]c2=O)cc1,2.614422754842276
*c1ccnc2c(c3ccc(*)cc3)cccc12,2.558890688962597
*c1cc2ccc3cc(c5nc(F)cc(*)c5O)cc4ccc(c1)c2c34,2.708456368236368
*c1ccc(c3cc(C(=O)O)cc(*)c3OC)c2nsnc12,3.871383861525717
*c1cc(F)c(c2c(F)ccc(*)c2F)cc1F,2.3541598376405197
*c1cc2ccc3cc(c5cc(*)c(C(=O)OC)nc5N)cc4ccc(c1)c2c34,2.613592254340112
*c1ccc(c2ccc(C(C)=O)c(*)c2)cc1,2.573858353569527
*c1cc2cc3sc(c4ccc5ncc(*)n5c4)cc3cc2s1,2.536218535144241
*c1cc2cc3sc(c4ccc(OC(F)(F)F)cc4*)cc3cc2s1,2.7936094805529037
*c1cc(c3cc(F)c(*)cc3F)c2cn[nH]c2c1,2.3972443663598253
*c1ccc2c(c1)[nH]c1cc(c4cc(=O)cc(*)[nH]4)ccc12,2.142367991152994
*c1cc2ccc3cc(c5cc(*)cc(C(F)F)c5)cc4ccc(c1)c2c34,2.5705678928239832
*c1cc2ccc3cc(c5ccc(*)c(CC(=O)O)c5)cc4ccc(c1)c2c34,2.6061635034233905
*c1cc2ccc3cc(c5cccc(*)c5C#N)cc4ccc(c1)c2c34,2.634307001547348
*c1cc2ccc3cc(c5c(F)c(F)c(*)c6nsnc56)cc4ccc(c1)c2c34,3.961395381249553
*c1ccc2c(c1)C(C)(C)c1cc(c4cc(*)cc(OC(F)F)c4N)ccc1-2,2.0260846615102697
*c1cc2cc3sc(c4ccc5c6ccc(*)cc6n(CC)c5c4)cc3cc2s1,2.565105654946461
*c1cc(F)c(c2c(N)c(*)c(Cl)c(F)c2Cl)cc1F,2.21957864837522
*c1ccc(c2nc(*)n(C)c2C)cc1,1.5269737431800192
*c1cc2ccc3cc(c5nc(*)cnc5Cl)cc4ccc(c1)c2c34,2.848019140966464
*c1ccc(c2cc(*)c(OCCC)c(C=O)c2)cc1,2.7191382234937205
*c1cc(F)c(c2cc(CCCC)cc(*)c2N)cc1F,1.6649308629246071
*c1ccc(-c2ccc(c3cc(*)cc(C)c3N)s2)s1,2.28319390666952
*c1ccc(c3cc(C)c(*)nc3C)c2nsnc12,3.672066337880072
*c1cc2ccc3cc(c5cc(*)cc(N)n5)cc4ccc(c1)c2c34,2.420714097092751
*c1ccc(c3cc(Cl)c(F)c(*)c3N)c2nsnc12,3.6990453826241145
*c1ccc(c2ncc(*)s2)cc1,3.022015897417309
*c1cc2ccc3cc(c5cc(*)c(O)c([N+](=O)[O-])c5C)cc4ccc(c1)c2c34,3.4958408322115613
*c1ccc2c(c1)C(C)(C)c1cc(c4ccc(*)c(OC)c4)ccc1-2,2.1659003178443137
*c1cc2cc3sc(c4[nH]nc5cnc(*)cc45)cc3cc2s1,2.9679021821182507
*c1ccc(c2cc(*)cc(C(=O)Cl)c2)cc1,3.1934577775461523
*c1cc2cc3sc(c4c(C)c([N+](=O)[O-])cc(*)c4OC)cc3cc2s1,3.4015848603059333
*c1ccc(-c2ccc(c3cnc(*)c4ncnn34)s2)s1,3.539495108585984
*c1cc2cc3sc(c4cc(OC)cc(*)c4O)cc3cc2s1,2.5311484331315315
*c1ccc(-c2ccc(c3cc(*)c4[nH]ccc4c3)s2)s1,2.3986128744817137
*c1cc(F)c(C2=CC=C(*)S2(=O)=O)cc1F,4.039861543815014
*c1ccc(-c2ccc(c3cccc(*)c3CC(=O)O)s2)s1,2.6100680282051067
*c1ccc(-c2ccc(c3cc(F)cc(*)n3)s2)s1,2.974945087866048
*c1cc(F)c(c2ccc(*)c(O)c2)cc1F,2.27730752775622
*c1ccc2c(c1)[nH]c1cc(c4cc(*)c(F)c(F)c4)ccc12,2.0571869356292725
*c1ccc(c2cc(*)c(C)cc2OC)cc1,1.5497897150565494
*c1ccc(c2cc(F)c(C)c(*)c2N)cc1,1.367812387426062
*c1ccc(c3ccc(*)c(O)c3)c2nsnc12,3.702454370243686
*c1cc2cc3sc(c4cc(*)ccc4F)cc3cc2s1,2.671554430513646
*c1ccc(c3ccc(*)c4cnccc34)c2nsnc12,3.719549844323569
*c1ccc(c3c[nH]c4nc(C)c(*)cc34)c2nsnc12,3.475977558912593
*c1cnc(c3ccc(*)cc3)c2nsnc12,4.060950787289414
*c1ccc2c(c1)C(C)(C)c1cc(c4nc(*)c(C(=O)O)s4)ccc1-2,3.4159774392685724
*c1ccc2c(c1)S(=O)(=O)c1cc(c4nccc(*)c4N)ccc1-2,2.6183369258454503
*c1ccc2c(c1)S(=O)(=O)c1cc(c4cc(C)nc(*)c4O)ccc1-2,2.865546331726865
*c1cc(F)c(c2cnc(N)c(*)c2C)cc1F,1.7059837210310629
*c1ccc(c2cnc(*)cc2N)cc1,1.8607722823992807
*c1ccc(c3cc(F)cc(*)c3CO)c2nsnc12,3.840356671916588
*c1ccc2c(c1)C(C)(C)c1cc(c4cc(*)cc(OCC)c4)ccc1-2,2.074300511207104
*c1cc2cc3sc(c4cc(*)c(O)c5ncccc45)cc3cc2s1,2.781271809931723
*c1ccc(-c2ccc(c3ccc(OC(C)(C)C)c(*)c3)s2)s1,2.5438422944045893
*c1ccc(c2cc(Cl)cc(*)c2Cl)cc1,2.103162463041544
*c1cc2cc3sc(c4cnc(*)c(C(=O)OC)n4)cc3cc2s1,3.510586021852061
*c1ccc(-c2ccc(c3ccc(*)c(C)c3[N+](=O)[O-])s2)s1,3.301402995976155
*c1ccc(c2c(C)cc(*)cc2[N+](=O)[O-])cc1,3.3947859192294505
*c1ccc2c(c1)[nH]c1cc(c4sc(*)nc4C(=O)OCC)ccc12,2.921893623740337
*c1ccc(c2cc(C(=O)O)cc(*)c2OC)cc1,2.406390589825112
*c1ccc2c(c1)C(C)(C)c1cc(c4ccnc(*)c4C)ccc1-2,2.1504701528454904
*c1cc2ccc3cc(c5ccc(C)c(*)n5)cc4ccc(c1)c2c34,2.4582110720333885
*c1cc2cc3sc(c4ccnc5cc(*)cnc45)cc3cc2s1,3.314364307464864
*c1ccc2c(c1)S(=O)(=O)c1cc(c4cc(*)ccc4[N+](=O)[O-])ccc1-2,3.614579677154074
*c1ccc(c3ccccc3-c3ccccc3*)c2nsnc12,3.641218412843293
*c1ccc2c(c1)C(C)(C)c1cc(c4cc(*)c(N)c(C#N)c4)ccc1-2,2.0477696381755
*c1ccc(-c2ccc(c3cccc(*)c3C(=O)OC)s2)s1,2.790777306587713
*c1cc2cc3sc(c4ncc(*)n5ccnc45)cc3cc2s1,3.219309277696616
*c1ccc(c2cc(Cl)c(F)c(*)c2N)cc1,1.666191533726039
*c1ccc(c2cc(*)c(N)c(C(=O)O)c2F)cc1,2.18732162726341
*c1ccc2nc(c3cc(F)c(*)cc3F)ccc2c1,2.970045907723996
*c1ccc2c(c1)S(=O)(=O)c1cc(c4c(Cl)cc(*)c(C)c4Cl)ccc1-2,2.7991980740645683
*c1ccc2c(c1)[nH]c1cc(c4cc(CC(N)C(=O)OC)cc(*)c4O)ccc12,1.8536994012251
*c1ccc(c3ccc(*)n3C(=O)OC(C)(C)C)c2nsnc12,3.701673376948776
*c1cc2ccc3cc(c5cncc(*)n5)cc4ccc(c1)c2c34,2.666895759566796
*c1ccc2c(c1)[nH]c1cc(c4cc(*)cc(CC(F)(F)F)c4)ccc12,1.9608367430059104
*c1ccc(-c2ccc(c3c(F)cc(N)c(*)c3F)s2)s1,2.428247567265185
*c1ccc2c(c1)[nH]c1cc(c4cnc5c(*)cc(Cl)nn45)ccc12,2.8819433676145145
*c1cc(F)c(c2ccc(*)nc2Cl)cc1F,2.907358625354939
*c1ccc2c(c1)C(C)(C)c1cc(c4cc(*)nc(OC)c4N)ccc1-2,2.1089139702731683
*c1cc2ccc3cc(c5ccc6c(c5)[nH]c5cc(*)ccc56)cc4ccc(c1)c2c34,2.3784011433183694
*c1ccc(c3cnc4[nH]cc(*)c4c3)c2nsnc12,3.4792265498065262
*c1ccc2c(c1)C(C)(C)c1cc(c4ccc(C(=O)O)c(*)n4)ccc1-2,2.917690490747757
*c1cc2ccc3cc(c5cc(*)cc(CC(F)(F)F)c5)cc4ccc(c1)c2c34,2.533861656439636
*c1cc2ccc3cc(c5ccnc(*)c5[N+](=O)[O-])cc4ccc(c1)c2c34,3.3513898995434945
*c1cc2cc3sc(c4nccc(*)n4)cc3cc2s1,3.097532266634462
*c1ccc(-c2ccc(c3nc(*)c(OCC)cc3N)s2)s1,2.422887178203869
*c1ccc(-c2ccc(c3sc(*)c4cc(C(=O)O)sc34)s2)s1,3.632765085459595
*c1ccc2c(c1)C(C)(C)c1cc(c4cc(C(=O)OCC)cc(*)c4N)ccc1-2,2.0517603260931168
*c1cc2cc3sc(c4cc(Cl)c(F)c(*)c4N)cc3cc2s1,2.4359070866609684
*c1ccc2c(c1)C(C)(C)c1cc(c4nc(*)cn5ncnc45)ccc1-2,2.886823756636398
*c1cc2ccc3cc(c5cnc(*)c6nsnc56)cc4ccc(c1)c2c34,3.9817402555438335
*c1ccc2c(c1)S(=O)(=O)c1cc(c4nc(*)cn5ccnc45)ccc1-2,3.023354883574763
*c1cc2ccc3cc(c5ccc(*)c(C#N)c5)cc4ccc(c1)c2c34,2.616257237580489
*c1ccc(c2cc(*)cc(C(=O)O)c2)cc1,2.413179003535357
*c1ccc(-c2ccc(c3cc(*)c(F)c(C)c3)s2)s1,2.7528250542701977
*c1cc2ccc3cc(c5ccc6ccc7c(*)ccc8ccc5c6c87)cc4ccc(c1)c2c34,2.639455424995086
*c1ccc(c3ccnc(-c4cc(*)ccn4)c3)c2nsnc12,3.801915341683498
*c1ccc(-c2ccc(c3cc(*)cc(OC)c3)s2)s1,2.656165098113535
*c1ccc(-c2ccc(c3cc(*)cc(CC)c3N)s2)s1,2.290651662882775
*c1cc2cc3sc(c4cc(C(C)(C)C)cc(*)c4Cl)cc3cc2s1,2.5410666197212395
*c1ccc2c(c1)[nH]c1cc(c4cc(O)c(*)cc4O)ccc12,1.8342283999543867
*c1ccc(-c2ccc(c3sc(*)cc3C(C)=O)s2)s1,3.3589138821052646
*c1cc2ccc3cc(c5cnc6n[nH]c(*)c6c5)cc4ccc(c1)c2c34,2.6389787430991163
*c1ccc(c3cnc4c(*)cc(Cl)nn34)c2nsnc12,3.984314328225061
*c1ccc2c(c1)C(C)(C)c1cc(c4ccc(*)c5nc(Cl)sc45)ccc1-2,2.6574421586439545
*c1cc(F)c(c2c(C)c(Cl)cc(*)c2N)cc1F,1.8208827696008176
*c1ccc(c2cc(C)c(*)cc2C)cc1,1.348418394474867
*c1cc2ccc3cc(c5cc(C(F)(F)F)cc(*)c5O)cc4ccc(c1)c2c34,2.711216983803916
*c1ccc2c3ccc(c5ccc6c(c5)[nH]c5cc(*)ccc56)cc3n(-c3ccccc3)c2c1,1.959582608646684
*c1ccc(c2cc(*)cc(N)c2C)cc1,1.3484958650671888
*c1cccc(c4ccc(-c5ccc(*)s5)s4)c1-c1cc2cnc(N)nc2nc1N,2.513848227003768
*c1ccc(-c2ccc(c3nccc(*)n3)s2)s1,3.1518303294802776
*c1ccc(-c2ccc(c3c(C)nc(C)c(*)c3C)s2)s1,2.327055043811184
*c1ccc2c(c1)S(=O)(=O)c1cc(c4cc(*)ccc4C(=O)OCC)ccc1-2,2.946569999397572
*c1ccc2c(c1)[nH]c1cc(c4ccc(*)c(C(=O)OC)n4)ccc12,2.4798083498982653
*c1cc2ccc3cc(c5cc(*)c(N)cc5OC)cc4ccc(c1)c2c34,2.3874511646372083
*c1ccc(c3cc(F)c(*)cc3F)c2nccnc12,3.309400847755695
*c1ccc(-c2ccc(c3cc(O)c(*)cc3O)s2)s1,2.853727333266741
*c1ccc(c3sc(*)cc3C(=O)OC)c2nsnc12,4.085059930452088
*c1ccc(c2cc(*)cnc2OC)cc1,1.9070132856212805
*c1ccc2c(c1)[nH]c1cc(c4cccc(*)c4)ccc12,1.7489885969701635
*c1cc2ccc3cc(c5cc(*)ccc5OCCOC)cc4ccc(c1)c2c34,2.508146846922176
*c1cc2cc3sc(c4cc(*)cc5c(C(=O)O)cc(-c6ccccc6)nc45)cc3cc2s1,3.49408258088848
*c1cc2ccc3cc(c5cnc(OC)c(*)c5OC)cc4ccc(c1)c2c34,2.617103885231274
*c1ccc2c(c1)C(C)(C)c1cc(c4ccc(CO)c(*)n4)ccc1-2,2.355807740035225
*c1ccc2c(c1)[nH]c1cc(c4cnc(*)c5nsnc45)ccc12,3.842659744063609
*c1ccc(-c2ccc(c3cccc(*)c3[N+](=O)[O-])s2)s1,3.356729455407108
*c1ccc(c3ccc(*)cc3CC#N)c2nsnc12,3.736171782842182
*c1cc2ccc3cc(c5cc(*)cc6cncn56)cc4ccc(c1)c2c34,2.546981915750284
*c1ccc(-c2ccc(c3ccccc3*)s2)s1,2.5848938438347075
*c1cc(F)c(c2ncc(*)nc2C(=O)OCC)cc1F,3.492656867466867
*c1ccc(c3nc(*)c4ccccc4n3)c2nsnc12,3.838612799106574
*c1ccc(-c2ccc(c3cc(C)nc(*)c3N)s2)s1,2.60253729882257
*c1cc2ccc3cc(c5c[nH]cc(*)c5=O)cc4ccc(c1)c2c34,2.425681680826689
*c1cc2cc3sc(c4ccc(N)c(*)c4)cc3cc2s1,2.151440557898637
*c1ccc(c3cc(CCCCCC)c(*)s3)c2nsnc12,3.766837172821955
*c1ccc(c2cncc(*)c2OC)cc1,1.9344210703012887
*c1cc2cc3sc(c4cccc(*)c4F)cc3cc2s1,2.6475468368343806
*c1ccc2c(c1)S(=O)(=O)c1cc(c4cc(C(=O)OC)c(*)o4)ccc1-2,3.289002800519733
*c1ccc(c2cc(C(=O)OC)cc(*)n2)cc1,2.9814543108743727
*c1cc2ccc3cc(c5cc(*)cc6c(C(=O)O)cc(-c7ccccc7)nc56)cc4ccc(c1)c2c34,3.3085291205649203
*c1ccc2c(c1)C(C)(C)c1cc(c4cccc(*)c4F)ccc1-2,2.162785254997301
*c1ccc(c2nc(*)ccc2O)cc1,2.0794617679510825
*c1cc2ccc3cc(c5ccc(C(=O)c6ccc(*)cc6)cc5)cc4ccc(c1)c2c34,2.820798032585066
*c1ccsc1-c1sccc1c3cc(F)c(*)cc3F,2.616314926249913
*c1ccc2c(c1)C(C)(C)c1cc(c4cc(*)cc5sc(N)nc45)ccc1-2,2.0442844766115997
*c1cc(F)c(c2ccc(*)nc2C(=O)O)cc1F,3.003788047215912
*c1ccc(-c2ccc(c3ncc(*)cc3C(F)(F)F)s2)s1,3.310719438126537
*c1cc2cc3sc(c4ccc(C=O)c(*)c4)cc3cc2s1,3.2689821553493683
*c1cc2ccc3cc(c5ccc6c(c5)S(=O)(=O)c5cc(*)ccc5-6)cc4ccc(c1)c2c34,2.833730310177327
*c1ccc(c3cc(C=O)cc(*)c3OC)c2nsnc12,3.8487642359868888
*c1ccc(c2cc(*)c(C(=O)OC)nc2N)cc1,2.313984424034253
*c1ccc(c3cc(*)c(N)c(C(=O)O)c3F)c2nsnc12,3.685325827168968
*c1ccc(c2cc(S(N)(=O)=O)cc(*)c2N)cc1,1.4574386904079375
*c1ccc2c(c1)C(C)(C)c1cc(c4ccc5c(c4)C(=O)c4ccc(*)cc4C5=O)ccc1-2,4.038084869504695
*c1ccc2c(c1)C(C)(C)c1cc(c4cccc(C(=O)O)c4*)ccc1-2,2.386626861204164
*c1cc2cc3sc(c4nc([N+](=O)[O-])c(*)[nH]4)cc3cc2s1,3.465536159628649
*c1ccc2c(c1)S(=O)(=O)c1cc(c4c(F)cc(F)c(*)c4F)ccc1-2,2.9013191358847483
*c1ccc2c(c1)C(C)(C)c1cc(c4ccc(*)cc4C(F)(F)F)ccc1-2,2.385588813380407
*c1ccc(c2cccc(*)[n+]2[O-])cc1,2.3186982769333166
*c1cc2ccc3cc(c5cc(C(=O)O)nc(*)c5O)cc4ccc(c1)c2c34,2.7800453592108867
*c1ccc(-c2ccc(c3cc(*)c(N)cc3C)s2)s1,2.242835006913056
*c1ccc(c3nc(*)c(OC)cc3[N+](=O)[O-])c2nsnc12,4.108749164654689
*c1ccnc(-c2cc(c3cc(F)c(*)cc3F)ccn2)c1,2.765726544494283
*c1cc(c3cc(F)c(*)cc3F)ccc1OCc1ccccc1,1.9572447010874197
*c1ccc2c(c1)S(=O)(=O)c1cc(c4nc(*)cn(C)c4=O)ccc1-2,3.162072700501751
*c1ccc2c(c1)C(C)(C)c1cc(c4cc(*)cc(CBr)c4)ccc1-2,2.10798248360064
*c1ccc(-c2ccc(c3c(I)c(*)cc(C)c3[N+](=O)[O-])s2)s1,3.4515045953818504
*c1cc2cc3sc(c4cc(*)c(C)nc4N)cc3cc2s1,2.2712153586442327
*c1cc2ccc3cc(c5c(F)ncc(*)c5C)cc4ccc(c1)c2c34,2.6338219725014844
*c1ccc(c3cc(F)cc(*)c3[N+]#[C-])c2nsnc12,3.7855921102088432
*c1ccc2c(c1)S(=O)(=O)c1cc(c4cc(C=CC(=O)O)cc(*)c4OCCC)ccc1-2,2.9003643246511075
*c1ccc(-c2ccc(c3cc(*)ccc3OCC(=O)NN)s2)s1,2.546572902939149
*c1ccc2c(c1)C(C)(C)c1cc(c4cc(*)ccc4OCCOC)ccc1-2,2.05403887208644
*c1ccc(c2ccc(C(=O)O)c(*)c2OC(F)F)cc1,2.816700333750706
*c1cc(c3cc(F)c(*)cc3F)c2c(c1)C(=O)C(=O)N2CC,3.8659778182062383
*c1ccc2c(c1)[nH]c1cc(c4cc(C(C)(C)C)c(*)cc4C(C)(C)C)ccc12,1.7130347809204018
*c1cc2ccc3cc(c5cc(*)c(OC(C)C)c(C=O)c5)cc4ccc(c1)c2c34,2.7888081855519244
*c1cc(F)c(c2cccc(*)c2Cl)cc1F,2.055053262467905
*c1ccc(c3nc([N+](=O)[O-])c(*)[nH]3)c2nsnc12,4.201417671584281
*c1cc2ccc3cc(c5ccc(*)c(OC(F)F)c5)cc4ccc(c1)c2c34,2.61938192874664
*c1ccc2c(c1)S(=O)(=O)c1cc(c4ccc(*)c(O)c4)ccc1-2,2.740047805728281
*c1ccc2c(c1)C(C)(C)c1cc(c4nc(*)c(C)s4)ccc1-2,2.6122104766588587
*c1ccc2c(c1)[nH]c1cc(c4ccc(C(=O)O)c(*)n4)ccc12,2.7086597693846373
*c1cc2ccc3cc(c5cc(C=O)c(*)cc5C=O)cc4ccc(c1)c2c34,3.574615151320572
*c1ccc(c3cc([N+](=O)[O-])c(*)cc3C)c2nsnc12,3.982664227978463
*c1ccc(c3c(C)nc(C)c(*)c3C)c2nsnc12,3.6802072404244304
*c1cc(F)c(c2nc(*)n(C)c2C)cc1F,1.813228204624331
*c1ccc2c(c1)C(C)(C)c1cc(c4cc(*)cc(C=O)c4)ccc1-2,2.7420440854899883
*c1ccc2c(c1)C(C)(C)c1cc(c4cc(*)c5c(c4)NC(=O)C5=O)ccc1-2,3.694883320795583
*c1ccc2c(c1)[nH]c1cc(c4cc(*)cnc4C)ccc12,1.8528019255014283
*c1ccc2c(c1)S(=O)(=O)c1cc(c4cc(*)c(N)c(C)c4[N+](=O)[O-])ccc1-2,3.1589300721671147
*c1cc(c3ccc(*)cc3)c2[nH]ccc2c1,1.443867168627316
*c1ccc2c(c1)[nH]c1cc(c4cc(N)cc(*)n4)ccc12,1.794947258506751
*c1cc2ccc3cc(c5ccc(-c6ccc(-c7ccc(*)s7)s6)s5)cc4ccc(c1)c2c34,2.8892213827688806
*c1cc(c3cc(F)c(*)cc3F)ccc1-c1ccccc1,2.2333342149409927
*c1ccc2c(c1)S(=O)(=O)c1cc(c4cc(*)c(Cl)cc4F)ccc1-2,2.8744227001949434
*c1ccc(-c2ccc(c3sc(*)nc3C)s2)s1,3.2708089780192973
*c1ccc2c(c1)C(C)(C)c1cc(c4cc(*)c(C#N)c(F)c4)ccc1-2,2.826458715708341
*c1ccc2c(c1)[nH]c1cc(c4cc5c(s4)-c4sc(*)cc4C5=O)ccc12,3.6643915914103102
*c1cc2ccc3cc(c5cc(F)c(*)cc5F)cc4ccc(c1)c2c34,2.616269992841837
*c1ccc(c2cc(*)nc(C(=O)OC)c2)cc1,2.8248328826655538
*c1ccc2c(c1)S(=O)(=O)c1cc(c4c(CC)cc(*)cc4CC)ccc1-2,2.5750475743863923
*c1ccc2c(c1)S(=O)(=O)c1cc(c4ccc(*)c5cc[nH]c45)ccc1-2,2.6218821353422075
*c1cc2ccc3cc(c5ncc(*)[nH]5)cc4ccc(c1)c2c34,2.433512333492802
*c1ccc(-c2ccc(c3cc4c(c(*)c3N)OC(F)(F)O4)s2)s1,2.6678378600211703
*c1ccc2c(c1)[nH]c1cc(c4cc(*)cc5cncn45)ccc12,2.0517937549334797
*c1ccc2c(c1)C(C)(C)c1cc(c4ccc5c(*)ccnc5c4)ccc1-2,2.6303684279613577
*c1cc(F)c(c2cc(C(=O)OC)c(*)o2)cc1F,3.1608907941328965
*c1ccc2c(c1)C(C)(C)c1cc(c4cc(C)cc(*)c4N)ccc1-2,1.7849336555264748
*c1ccc(c3ccc(*)c(NC(C)=O)c3)c2nsnc12,3.733078404344668
*c1cc(F)c(c2ccc(OC)c(*)c2)cc1F,1.9889186466898088
*c1ccc2c(c1)C(C)(C)c1cc(c4cc(C)c(N)c(*)c4[N+](=O)[O-])ccc1-2,3.024046130866464
*c1ccc2c(c1)S(=O)(=O)c1cc(c4ncc(*)cc4Cl)ccc1-2,3.0950054010276924
*c1ccc(c3cc(C(=O)O)nc(*)c3O)c2nsnc12,4.0997022185509
*c1cc(F)c(c2cc(F)cc(*)c2[N+]#[C-])cc1F,2.529203898230368
*c1ccc2c(c1)[nH]c1cc(c4cc(*)c(N)c(C(C)=O)c4)ccc12,2.220918233333028
*c1cc(F)c(c2cc(*)ncc2C(=O)O)cc1F,3.2974588539745744
*c1ccc2c(c1)S(=O)(=O)c1cc(c4cc(*)c(NC(C)=O)c(C(C)=O)c4)ccc1-2,2.928260128663828
*c1ccc2c(c1)S(=O)(=O)c1cc(c4cc(*)ccc4N=C=S)ccc1-2,2.902532321271525
*c1ccc(c3nccc(*)n3)c2nsnc12,3.8855065861598015
*c1ccc(c3cc(*)c(Cl)c(OC(F)(F)F)c3)c2nsnc12,3.9852894711559097
*c1ccc2c(c1)S(=O)(=O)c1cc(c4ccc(-c5ccc(-c6ccc(*)s6)s5)s4)ccc1-2,3.1275164090680194
*c1ccc(c2cc(F)cc(*)c2F)cc1,2.133253650383822
*c1ccc(-c2ccc(c3cccc(*)c3C(=O)O)s2)s1,2.782551225238592
*c1ccc2c(c1)S(=O)(=O)c1cc(c4cccc(*)c4CC#N)ccc1-2,2.638784628998142
*c1cc2cc3sc(c4cccc(-c5cccc(*)n5)n4)cc3cc2s1,2.675188172408196
*c1ccc(c3cc(*)c([N+]#[C-])c(C)c3)c2nsnc12,3.695795512391397
*c1cc(F)c(c2cc(C)cc(*)c2N)cc1F,1.664257463866257
*c1ccc2ccc(c3cc(F)c(*)cc3F)nc2c1,2.9079826119462586
*c1ccc(c3cc(C)c(N)c(*)c3[N+](=O)[O-])c2nsnc12,3.7715717760332224
*c1cc2ccc3cc(c5cnc6c(*)cc(Cl)nn56)cc4ccc(c1)c2c34,3.0056827946967686
*c1ccc2c(c1)S(=O)(=O)c1cc(c4ccc(*)c(Cl)c4F)ccc1-2,2.950782751422653
*c1ccc(c3ccc(*)cc3CN)c2nsnc12,3.5656297495656606
*c1ccc(c3c(N)c(*)cc(C)c3Cl)c2nsnc12,3.5984500824731365
*c1cnc2c(ccc3cc(c4cc(F)c(*)cc4F)cnc32)c1,2.8848421587268245
*c1ccc2c(c1)[nH]c1cc(c4cc(*)c(F)c(C)c4)ccc12,1.8704697883837904
*c1ccc2c(c1)S(=O)(=O)c1cc(c4nc(*)c[nH]c4=O)ccc1-2,3.196512710700545
*c1ccc2c(c1)[nH]c1cc(c4cc(C=CC(=O)O)cc(*)c4OCC(=O)OC)ccc12,2.750840079384631
*c1ccc2c(c1)S(=O)(=O)c1cc(c4cc(OC)cc(*)c4N)ccc1-2,2.4881343424678244
*c1ccc(c2cc(*)c(F)c(C)c2)cc1,1.8879041420432867
*c1ccc2c(c1)C(C)(C)c1cc(c4cnnc(*)c4)ccc1-2,2.803618147118943
*c1ccc(c3cc(*)c(OC)c4ncccc34)c2nsnc12,3.658364368921327
*c1ccc(-c2ccc(c3cc(N)cc(*)c3C)s2)s1,2.2948471079165347
*c1ccc(c3cc(F)c(*)cc3F)c(NC(=S)c2ccccc2)c1,2.782910379725815
*c1ccc2c(c1)C(C)(C)c1cc(c4nc([N+](=O)[O-])c(*)[nH]4)ccc1-2,3.1815015817200103
*c1ccc2c(c1)S(=O)(=O)c1cc(c4c(N)c(Cl)cc(*)c4Cl)ccc1-2,2.665504592062394
*c1ccc(c3ccc(CC(=O)O)c(*)c3)c2nsnc12,3.7671308152922354
*c1ccc2c(c1)C(C)(C)c1cc(c4ccc(Cl)c(*)c4)ccc1-2,2.2441228931570643
*c1cc2cc3sc(c4cccc(*)c4C(=O)OC)cc3cc2s1,2.693370319439161
*c1cc2cc3sc(c4cc(*)c(F)c(C)c4)cc3cc2s1,2.649403149652093
*c1cc2ccc3cc(c5ncc(*)c(N)c5N)cc4ccc(c1)c2c34,2.3354217725739
*c1ccc2c(c1)c1cc(c5cc(F)c(*)cc5F)ccc1n2CC1CO1,1.8590933378700791
*c1cc2ccc3cc(c5cc(Cl)cc(*)c5Cl)cc4ccc(c1)c2c34,2.72394602007926
*c1cc2cc3sc(c4cc(C)cc(*)c4F)cc3cc2s1,2.60342954510539
*c1cc2cc3sc(c4ccc(*)cc4)cc3cc2s1,2.8036322642321747
*c1ccc(-c2ccc(c3ccc4ncc(*)n4c3)s2)s1,2.6304313081575463
*c1cc(c3cc(F)c(*)cc3F)c2c(c1)CCCN2,1.6357681560009312
*c1cc(F)c(c2c(N)c(C)cc(*)c2Cl)cc1F,1.696925748916458
*c1ccc2c(c1)C(C)(C)c1cc(c4cc(*)c5nccn5c4)ccc1-2,2.276480532441002
*c1ccc(c3ccc(CO)c(*)c3)c2nsnc12,3.680888827166725
*c1ccc(-c2ccc(c3cnc(*)c(C(C)=O)n3)s2)s1,3.494640664123321
*c1cc2ccc3cc(c5cc(*)c6nc(-c7ccccc7O)ccc6c5)cc4ccc(c1)c2c34,2.752812389821332
*c1c2ccccc2c(-c2c3ccccc3c(c7ccc(-c8ccc(*)s8)s7)c3ccccc23)c2ccccc12,2.956386048958428
*c1ccc2c(c1)C(C)(C)c1cc(c4cnc(Cl)c(*)c4N)ccc1-2,2.056488321698828
*c1ccc(c2cc(*)c(N)cc2F)cc1,1.3845060459102028
*c1cc2cc3sc(c4cnc(OCc5ccccc5)c(*)c4)cc3cc2s1,2.571406992921328
*c1ccc2c(c1)C(C)(C)c1cc(c4nc(*)c(OC)cc4[N+](=O)[O-])ccc1-2,3.633457266568679
*c1cc2ccc3cc(c5ccc6c(c5)c5cc(*)ccc5n6CC)cc4ccc(c1)c2c34,2.374334355155688
*c1ccc2c(c1)S(=O)(=O)c1cc(c4c(O)cc(O)c(*)c4O)ccc1-2,2.603131676065967
*c1ccc2c(c1)[nH]c1cc(c4cc(*)nnc4N)ccc12,2.200565574537613
*c1cc(c3cc(F)c(*)cc3F)c2c(c1)NC(=O)C2=O,3.940812945567133
*c1cc2ccc3cc(c5ccc(*)cc5F)cc4ccc(c1)c2c34,2.547168319972141
*c1cc(c3ccc(*)cc3)c2c(c1)C(C)(C)C(=O)N2,1.8548667880465497
*c1cc2cc3sc(c4nc(*)cn5ccnc45)cc3cc2s1,2.908134340858033
*c1cc(F)c(c2ccc(N)c(*)c2C)cc1F,1.4763161816431984
*c1ccc2c(c1)C(C)(C)c1cc(c4cc(*)c(N)c(OC(F)(F)F)c4)ccc1-2,2.333478606603795
*c1ccc2c(c1)[nH]c1cc(c4cc(*)cc(C#N)c4OC)ccc12,2.103386555181288
*c1cc2cc3sc(c4ccc(*)cc4NC(=O)c4ccccc4)cc3cc2s1,2.733197507284188
*c1ccc2c(c1)[nH]c1cc(c4sc(*)c5c4OCCO5)ccc12,2.4089903157592367
*c1ccc(c3c([N+](=O)[O-])ccc(*)c3F)c2nsnc12,4.139840003215917
*c1ccc(-c2ccc(c3ccc(C(=O)c4ccc(*)cc4)cc3)s2)s1,3.2748927262465943
*c1ccc2c(c1)S(=O)(=O)c1cc(c4cc(*)cc(N)c4)ccc1-2,2.490571813464478
*c1ccc2c(c1)S(=O)(=O)c1cc(c4ccnc5ccc(*)cc45)ccc1-2,3.0057230455696686
*c1ccc(c3ccnc(*)c3C)c2nsnc12,3.694349584972832
*c1ccc2c(c1)S(=O)(=O)c1cc(c4cncc(*)c4OC)ccc1-2,2.74319380258005
*c1cc2cc3sc(c4cc(*)ccc4[N+](=O)[O-])cc3cc2s1,3.6779407881877297
*c1ccc2c(c1)[nH]c1cc(c4cc(*)c(C)c(C)c4N)ccc12,1.4015929426672091
*c1ccc2c(c1)[nH]c1cc(c4cc(*)c(O)c(C(=O)OC)n4)ccc12,2.631782677287083
*c1cc2cc3sc(c4cccc(*)c4-c4cc5cnc(N)nc5nc4N)cc3cc2s1,2.4570764858435226
*c1ccc(N(c2ccccc2)c2ccc(c4ccc(-c5ccc(*)s5)s4)cc2)cc1,2.483000701767508
*c1ccc2c(c1)[nH]c1cc(c4ccc(N)c(*)n4)ccc12,1.7131444881581352
*c1cc(F)c(c2ccc(*)cc2F)cc1F,2.528187436376167
*c1ccc(-c2ccc(c3cc(F)c(*)cc3F)s2)s1,3.1611689331142343
*c1ccc2c(c1)C(C)(C)c1cc(c4ccc(*)c(NC(=S)c5ccccc5)c4)ccc1-2,2.695703032149118
*c1cc2cc3sc(c4cc(F)cc(*)c4OCC)cc3cc2s1,2.668076845501356
*c1c2ccccc2c(-c2c3ccccc3c(c7cc8cc9sc(*)cc9cc8s7)c3ccccc23)c2ccccc12,2.9926
*c1[nH]nc2c(c3ccc(*)cc3)cncc12,2.7204750220299747
*c1ccc(c3ccc(*)c(C=O)c3F)c2nsnc12,3.894401910349931
*c1cc2cc3sc(c4c(N)c(Cl)cc(*)c4F)cc3cc2s1,2.399019714665488
*c1ccc(-c2ccc(-c3ccc(c4ccc(-c5ccc(*)s5)s4)cc3)cc2)cc1,2.764699981776197
*c1ccc2c(c1)C(C)(C)c1cc(c4cc(*)ccc4N=C=S)ccc1-2,2.491095970397176
*c1cc2cc3sc(c4cnc(OC)c5c(*)[nH]nc45)cc3cc2s1,2.976617978123709
*c1cc(F)c(c2nc(C(=O)OC)cc(*)c2N)cc1F,2.4913853654809985
*c1ccc(c2cc(C(=O)OCC)cc(*)c2N)cc1,1.8576973167595252
*c1ccc(c3cncc(*)c3N)c2nsnc12,3.5543136818697763
*c1ccc(c2nccc(*)c2N)cc1,1.7404549226638515
*c1cc2cc3sc(c4cc(F)c(*)cc4F)cc3cc2s1,3.1000134335294365
*c1cc2cc3sc(c4cc(C=CC(=O)O)cc(*)c4OC(C)C)cc3cc2s1,2.909045502816337
*c1ccc2c(c1)S(=O)(=O)c1cc(c4cc(*)c5ncnn5c4)ccc1-2,2.9277315568355258
*c1ccc(c2cnc(*)cc2[N+](=O)[O-])cc1,3.698738422688032
*c1ccc2c(c1)[nH]c1cc(c4ccc(*)nc4)ccc12,2.248635417095407
*c1cc2[nH]cnc2c(c3ccc(*)cc3)c1N,1.395716011847553
*c1cc(F)c(c2cc(*)c(N)c(C)c2Cl)cc1F,1.8514193982278169
*c1nc(c3ccc(*)cc3)c2ccccc2n1,3.0914830930239905
*c1ccc(c2cc(N)cc(*)n2)cc1,1.7757298165974054
*c1cc2ccc3cc(c5ccc(*)c6ccccc56)cc4ccc(c1)c2c34,2.5113582895290314
*c1cc(c5ccc(*)c6nsnc56)c2ccc3cc(C(C)(C)C)cc4ccc1c2c43,3.642743946547863
*c1cc2ccc3cc(c5cc(N)cc(*)c5F)cc4ccc(c1)c2c34,2.4234348729406694
*c1cc(F)c(c2cc(*)c(N)c(Cl)c2Cl)cc1F,2.186540936241463
*c1cc2cc3sc(c4cc(*)ncc4Cl)cc3cc2s1,3.103685573617524
*c1ccc(c2cc(*)c(C)cc2C)cc1,1.3739810435467512
*c1ccc2c(c1)C(C)(C)c1cc(c4cnc5c(*)cnn5c4)ccc1-2,2.403358415526339
*c1ccc(c2cccc(*)c2C(F)(F)F)cc1,2.1844039136108675
*c1ccc2c(c1)[nH]c1cc(c4cc(*)cc([N+](=O)[O-])c4C)ccc12,3.309032441625256
*c1ccc2c(c1)[nH]c1cc(c4cnc(Cl)c(*)c4C)ccc12,1.91910816478016
*c1ccc(c3c(C)ncc(*)c3C)c2nsnc12,3.688093158397218
*c1ccc2c(c1)[nH]c1cc(c4nc(C(=O)OC)cc(*)c4N)ccc12,2.179844203101557
*c1ccc2c(c1)C1(CCOCC1)c1cc(c5cc6cc7sc(*)cc7cc6s5)ccc1-2,2.790185603812512
*c1ccc2c(c1)C(C)(C)c1cc(c4c(F)ncc(*)c4C)ccc1-2,2.135536792998483
*c1ccc2c(c1)c1cc(c5ccc(*)cc5)ccc1n2CC1CO1,1.552157106720489
*c1ccc(c2cc(*)c(N)c(F)c2)cc1,1.4761472477192812
*c1ccc2c(c1)[nH]c1cc(c4nnc(*)cc4C)ccc12,2.3738664637931466
*c1ccc2c(c1)C(C)(C)c1cc(c4cc(*)cc(CNC5CCC(O)CC5)c4N)ccc1-2,1.9353085026821049
*c1ccc(-c2ccc(c3cc(*)ccc3[N+](=O)[O-])s2)s1,3.7036870147432337
*c1ccc2c(c1)S(=O)(=O)c1cc(c4cc(*)c5c(c4)C(=O)C(=O)N5)ccc1-2,3.786647115491776
*c1ccc2c(c1)S(=O)(=O)c1cc(c4cc(N)cc(*)c4C)ccc1-2,2.409190497449475
*c1cc2ccc3cc(c5nc(C(=O)O)c(*)s5)cc4ccc(c1)c2c34,3.110651015898121
*c1ccc2c(c1)S(=O)(=O)c1cc(c4cc(*)c(N)c([N+]([O-])=NC)c4)ccc1-2,2.7942814935616216
*c1ccc(-c2ccc(c3cc(O)c(*)cc3C#N)s2)s1,3.095611879378776
*c1ccc2c(c1)S(=O)(=O)c1cc(c4cc(*)cc(C=O)c4F)ccc1-2,3.1158736914945067
*c1ccc2c(c1)[nH]c1cc(c4nc(*)sc4CO)ccc12,2.489272886343441
*c1ccc2c(c1)C(C)(C)c1cc(c4cccc(*)c4CC#N)ccc1-2,2.038109707715129
*c1cc2cc3sc(c4[nH]nc5c(*)cncc45)cc3cc2s1,3.123783909944287
*c1ccc2c(c1)S(=O)(=O)c1cc(c4c(O)cc(O)c(*)c4C(=O)O)ccc1-2,2.797903665067885
*c1cc2cc3sc(c4nc(*)cnc4C(=O)OC)cc3cc2s1,3.386771270206381
*c1ccc(c3cc(*)c(OCC)c(C=CC(=O)O)c3)c2nsnc12,3.795367232925268
*c1ccc(-c2ccc(c3cnc(N)c(*)c3C)s2)s1,2.323339217392079
*c1cc(F)c(c2cc(C(C)(C)C)c(*)cc2C(C)(C)C)cc1F,2.071379458099312
*c1ccc2c(c1)C(C)(C)c1cc(c4ccc5c(c4)C(=O)c4cc(*)ccc4-5)ccc1-2,3.427674021334099
*c1cc2ccc3cc(c5ccc(*)n5C(=O)OC(C)(C)C)cc4ccc(c1)c2c34,2.550017131094827
*c1cc2ccc3cc(c5nccc(*)n5)cc4ccc(c1)c2c34,2.699854835864754
*c1ccc(c3cc(C)cc(*)c3[N+]#[C-])c2nsnc12,3.6282809668937697
*c1ccc(c3cc([N+](=O)[O-])cc(*)c3F)c2nsnc12,4.046863690824068
*c1ccc2c(c1)C(C)(C)c1cc(c4nc(C#N)c(*)n4C)ccc1-2,2.431458209007009
*c1ccc2c(c1)[nH]c1cc(c4nccc5[nH]cc(*)c45)ccc12,1.7555856009869957
*c1ccc(c2ccc(*)c(Cl)c2F)cc1,2.239494343385388
*c1cc2ccc3cc(c5cc(O)cc(*)c5C)cc4ccc(c1)c2c34,2.516851608318552
*c1ccc2c(c1)C(C)(C)c1cc(c4csc(*)n4)ccc1-2,2.6687956963255086
*c1cc2ccc3cc(c5cc(*)c(F)c(C#N)c5N)cc4ccc(c1)c2c34,2.525002655585108
*c1cc2ccc3cc(c5ccc6c(*)ccnc6c5)cc4ccc(c1)c2c34,2.6432497670843365
*c1ccc2c(c1)C(C)(C)c1cc(c4cc(F)cc(*)c4N)ccc1-2,1.9486330796442228
*c1cc(F)c(c2c(C)c(C)c(*)c(C)c2C)cc1F,1.8084276717118184
*c1ccc2c(c1)C(C)(C)c1cc(c4cc(*)cnc4N)ccc1-2,1.9659943741448231
*c1ccc(c3c(F)c(F)c(*)c(F)c3F)c2nsnc12,4.013903082198105
*c1ccc(c2cc(C)c(*)nc2C)cc1,1.79202810085485
*c1ccc2c(c1)S(=O)(=O)c1cc(c4ncc(*)cc4C#N)ccc1-2,3.2702574109426203
*c1cc2ccc3cc(c5cc(*)cc(OC(F)(F)F)c5N=C=S)cc4ccc(c1)c2c34,2.841464291113684
*c1ccc2c(c1)S(=O)(=O)c1cc(c4c(F)c(*)c(F)c(F)c4F)ccc1-2,3.0318172830028
*c1cc2cc3sc(c4cc(C(=O)O)cc(*)c4OC)cc3cc2s1,2.824789892770553
*c1ccc2c(c1)S(=O)(=O)c1cc(c4ccc(C(=O)OC)c(*)c4)ccc1-2,2.965213451136785
*c1ccc2c(c1)[nH]c1cc(c4ccc5c(c4)C(=C(C#N)C#N)c4cc(*)ccc4-5)ccc12,3.9254
*c1ccc2c(c1)[nH]c1cc(c4cc(CC(=O)O)cc(*)c4O)ccc12,1.918660882977841
*c1cc(F)c(c2ncc(*)cc2[N+](=O)[O-])cc1F,3.7853900038755697
*c1ccc(c2cc(*)cc(F)c2)cc1,1.9820521052090028
*c1ccc2c(c1)S(=O)(=O)c1cc(c4cc(*)cc(F)c4Cl)ccc1-2,2.9138725189380867
*c1ccc2c(c1)C(C)(C)c1cc(c4cc(*)c(Cl)c(OC(F)(F)F)c4)ccc1-2,2.6474840797416954
*c1cc2ccc3cc(c5nc(C#N)c(*)n5C)cc4ccc(c1)c2c34,2.6010645027132946
*c1ccc2c(c1)[nH]c1cc(c4cc(*)cc(N5CCCC5)c4)ccc12,1.5207706513758512
*c1ccc(c3cc(F)cc(*)c3OCC)c2nsnc12,3.799696909935721
*c1cc2cc3sc(c4cc(*)cc(CNC5CCC(O)CC5)c4N)cc3cc2s1,2.0477272841817333
*c1cc(F)c(c2nc(*)c(OCC)cc2N)cc1F,1.8707394473472816
*c1ccc(c3ccc(*)o3)c2nsnc12,3.8429331704377994
*c1ccc(c3ccc(C(=O)O)c(*)n3)c2nsnc12,3.965680266850212
*c1ccc(-c2ccc(c3ncc(*)c4[nH]cc(C(=O)O)c34)s2)s1,3.034552403917074
*c1ccc(-c2ccc(c3cc(C=O)cc(*)n3)s2)s1,3.3765675279762486
*c1cc2cc3sc(c4cc(C)nc(*)c4N)cc3cc2s1,2.4946707412043123
*c1cc2cc3sc(c4ccc5sc(*)nc5c4)cc3cc2s1,3.0733179360452083
*c1ccc2c(c1)C(C)(C)c1cc(c4cc(*)cc(F)c4C)ccc1-2,2.150498338429604
*c1ccc2c(c1)[nH]c1cc(c4cc(*)c(OCCCC)c(C=CC(=O)O)c4)ccc12,2.684007553285156
*c1cc2cc3sc(c4ccc(*)c(Cl)c4F)cc3cc2s1,3.028238127910498
*c1cc2ccc3cc(c5[nH]nc6ccc(*)cc56)cc4ccc(c1)c2c34,2.5078178592140565
*c1ccc2c(c1)[nH]c1cc(c4cc(*)cc(N)n4)ccc12,1.9671930847387429
*c1ccc(c2cccc(*)c2COC(C)=O)cc1,1.7519562921089835
*c1cc2cc3sc(c4cc(C(=O)O)cc(*)c4N)cc3cc2s1,2.419793341918871
*c1ccc2c(c1)[nH]c1cc(c4cnc5c(ccc6cc(*)cnc65)c4)ccc12,2.52329671812414
*c1cc2ccc3cc(c5cc(*)cnc5CC)cc4ccc(c1)c2c34,2.5675365067351823
*c1ccc2c(c1)S(=O)(=O)c1cc(c4cc(S(=O)(=O)C(F)(F)F)cc(*)c4C)ccc1-2,2.753752524644503
*c1ccc2c(c1)C(=O)c1cc(c4ccc(*)c5nsnc45)ccc1-2,3.899951785585142
*c1cc(F)c(c2cc([N+](=O)[O-])cc(*)c2F)cc1F,3.7105592307799458
*c1ccc2ccc3c(c5ccc6c(c5)S(=O)(=O)c5cc(*)ccc5-6)ccc4ccc1c2c43,3.027899285789942
*c1ccc2c(c1)C(C)(C)c1cc(c4cc(O)c(*)cc4O)ccc1-2,2.1613259818961907
*c1cc2cc3sc(c4cnc([N+](=O)[O-])c(*)c4)cc3cc2s1,3.777032201248693
*c1ccc(c2cccc(*)c2CN)cc1,1.2672879047077263
*c1ccc(c2ccc(*)c(F)c2F)cc1,2.2928057963708603
*c1ccc(c2nnc(*)cc2C)cc1,2.5709928387140613
*c1ccc2c(c1)[nH]c1cc(c4cc(*)c(Cl)nc4C)ccc12,2.008931130714501
*c1cc2ccc3cc(c5nc(C(=O)OC)cc(*)c5N)cc4ccc(c1)c2c34,2.547194143650066
*c1cc2ccc3cc(c5ccc(*)cc5C(F)(F)F)cc4ccc(c1)c2c34,2.6043140874259114
*c1cc2cc3sc(c4cc(*)cc(N)n4)cc3cc2s1,2.6719739919664973
*c1ccc(c2cc(*)ncn2)cc1,2.9925186461465287
*c1cc2ccc3cc(c5ccc(C(C)=O)c(*)c5)cc4ccc(c1)c2c34,2.6703609542850417
*c1ccc2c(c1)[nH]c1cc(c4ccc(*)cc4CN)ccc12,1.6802497066652895
*c1ccc(-c2ccc(c3cc(*)cc4ncccc34)s2)s1,2.962105163793181
*c1cc2cc3sc(c4cc(C(=O)OC)[nH]c4*)cc3cc2s1,2.646423164727332
*c1ccc2c(c1)C(C)(C)c1cc(c4ccc(*)cc4S)ccc1-2,2.156971995313957
*c1ccc(-c2ccc(c3cc(*)cc(C)n3)s2)s1,2.9414323755360616
*c1nc(c3cc(F)c(*)cc3F)cn2cc(C)nc12,2.76746518428576
*c1ccc(c3cc(*)cc(F)c3Cl)c2nsnc12,3.8866492084324102
*c1ccc2c(c1)C(C)(C)c1cc(c4cc(C(=O)OC)c(*)[nH]4)ccc1-2,2.3254414109501083
*c1cc2ccc3cc(c5cc(*)c(C=O)c(F)c5)cc4ccc(c1)c2c34,3.047601026537933
*c1ccc(c3ccc(C(=O)c4ccc(*)cc4)cc3)c2nsnc12,3.846819060315037
*c1cc2cc3sc(c4cncc(*)c4C#N)cc3cc2s1,3.266513570999262
*c1cc2ccc3cc(c5c(F)ccc(*)c5F)cc4ccc(c1)c2c34,2.5860560269779547
*c1ccc2c(c1)S(=O)(=O)c1cc(c4cc(C(=O)O)cc(*)c4OC)ccc1-2,2.898921901558767
*c1cc2c(c(c3ccc(*)cc3)c1N)OC(F)(F)O2,2.0735794753687555
*c1ccc(c2cc(*)c(N)c(C)c2[N+](=O)[O-])cc1,3.02595020308907
*c1ccc2c(c1)C(C)(C)c1cc(c4cc(*)c(N)cc4F)ccc1-2,1.873259959646644
*c1cc2cc3sc(c4cccc(*)c4CO)cc3cc2s1,2.377144983999336
*c1ccc2c(c1)S(=O)(=O)c1cc(c4ccc(*)cc4CC#N)ccc1-2,2.765016652392866
*c1ccc(c3sc(*)c4c3C(=O)OC4=O)c2nsnc12,4.729913239594648
*c1cc2cc3sc(c4ccc(*)cc4[N+](=O)[O-])cc3cc2s1,3.525925632934965
*c1ccc(-c2ccc(c3ccc(*)n3C(=O)OC(C)(C)C)s2)s1,2.7171620058200303
*c1ccc2c(c1)C(C)(C)c1cc(c4[nH]nc5c(*)cncc45)ccc1-2,2.756290318629534
*c1ccc2c(c1)C(C)(C)c1cc(c4cc(*)c(N)c(C)c4[N+](=O)[O-])ccc1-2,3.0233776943218698
*c1cc2cc3sc(c4cc(*)ccc4OCCOC)cc3cc2s1,2.4316755428028665
*c1cc2cc3sc(c4cc(C(=O)O)nc(*)c4O)cc3cc2s1,3.1814447914103248
*c1cc2cc3sc(c4nccc5nc(*)sc45)cc3cc2s1,3.3837887380005984
*c1ccc2c(c1)S(=O)(=O)c1cc(c4cc(C(F)(F)F)c(*)cn4)ccc1-2,3.120368156966473
*c1ccc(c3cc(*)ncc3N)c2nsnc12,3.5098233131152297
*c1ccc2c(c1)S(=O)(=O)c1cc(c4cc(*)cc(CC(F)(F)F)c4)ccc1-2,2.7319879325180336
*c1ccc2c(c1)S(=O)(=O)c1cc(c4cc(OC)cc(*)c4Cl)ccc1-2,2.7450504152965447
*c1ccc2c(c1)S(=O)(=O)c1cc(c4cc(OC(F)F)cc(*)c4Cl)ccc1-2,2.866679860192224
*c1cc(F)c(c2cc(C(C)(C)C)cc(*)c2Cl)cc1F,2.1332287510496566
*c1cc2cc3sc(c4cc(CCCC)cc(*)c4N)cc3cc2s1,2.1421137527147573
*c1ccc2c(c1)S(=O)(=O)c1cc(c4cnc(OC)c(*)c4OC)ccc1-2,2.696960411991449
*c1cc2[nH]cc(c3cc(F)c(*)cc3F)c2cn1,2.0557580126550627
*c1ccc2c(c1)S(=O)(=O)c1cc(c4cn(C)cc(*)c4=O)ccc1-2,2.6680095201319443
*c1ccc2c(c1)C(C)(C)c1cc(c4ccnc5ccc(*)cc45)ccc1-2,2.639700538724085
*c1ccc(c3cc(*)cc(CC(=O)OC)c3)c2nsnc12,3.7127555531476295
*c1cc(F)c(c2ccc(C=O)c(*)n2)cc1F,3.4802773012331905
*c1cc2ccc3cc(c5ccc(C(F)(F)F)c(*)c5)cc4ccc(c1)c2c34,2.6063742796471465
*c1ccc(c3cc(O)cc(*)c3C)c2nsnc12,3.627252917447181
*c1cc(c3ccc(*)cc3)c2nc(Cl)sc2c1,2.6532179418393453
*c1ccc2c(c1)C(C)(C)c1cc(c4cc(*)c(Cl)cc4F)ccc1-2,2.36249862822775
*c1ccc(c3cnc(*)cc3[N+](=O)[O-])c2nsnc12,4.253267394252829
*c1ccc(-c2ccc(c3nnc(*)s3)s2)s1,3.564547248398866
*c1ccc2c(c1)S(=O)(=O)c1cc(c4cc(=O)cc(*)[nH]4)ccc1-2,2.9566275194039013
*c1ccc2c(c1)[nH]c1cc(c4ncc(*)[nH]4)ccc12,1.9710573687741184
*c1ccc2c(c1)[nH]c1cc(c4cc(*)c5c(c4)C(=O)C(=O)N5)ccc12,3.5972814127452386
*c1cc2ccc3cc(c5ccc6c(c5)c5cc(*)ccc5n6CC(O)CNc5ccccc5)cc4ccc(c1)c2c34,2.34439999999988
*c1cc(c4ccc(-c5ccc(*)s5)s4)cc2c(C(=O)O)cc(-c3ccccc3)nc12,3.5293430868339843
*c1ccc(c3cc(Cl)c(*)cc3C)c2nsnc12,3.7667519603236697
*c1ccc(c3c(C)c([N+](=O)[O-])cc(*)c3OC)c2nsnc12,3.983776997506001
*c1ccc2c(c1)[nH]c1cc(c4ccc5nc(*)nn5c4)ccc12,2.255373098950628
*c1ccc(-c2ccc(c3nccc4[nH]cc(*)c34)s2)s1,2.4551535209030915
*c1ccc(c3cc(C=CC(=O)O)cc(*)c3OCC(=O)OC)c2nsnc12,3.995835825674307
*c1ccc2c(c1)[nH]c1cc(c4cc(C#N)cc(*)c4O)ccc12,2.0093322949776384
*c1ccc2c(c1)[nH]c1cc(c4cc(*)nn5ccnc45)ccc12,2.7339756077891924
*c1ccc(c3ncc(*)n3C)c2nsnc12,3.6615533894573193
*c1cc2cc3sc(c4cc(*)nc5cnccc45)cc3cc2s1,3.291754379958986
*c1ccc(c3cc(*)c(F)cc3F)c2nsnc12,3.774367059458815
*c1cc(F)c(c2ccc(C)c(*)n2)cc1F,2.342445949479667
*c1ccc2c(c1)[nH]c1cc(c4cc(F)cc(*)c4CO)ccc12,1.7161694556577218
*c1cc2cc3sc(c4cc(*)cc(N)c4C(=O)O)cc3cc2s1,2.790171250506158
*c1cc(F)c(c2cc(*)nnc2N)cc1F,2.594491719107697
*c1ccc(c3cc(*)cc4c3NC(=O)CC4)c2nsnc12,3.6447618502387646
*c1ccc2c(c1)[nH]c1cc(c4ccc5c(c4)Cc4cc(*)ccc4-5)ccc12,2.0987073743596865
*c1ccc2c(c1)C(C)(C)c1cc(c4ccc(*)c(C)n4)ccc1-2,2.326934830388193
*c1ccc(c3ccc4sc(*)nc4c3)c2nsnc12,3.898863768683416
*c1ccc2c(c1)[nH]c1cc(c4c(C)c(Cl)cc(*)c4N)ccc12,1.571914158004925
*c1cc2ccc3cc(c5ccc(*)nc5C(=O)O)cc4ccc(c1)c2c34,2.7244700327676385
*c1ccc(-c2ccc(c3c(C)sc(*)c3C)s2)s1,2.558340768772664
*c1cc2ccc3cc(c5cc(*)c6c(c5)C(=O)C(=O)N6)cc4ccc(c1)c2c34,3.686376717491183
*c1ccc2c(c1)[nH]c1cc(c4cc(*)c(C)cc4C)ccc12,1.5125620220313647
*c1ccc2c(c1)S(=O)(=O)c1cc(c4c(F)nc(*)n4C)ccc1-2,2.865445407951685
*c1ccc(c2cnc(OC)c(*)c2OC)cc1,1.8605660863388576
*c1ccc2c(c1)S(=O)(=O)c1cc(c4cccc5c4sc4c(*)cccc45)ccc1-2,2.712525625603008
*c1ccc(c2ncc(*)cc2C#N)cc1,2.862807780379474
*c1nc(c3cc(F)c(*)cc3F)cn2ccnc12,2.82236799996577
*c1ccc(c2cc(*)cc(CC#N)c2)cc1,1.8615518406203213
*c1cc(F)c(c2cnc(*)cc2F)cc1F,2.9801366606439648
*c1cc2ccc3cc(c5cc(C=CC(=O)O)cc(*)c5OC(C)C)cc4ccc(c1)c2c34,2.830351735142208
*c1cc2cc3sc(c4nnc(*)cc4C)cc3cc2s1,3.156887730478799
*c1ccc2c(c1)[nH]c1cc(c4cc(OC)cc(*)c4N)ccc12,1.5073763660966126
*c1ccc2c(c1)S(=O)(=O)c1cc(c4ccc(*)c(C(=O)O)c4)ccc1-2,2.945897881560104
*c1ccc2c(c1)S(=O)(=O)c1cc(c4c(*)cncc4C(=O)O)ccc1-2,3.081515183862176
*c1ccc2c(c1)[nH]c1cc(c4nc(C(=O)O)c(*)s4)ccc12,2.9835948059453843
*c1ccc2c(c1)C(C)(C)c1cc(c4ccc(*)cc4NC(=O)c4ccccc4)ccc1-2,2.2800521848121145
*c1ccc(c2cc(*)c(C)nc2N)cc1,1.4866787355261102
*c1ccc(-c2ccc(c3ccc(*)c(NC(C)=S)c3)s2)s1,2.961673122059054
*c1cc2ccc3cc(c5nc([N+](=O)[O-])c(*)[nH]5)cc4ccc(c1)c2c34,3.130780758599874
*c1ccc2c(c1)S(=O)(=O)c1cc(c4cccc5nc(*)nn45)ccc1-2,3.051215733727357
*c1ccc(c2cc(C(=O)OC)c(*)o2)cc1,2.8107459607729943
*c1cc(F)c(c2cc(N)cc(*)c2C)cc1F,1.5545095659374573
*c1ccc2c(c1)C(C)(C)c1cc(c4ccc5nc(*)nn5c4)ccc1-2,2.524220717147995
*c1ccc(c3ccc(C)cc3*)c2nsnc12,3.5593413735503256
*c1ccc2c(c1)[nH]c1cc(c4ccc(*)c5nc(Cl)sc45)ccc12,2.474344064572525
*c1ccc(c2cc(*)c(O)c([N+](=O)[O-])c2C)cc1,3.5143149505284224
*c1cc2cc3sc(c4ccc(*)c(C#N)c4)cc3cc2s1,3.0888597977019336
*c1cc2cc3sc(c4cc(CCCCCC)c(*)s4)cc3cc2s1,2.897712535718272
*c1ccc2c(c1)[nH]c1cc(c4ccc(-c5ccc(-c6ccc(*)s6)s5)s4)ccc12,2.845599999999972
*c1ccc2c(c1)S(=O)(=O)c1cc(c4ccc(*)c(C(=O)OC)n4)ccc1-2,3.186167670818344
*c1ccc2c(c1)[nH]c1cc(c4sc(*)cc4C(=O)O)ccc12,2.7493984059306644
*c1ccc2c(c1)[nH]c1cc(c4cc(*)c(OCC)c(C=CC(=O)O)c4)ccc12,2.722416892662035
*c1ccc(-c2ccc(c3ccc(*)c[n+]3[O-])s2)s1,3.2163214237225084
*c1ccc2c(c1)C(C)(C)c1cc(c4ccccc4-c4ccccc4*)ccc1-2,2.063769573246548
*c1ccc(-c2ccc(c3c(N)c(*)cc(F)c3Cl)s2)s1,2.6145895988144217
*c1ccc(c2cncc(*)c2C(=O)O)cc1,2.574344236660438
*c1nccc2nc(c3ccc(*)cc3)sc12,3.194341292969951
*c1ccc2c3ccc(c5ccc(*)cc5)cc3c3ccccc3c2c1,2.2884700458062297
*c1cc2ccc3cc(c5c(F)cc(*)c6nsnc56)cc4ccc(c1)c2c34,3.809564399918414
*c1ccc2c(c1)[nH]c1cc(c4ccc(*)c(C)c4[N+](=O)[O-])ccc12,3.0602315057174696
*c1cc2ccc3cc(c5cc([N+](=O)[O-])c(*)cc5NC(C)=O)cc4ccc(c1)c2c34,3.3446303001099613
*c1ccc(c2ccc(*)cc2)cc1,1.9327819243620803
*c1ccc(c2ccc(*)nc2N)cc1,2.058834907607173
*c1cc(F)c(c2c(CC)cc(*)cc2CC)cc1F,1.9687133100244296
*c1cc2ccc3cc(c5c(F)cc(F)c(*)c5F)cc4ccc(c1)c2c34,2.6438379609544307
*c1cc2ccc3cc(c5ccc6c(c5)C(=C(C#N)C#N)c5cc(*)ccc5-6)cc4ccc(c1)c2c34,3.983400038806266
*c1cc(F)c(c2cc(OC)cc(*)c2N)cc1F,1.7706956034807126
*c1ccc(-c2ccc(c3ccc(*)c(F)c3F)s2)s1,3.1488391858144364
*c1cc2ccc3cc(c5ccccc5-c5ccccc5*)cc4ccc(c1)c2c34,2.502704120516451
*c1ccc(c2cc(C(=O)O)nc(*)c2O)cc1,2.716301041175009
*c1ccc2c(c1)S(=O)(=O)c1cc(c4cncc(*)c4)ccc1-2,2.785457236027084
*c1ccc(-c2ccc(c3ccc(-c4ccc(*)cn4)nc3)s2)s1,3.0979874847793045
*c1ccc2c(c1)[nH]c1cc(c4ccnc5c(*)cccc45)ccc12,2.4577283975787267
*c1ccc2ccc3c(c5ccc(*)c6nsnc56)ccc4ccc1c2c43,3.648975590190589
*c1ccc(c2cnnc(*)c2)cc1,2.7831815122008017
*c1ccc(c3c(N)c(*)c(Cl)c(F)c3Cl)c2nsnc12,3.815375399564888
*c1cc2cc3sc(c4cnc(OC)c(*)c4OC)cc3cc2s1,2.5604660424945296
*c1ccc(-c2ccc(c3cc(*)c(N)c(F)c3)s2)s1,2.4391644034218074
*c1ccc(c3cc(*)cc([N+](=O)[O-])c3)c2nsnc12,3.970337878944736
*c1ccc2c(c1)S(=O)(=O)c1cc(c4nc(*)cnc4Cl)ccc1-2,3.262663047018966
*c1ccc2c(c1)[nH]c1cc(c4cnc(*)c5ncnn45)ccc12,2.941303141349884
*c1cc2ccc3cc(c5cc(C)cc(*)c5NCC(=O)NN)cc4ccc(c1)c2c34,2.382400064889265
*c1cc(c3ccc(*)cc3)c2cc[nH]c2c1,1.5318430425292973
*c1ccc(c2sc(*)cc2C(C)=O)cc1,2.98317758849147
*c1cc2ccc3cc(c5cccc(*)c5Cl)cc4ccc(c1)c2c34,2.6114516572045625
*c1ccc(c2ncc(*)[nH]2)cc1,2.076597921022149
*c1ccc2c(c1)C(C)(C)c1cc(c4cc(S(N)(=O)=O)cc(*)c4N)ccc1-2,1.9008010127667097
*c1ccc(c3ccc(OC(C)(C)C)c(*)c3)c2nsnc12,3.593507929256213
*c1ccc(c3cnc(F)c(*)c3)c2nsnc12,3.822802200421117
*c1ccc2c(c1)C(C)(C)c1cc(c4ccc(*)c5ccccc45)ccc1-2,2.273034307054151
*c1cc2ccc3cc(c5cc(*)cc(C(=O)O)c5)cc4ccc(c1)c2c34,2.641862184237464
*c1ccc(-c2ccc(c3c(N)c(C)cc(*)c3F)s2)s1,2.355514432692628
*c1ccc(c2c(O)cc(O)c(*)c2C(=O)O)cc1,2.052301245897666
*c1c2ccccc2c(c4ccc(*)cc4)c2nsnc12,3.905002845506796
*c1ccc(c2cc(C=O)cc(*)c2OC)cc1,2.722912889857779
*c1cc2ccc3cc(c5cc(CC(N)C(=O)OC)cc(*)c5O)cc4ccc(c1)c2c34,2.599421425989614
*c1ccc2c(c1)S(=O)(=O)c1cc(c4ccc(*)c5cccnc45)ccc1-2,2.9650130005086397
*c1ccc2c(c1)C(C)(C)c1cc(c4cc(C)nc(*)c4O)ccc1-2,2.368930556830054
*c1cc(c3ccc(*)cc3)c2c(c1)OCCC2=O,2.8100040557829464
*c1ncc(c3cc(F)c(*)cc3F)c2[nH]ccc12,2.3977703093920653
*c1ccc2c(c1)[nH]c1cc(c4cncc(*)c4C#N)ccc12,2.7518042711524693
*c1cc2cc3sc(c4cc(*)ncc4C(=O)O)cc3cc2s1,3.328201375354034
*c1cc2ccc3cc(c5ccc(*)c6cccnc56)cc4ccc(c1)c2c34,2.602210581561637
*c1ccc2c(c1)S(=O)(=O)c1cc(c4cc(F)c(*)cc4C#N)ccc1-2,3.122238335548658
*c1cc2ccc3cc(c5cc(*)ncc5N)cc4ccc(c1)c2c34,2.3981407382773576
*c1ccc(c3cc(*)ccc3OCC(=O)NN)c2nsnc12,3.6313606996303305
*c1ccc2c(c1)S(=O)(=O)c1cc(c4cc(CC)cc(*)c4N)ccc1-2,2.443501067677017
*c1ccc2c(c1)[nH]c1cc(c4ccc(C(=O)OC)c(*)c4)ccc12,2.3275061882283072
*c1ccc2c(c1)[nH]c1cc(c4cc(CCCC)c(*)s4)ccc12,2.216755569214508
*c1ccc(c2cncc(*)c2N)cc1,1.448696986754047
*c1ccc2c(c1)S(=O)(=O)c1cc(c4cc(*)cc(N)c4C(=O)O)ccc1-2,2.787644352701666
*c1ccc(c2nc(C)c(*)n2C)cc1,1.792833509127978
*c1ccc(c3ccnc4ccc(*)cc34)c2nsnc12,3.762320005239948
*c1cc(F)c(c2cc(F)cc(*)c2F)cc1F,2.490209575400033
*c1ccc(-c2ccc(c3c(N)c(Cl)cc(*)c3Cl)s2)s1,2.570177095140903
*c1ccc2c(c1)C(C)(C)c1cc(c4cc(C(=O)O)cc(*)c4OC)ccc1-2,2.4535014813289333
*c1cc2cc3sc(c4cc(*)c(Cl)[nH]c4=O)cc3cc2s1,2.945887832327572
*c1cc2cc3sc(c4c(F)c(F)c(*)c5nsnc45)cc3cc2s1,4.147086416143626
*c1ccc(c3cccc4nc(*)nn34)c2nsnc12,3.755281527517309
*c1ccc(-c2ccc(c3c(F)cc(F)c(*)c3F)s2)s1,2.95051185939274
*c1cc2ccc3cc(c5cc(C=O)c(*)cn5)cc4ccc(c1)c2c34,3.239031964686084
*c1ccc(c3ccc(C)c(*)c3C)c2nsnc12,3.5969915187216266
*c1ccc(c3nc(F)cc(*)c3O)c2nsnc12,3.997484508656644
*c1ccc2c(c1)S(=O)(=O)c1cc(c4cc(*)cc(C(F)(F)F)c4Cl)ccc1-2,2.995795292977311
*c1ccc2c(c1)[nH]c1cc(c4c(N)c(*)cc(C)c4Cl)ccc12,1.5974265130876897
*c1ccc(-c2ccc(c3nc(*)[nH]c3C(F)(F)F)s2)s1,2.738412886055613
*c1ccc2c(c1)S(=O)(=O)c1cc(c4ncc(*)c(C)c4[N+](=O)[O-])ccc1-2,3.4729122380915403
*c1ccc2c(c1)S(=O)(=O)c1cc(c4cc(*)cc(OCC)c4)ccc1-2,2.6568668207153463
*c1ccc(c2ccc(*)cc2S)cc1,1.802125830594819
*c1cc2ccc3cc(c5cc(C)c(*)c(C)c5)cc4ccc(c1)c2c34,2.4946314781075043
*c1cc(F)c(c2cc(C)cc(*)n2)cc1F,2.518343591450037
*c1ccc(-c2ccc(c3cc(*)cnc3C)s2)s1,2.753141484864317
*c1ccc(c3cc(*)cc(CC#N)c3)c2nsnc12,3.657503310309143
*c1ccc(c3ccc(*)cc3)cc1NC(=O)c1ccccc1,2.100480453799454
*c1nc(c3ccc(*)cc3)cn2ncnc12,2.878670234100557
*c1ccc(-c2ccc(c3cc(*)cc(CO)c3)s2)s1,2.7012028106875143
*c1cc(F)c(c2cc(*)c(OC)c(C(=O)O)c2OC)cc1F,2.343992341831629
*c1cc2cc3sc(c4cc(OC)c(*)cc4OC)cc3cc2s1,2.766778744477138
*c1ccc(-c2ccc(c3cc(C(=O)O)cc(*)c3O)s2)s1,2.864990479487872
*c1cc2cc3sc(c4cc(C(F)(F)F)nc(*)c4N)cc3cc2s1,2.7769024437024576
*c1cc2ccc3cc(c5ccnc(*)c5C)cc4ccc(c1)c2c34,2.5477830747405426
*c1ccc(c3cc(*)c(OC)cc3OC)c2nsnc12,3.575451714988101
*c1ccc(-c2ccc(c3cc(*)c4nc(Cl)sc4c3)s2)s1,3.0963922328224296
*c1ccc2c(c1)C(C)(C)c1cc(c4cnc(OC)c(*)c4OC)ccc1-2,2.121529899748943
*c1ccc(-c2ccc(c3cc(*)c(C)cc3C)s2)s1,2.4838587860567296
*c1ccc(-c2ccc(c3ccc4c(*)nc(N)cc4c3)s2)s1,2.8960791260008385
*c1ccc(-c2ccc(c3ccc(*)c4nsnc34)s2)s1,3.8228927820055327
*c1ccc2c(c1)C(C)(C)c1cc(c4cc(*)ccc4C(=O)OCC)ccc1-2,2.510953003371629
*c1ccc2c(c1)C(C)(C)c1cc(c4ncc(*)n5ccnc45)ccc1-2,2.8587137606616526
*c1cc2cc3sc(c4ccc(C)c(*)n4)cc3cc2s1,2.655368938632848
*c1ccc2c(c1)C(C)(C)c1cc(c4cnc5[nH]cc(*)c5c4)ccc1-2,2.0380145332357245
*c1ccc2c(c1)C(C)(C)c1cc(c4cc(Cl)c(F)c(*)c4N)ccc1-2,2.0711112618051883
*c1ccc2c(c1)C(C)(C)c1cc(c4[nH]nc5cnc(*)cc45)ccc1-2,2.62783793916205
*c1cc(F)c(c2cc(*)cc(NC(=O)C(C)(C)C)c2)cc1F,2.1540188939924554
*c1cc2ccc3cc(c5ccc(C(=O)O)c(*)n5)cc4ccc(c1)c2c34,2.852208510684364
*c1ccc2c(c1)S(=O)(=O)c1cc(c4cc(*)c(N)cc4OC)ccc1-2,2.4056828160325336
*c1cc2ccc3cc(c5cc(C)cc(*)c5[N+](=O)[O-])cc4ccc(c1)c2c34,3.213185202977093
*c1ccc2c(c1)[nH]c1cc(c4ncc(*)nc4C(=O)O)ccc12,2.958959981363377
*c1cc2ccc3cc(c5c(C)c(C)c(*)c(C)c5C)cc4ccc(c1)c2c34,2.519148349626393
*c1ccc2c(c1)C(C)(C)c1cc(c4nccc5nc(*)sc45)ccc1-2,3.1299515162860923
*c1cc2cc3sc(c4c(F)cc(*)c5nsnc45)cc3cc2s1,4.008753882606664
*c1ccc(c2sc(*)nc2C(=O)OC)cc1,3.3032266182508256
*c1ccc2c(c1)[nH]c1cc(c4ccc(*)nn4)ccc12,2.5519826891126094
*c1cc(F)c(c2cc(C=O)cc(*)n2)cc1F,3.468267191085682
*c1csc2c(c3cc(F)c(*)cc3F)csc12,2.398469432527293
*c1cc(F)c(c2cc(*)ccc2OCC(=O)Cl)cc1F,2.4920522439678807
*c1ccc2c(c1)C(C)(C)c1cc(c4cnc(*)c(C(=O)OC)c4)ccc1-2,2.7607027701215703
*c1cc(F)c(c2cn(C)c(*)n2)cc1F,1.928903415708315
*c1nc(c3cc(F)c(*)cc3F)c2ccccc2n1,3.2842495117952755
*c1cc2ccc3cc(c5ccc(C(=O)OC)c(*)c5)cc4ccc(c1)c2c34,2.666510022507284
*c1ccc(c2c(C)nc(C)c(*)c2C)cc1,1.4619097178868752
*c1ccc2c(c1)C(C)(C)c1cc(c4nccc(*)n4)ccc1-2,2.8077707519617565
*c1cc2ccc3cc(c5ccc(*)cc5C(C)C)cc4ccc(c1)c2c34,2.496227952222192
*c1ccc(c2c(N)c(Cl)cc(*)c2Cl)cc1,1.6556906216034144
*c1cc(F)c(c2ccc(*)c(C)c2)cc1F,2.048794777474539
*c1cc2cc3sc(c4cnc(N)c(*)c4C)cc3cc2s1,2.1479100890088505
*c1cc2ccc3cc(c5nc(*)cn6cc(C(=O)OCC)nc56)cc4ccc(c1)c2c34,2.949939952454255
*c1ccc2c(c1)[nH]c1cc(c4cnc(OC)c(*)c4OC)ccc12,1.8285749237500548
*c1ccc(c3cc(*)c(O)c([N+](=O)[O-])c3C)c2nsnc12,3.946472181158589
*c1cc(c3ccc(*)cc3)cc(N2CCCC2)c1,1.4107016510002262
*c1ccc(c3cnc(*)c(N)c3)c2nsnc12,3.610648704030172
*c1ccc(c3cc(C(F)(F)F)nc(*)c3N)c2nsnc12,3.7414066758338502
*c1ccc(c2c(C)c(C)cc(*)c2N)cc1,1.3147750065430723
*c1ccc(-c2ccc(c3cc(*)c(O)c(C(=O)OC)n3)s2)s1,3.200829823082734
*c1ccc2c(c1)S(=O)(=O)c1cc(c4cccc(*)c4C(F)(F)F)ccc1-2,2.682560053812704
*c1ccc(c2cc(C(=O)Cl)c(*)cc2C(=O)Cl)cc1,3.886717795086339
*c1ccc(c2cc(CCCC)c(*)s2)cc1,2.38932342950009
*c1cc2cc3sc(c4ccc(-c5ccc(*)s5)s4)cc3cc2s1,3.0996135515930185
*c1cc2ccc3cc(c5nc(*)[nH]c5C(F)(F)F)cc4ccc(c1)c2c34,2.522002068448532
*c1ccc(c3nc(*)n(C)c3C)c2nsnc12,3.4864977698100628
*c1ccc(c3cccc(*)c3F)c2nsnc12,3.663342571937506
*c1ccc2c(c1)S(=O)(=O)c1cc(c4cscc4*)ccc1-2,2.6454947904309862
*c1ccc(c2cc(*)c(Cl)c(OC(F)(F)F)c2)cc1,2.6065633145724245
*c1ccc(-c2ccc(c3cnc(*)cc3[N+](=O)[O-])s2)s1,3.833221812772339
*c1ccc(c3cc(F)cc(*)c3Cl)c2nsnc12,3.8778681172944536
*c1ccc(-c2ccc(c3ncc(*)cc3C#N)s2)s1,3.3889731972070773
*c1ccc2c(c1)[nH]c1cc(c4cc(C(F)(F)F)nc(*)c4N)ccc12,2.094663049342522
*c1ccc2c(c1)S(=O)(=O)c1cc(c4ccc5c(c4)c(*)cn5C(=O)OC(C)(C)C)ccc1-2,2.6432369177270587
*c1ccc(c2cc(F)c(F)cc2*)cc1,2.2149226851324166
*c1ccc(c3nc(C(=O)O)c(*)s3)c2nsnc12,4.2814323255315845
*c1ccc2c(c1)C(C)(C)c1cc(c4ccc(*)n4C(=O)OC(C)(C)C)ccc1-2,2.265619118254654
*c1ccc(-c2ccc(c3nccc(*)c3N)s2)s1,2.628031080082346
*c1ccc2c(c1)C(C)(C)c1cc(c4cc5c(cc4*)C(=O)OC5=O)ccc1-2,3.82865692849068
*c1ccc(c2cc(I)c(*)cc2I)cc1,1.0226220198698064
*c1cc2ccc3cc(c5cc(*)cc(OC(F)F)c5N)cc4ccc(c1)c2c34,2.485364393741464
*c1ccc2c(c1)S(=O)(=O)c1cc(c4c(OC)cc(*)c5ncccc45)ccc1-2,2.9261055646944865
*c1cc(F)c(c2nccc(*)n2)cc1F,3.09528977494096
*c1cc(F)c(c2c(C)c([N+](=O)[O-])cc(*)c2OC)cc1F,3.4632464922798665
*c1cc(c4ccc(-c5ccc(*)s5)s4)c2nc(-c3ccc(C)cc3)ccc2c1,3.022111897978923
*c1ccc2c(c1)[nH]c1cc(c4cc(*)cc(N)c4C(=O)O)ccc12,2.1903786856809493
*c1ccc(c3cc(*)c4c(c3)NC(=O)C4=O)c2nsnc12,4.137740470887203
*c1ccc2c(c1)C(C)(C)c1cc(c4cc(*)c(C)s4)ccc1-2,2.2594720427878965
*c1cc(F)c(c2sc(*)cc2C(=O)O)cc1F,3.332220410825336
*c1cc2ccc3cc(c5cc(*)ccc5-c5ccccc5)cc4ccc(c1)c2c34,2.4930916897358486
*c1ccc(-c2ccc(c3cc(*)cn(C)c3=O)s2)s1,2.6948610834553346
*c1ccc2c(c1)S(=O)(=O)c1cc(c4cc5sc6cc(*)sc6c5s4)ccc1-2,3.2214149317641727
*c1ccc2c(c1)S(=O)(=O)c1cc(c4cc(*)c(F)cc4F)ccc1-2,2.816148421814828
*c1ccc(c2cc(*)cc([N+](=O)[O-])c2[N+]([O-])=NC(C)(C)C)cc1,3.719301130371664
*c1ccc2c(c1)C(C)(C)c1cc(c4cc(*)c(O)c(F)c4F)ccc1-2,2.2678269019502637
*c1ccc2c(c1)[nH]c1cc(c4cccc(*)c4C#N)ccc12,2.3101487389369844
*c1cc2cc3sc(c4cc(CO)c(*)cn4)cc3cc2s1,2.9312030720975537
*c1ccc2c(c1)[nH]c1cc(c4cccc5nc(*)nn45)ccc12,2.3796161177666573
*c1ccc2c(c1)S(=O)(=O)c1cc(c4nc(*)c(C)s4)ccc1-2,3.0255258916225687
*c1ccc2c(c1)[nH]c1cc(c4cc(CN)cc(*)c4OC)ccc12,1.6981353610754908
*c1cc2ccc3cc(c5cc(*)c(N)c(Cl)c5Cl)cc4ccc(c1)c2c34,2.593787791853369
*c1ccc(-c2ccc(c3sc(*)cc3CCCCCCCC)s2)s1,2.963371046602348
*c1cc2cc3sc(c4cc([N+](=O)[O-])cc(*)n4)cc3cc2s1,3.869635347322785
*c1cc2cc3sc(c4ccc(OC(C)(C)C)c(*)c4)cc3cc2s1,2.4221975758726355
*c1cc2cc3sc(c4cc(*)cc(C)c4)cc3cc2s1,2.5171865466313426
*c1ccc2c(c1)C(C)(C)c1cc(c4cc(*)c(N)c(OC)c4)ccc1-2,1.8428098989799908
*c1cc(F)c(c2cc(*)cc(O)c2)cc1F,2.1259218502173622
*c1ccc2c(c1)[nH]c1cc(c4cc(*)c(N)c([N+]([O-])=NC)c4)ccc12,2.584079726897283
*c1ccc(c2nc(*)nn2COC)cc1,2.353971620866331
*c1ccc2c(c1)C(C)(C)c1cc(c4ccc(*)cc4[N+](=O)[O-])ccc1-2,3.3412016106868303
*c1ccc2c(c1)C(C)(C)c1cc(c4cc(OC)cc(*)c4N)ccc1-2,1.864331022675422
*c1cc(F)c(c2cc(*)c(Cl)[nH]c2=O)cc1F,2.760266925581857
*c1cc2cc3sc(c4cc(C=CC(=O)O)cc(*)c4OCC)cc3cc2s1,2.8250273114426308
*c1cc(c3cc(F)c(*)cc3F)cc(-c2ccccc2)c1,2.130765806808217
*c1ncc(c3cc(F)c(*)cc3F)c2ccccc12,2.836510768387475
*c1cc(c3cc(F)c(*)cc3F)c2c(c1)C(=O)C(=O)N2,3.847588676080158
*c1ccc2c(c1)[nH]c1cc(c4nc(*)n(C)c4C)ccc12,1.5838188573478271
*c1cc2ccc3cc(c5cc(*)ccc5OCC5CCCCO5)cc4ccc(c1)c2c34,2.5251456978248026
*c1ccc2c(c1)C(C)(C)c1cc(c4cc(C(=O)OC)c(*)o4)ccc1-2,2.803779586780302
*c1ccc2c3ccc(c5ccc(*)cc5)cc3n(-c3ccccc3)c2c1,1.9651346651505164
*c1cc2cc3sc(c4ccsc4*)cc3cc2s1,2.7163248292566875
*c1ccc2c(c1)C(C)(C)c1cc(c4ccc(*)c(C)c4[N+](=O)[O-])ccc1-2,3.1528869431206985
*c1ccc(c3cc(*)cc4c3OCC4)c2nsnc12,3.5760322405721894
*c1ccc2c(c1)C(C)(C)c1cc(c4cccc(*)c4CC)ccc1-2,1.8288532603286995
*c1ccc2c(c1)[nH]c1cc(c4nc(C#N)c(*)n4C)ccc12,2.0872198057578046
*c1ccc2c(c1)C(C)(C)c1cc(c4ccc(*)c5cc[nH]c45)ccc1-2,2.054709044049916
*c1cc2cc3sc(c4ccc5cccc(*)c5n4)cc3cc2s1,3.1116821622401387
*c1ccc(c2c(F)cc(F)c(*)c2F)cc1,2.2035046236152858
*c1ccc2ccc(c3ccc(*)cc3)nc2c1,2.656971999913372
*c1cc2cc3sc(c4cc(*)cc5c4NC(=O)CC5)cc3cc2s1,2.5277207675845976
*c1ccc(c2cc(OC)c(OC)cc2*)cc1,1.7749144936413916
*c1ccc(-c2ccc(c3cc(Cl)c(*)cc3Cl)s2)s1,3.2004171583224887
*c1cc2cc3sc(c4cnc(*)cc4N)cc3cc2s1,2.600060352530612
*c1ccc(-c2ccc(c3cc(*)cc(C)c3Cl)s2)s1,2.815636040155195
*c1cc2cc3sc(c4cc(*)c5c(c4)C(=O)C(=O)N5CC)cc3cc2s1,3.7921415046777622
*c1ccc2c(c1)[nH]c1cc(c4cc(Cl)c(*)cc4Cl)ccc12,2.129409752615969
*c1ccc(c2c(F)cc(N)c(*)c2F)cc1,1.536042435091548
*c1ccc2c(c1)c1cc(c5cc(F)c(*)cc5F)ccc1n2CC(O)CNc1ccccc1,1.821447096632224
*c1ccc(c3nnc(*)s3)c2nsnc12,4.302126357941913
*c1ccc2c(c1)S(=O)(=O)c1cc(c4cnc(N)c(*)c4OC)ccc1-2,2.5496883034768536
*c1ccc2c(c1)C(C)(C)c1cc(c4cc(*)c(OCCCC)c(C=CC(=O)O)c4)ccc1-2,2.76958726763859
*c1cc2cc3sc(c4cc(*)c(N)c(F)c4)cc3cc2s1,2.3053381644297657
*c1ccc2c(c1)[nH]c1cc(c4cc(C(=O)O)c(*)cn4)ccc12,2.7305082692517164
*c1ccc2c(c1)C(C)(C)c1cc(c4cc(C(C)=O)cc(*)c4N)ccc1-2,2.151386831832269
*c1ccc(-c2ccc(c3ccc(*)s3)s2)s1,3.07279748407467
*c1cc(F)c(c2ccc(*)c(F)c2F)cc1F,2.686229521096122
*c1ccc2c(c1)C(C)(C)c1cc(c4cc(F)c(*)c(F)c4)ccc1-2,2.4875729648397886
*c1cc(F)c(c2sc(*)cc2C(C)=O)cc1F,3.2061656262193567
*c1ccc2c(c1)S(=O)(=O)c1cc(c4ccc(*)nc4N)ccc1-2,2.792035776679344
*c1ccc2c(c1)c1cc(c5ccc(-c6ccc(*)s6)s5)ccc1n2CC(O)CNc1ccccc1,2.321766939023284
*c1ccc2c(c1)[nH]c1cc(c4cc(C)c(*)cn4)ccc12,2.066155608972788
*c1cc(F)c(c2cc(OC(F)F)cc(*)c2N)cc1F,2.067647117021856
*c1ccc(-c2ccc(c3ccc4occ(*)c4c3)s2)s1,2.627251280067948
*c1ccc2c(c1)[nH]c1cc(c4ccnc(*)c4C)ccc12,1.8607990620566763
*c1ccc2c(c1)C(C)(C)c1cc(c4c(C(=O)OC)cc(*)cc4C(=O)OC)ccc1-2,2.7039559210463047
*c1cc2ccc3cc(c5ccc(F)c(*)n5)cc4ccc(c1)c2c34,2.526310780684079
*c1ccc2c(c1)S(=O)(=O)c1cc(c4nnc(*)s4)ccc1-2,3.629163488120584
*c1cc2ccc3cc(c5cnc(*)c(C(=O)OC)c5)cc4ccc(c1)c2c34,2.7317624386555144
*c1ccc(-c2ccc(c3cc(*)c(Cl)c(C(C)C)c3)s2)s1,2.820194290629477
*c1ccc(c3ccc(*)c4cccnc34)c2nsnc12,3.6813681627933743
*c1ccc(c3ccnc(*)c3C=O)c2nsnc12,3.9891670532770016
*c1ccc2c(c1)C(C)(C)c1cc(c4cc(*)ncc4C(=O)O)ccc1-2,2.991829556842955
*c1ccc(c3ccc(C(=O)O)c(*)c3)c2nsnc12,3.851428665070399
*c1ccc2c(c1)C(C)(C)c1cc(c4cnc(*)c(O)c4)ccc1-2,2.4604183423173303
*c1ccc(c2cc(*)c(N)c(C#N)c2)cc1,1.7991206403539806
*c1ccc2c(c1)C(C)(C)c1cc(c4cccc(*)c4)ccc1-2,2.0791868107675984
*c1ccc2c(c1)[nH]c1cc(c4cc(*)cc(CC#N)c4)ccc12,1.8683582806822727
*c1ccc(c3nc(*)c(C(=O)O)cc3Cl)c2nsnc12,4.075949615963282
*c1ccc2c(c1)[nH]c1cc(c4cc(F)cc(*)c4Cl)ccc12,2.0132688422051066
*c1ccc(c3cncc(*)c3OC)c2nsnc12,3.7473735314370913
*c1cc(c3cc(F)c(*)cc3F)c2c(c1)CC(=O)N2,2.168650227967768
*c1cc2cc3sc(c4c(F)c(*)c(F)c(F)c4F)cc3cc2s1,3.0102361312708465
*c1ccc(c2ccc(Cl)c(*)c2)cc1,1.98942050996142
*c1c(OC)cc(c3ccc(*)cc3)c2ncccc12,2.4894926964509483
*c1ccc2c(c1)[nH]c1cc(c4ccc(*)c(OC(F)F)c4)ccc12,2.150829872664633
*c1cc2cc3sc(c4nc(F)cc(*)c4O)cc3cc2s1,3.0707244273106737
*c1ccc2c(c1)C(C)(C)c1cc(c4cc(*)c5c(c4)C(=O)C(=O)N5CC)ccc1-2,3.6872194517262415
*c1cc2cc3sc(c4nc(*)cn5cc(C)nc45)cc3cc2s1,2.864421568263773
*c1cc2cc3sc(c4cc(C)cc(*)c4NCC(=O)NN)cc3cc2s1,2.101125439218249
*c1ccc2c(c1)C(C)(C)c1cc(c4nc(*)c(C(=O)O)cc4Cl)ccc1-2,3.0242363005085933
*c1ccc2c(c1)C(C)(C)c1cc(c4cc(F)c(*)cc4F)ccc1-2,2.501413236546772
*c1cc2ccc3cc(c5nc(*)c(C)nc5N)cc4ccc(c1)c2c34,2.4158178334148035
*c1ccc(-c2ccc(c3cc(OC)cc(*)c3Cl)s2)s1,2.7601202014417785
*c1ccc2c(c1)C(C)(C)c1cc(c4cc(C)c([N+](=O)[O-])c(*)c4N)ccc1-2,3.085107333338303
*c1ccc(c2cc(C=O)c(*)cn2)cc1,3.2944588329632034
*c1cc2ccc3cc(c5cc(S(C)(=O)=O)cc(*)c5N)cc4ccc(c1)c2c34,2.454618869189152
*c1cc2ccc3cc(c5sc(*)cc5C=O)cc4ccc(c1)c2c34,3.0419473140387554
*c1ccc2c(c1)S(=O)(=O)c1cc(c4c5ccccc5c(*)c5ccccc45)ccc1-2,2.84148243349319
*c1ccc(c2cc(F)cc(*)c2Cl)cc1,2.0112625679392995
*c1ccc2c(c1)C(C)(C)c1cc(c4cc([N+](=O)[O-])c(*)cc4NC(C)=O)ccc1-2,3.328799341991856
*c1ccc(c2cc(C=O)cc(*)c2OC(C)=O)cc1,2.9820171559244724
*c1ccc2c(c1)C(C)(C)c1cc(c4c(F)c(F)c(-c5c(F)c(F)c(*)c(F)c5F)c(F)c4F)ccc1-2,3.0508000825426778
*c1ccc(c3cc(CCCC)cc(*)c3N)c2nsnc12,3.4423596978874302
*c1cc2ccc3cc(c5cc(*)c(Cl)cc5F)cc4ccc(c1)c2c34,2.658561259274117
*c1ccc2c(c1)[nH]c1cc(c4cccc(*)c4-c4cc5cnc(N)nc5nc4N)ccc12,2.2605326659041483
*c1ccc2c(c1)[nH]c1cc(c4cc(O)cc(*)c4N)ccc12,1.501294252258549
*c1ccc2c(c1)[nH]c1cc(c4cc(*)cnc4CC)ccc12,1.859795262989471
*c1ccc2c(c1)C(C)(C)c1cc(c4ncc(*)c(C)c4[N+](=O)[O-])ccc1-2,3.3078090158096645
*c1ccc(-c2ccc(c3ccc(*)cc3CN)s2)s1,2.703047257090075
*c1cc2cc3sc(c4cc(*)c5ncnc(Cl)c5c4)cc3cc2s1,3.4521618799249785
*c1ccc2c(c1)[nH]c1cc(c4cc(*)cc(CO)c4)ccc12,1.791576906164985
*c1cc(F)c(c2ccc(*)c(NN)c2)cc1F,1.9324731887442117
*c1cc(F)c(c2ccc(*)c(CC(=O)O)c2)cc1F,2.3262473677251654
*c1cc2ccc3cc(c5cc(*)cc6ncccc56)cc4ccc(c1)c2c34,2.6110434027284537
*c1ccc(-c2ccc(c3cc(*)cc(Oc4ccccc4)c3)s2)s1,2.755296255378622
*c1ccc2c(c1)C(C)(C)c1cc(c4ccnc(-c5cc(*)ccn5)c4)ccc1-2,2.6080901337736164
*c1ccc(c3cc(*)cc([N+](=O)[O-])c3C)c2nsnc12,3.925629179863813
*c1cc2ccc3cc(c5cc(*)cc(C(F)(F)F)c5)cc4ccc(c1)c2c34,2.6170397117144755
*c1ccc(c2cc(*)cc(OC(C)C)c2)cc1,1.722676090598487
*c1ccc2c(c1)C(C)(C)c1cc(c4cc(*)c(N)c(C)c4Cl)ccc1-2,1.915333525294182
*c1cnc(c3cc(F)c(*)cc3F)c2nsnc12,4.249043276369372
*c1cc(F)c(c2cscc2*)cc1F,2.06579820455123
*c1ccc(-c2ccc(c3cnc4n[nH]c(*)c4c3)s2)s1,3.088878980144889
*c1ccc2c3ccc(c5ccc(*)c6nsnc56)cc3n(-c3ccccc3)c2c1,3.524208034748366
*c1ccc(c2cc(*)c(Cl)c(C#N)c2N)cc1,2.168372724163433
*c1ccc(-c2ccc(c3cc(C)cc(*)c3[N+](=O)[O-])s2)s1,3.3371522950846804
*c1ccc2c(c1)S(=O)(=O)c1cc(c4ccc(-c5ccc(*)cn5)nc4)ccc1-2,3.038804428110184
*c1ccc2c(c1)S(=O)(=O)c1cc(c4cc(*)c(=O)[nH]c4C)ccc1-2,2.708130700940816
*c1ccc2c(c1)C(C)(C)c1cc(c4ccc(*)nc4)ccc1-2,2.5483012442314754
*c1cc2ccc3cc(c5ncc(*)nc5C(=O)O)cc4ccc(c1)c2c34,3.107022811500437
*c1ccc2c(c1)S(=O)(=O)c1cc(c4ncc(*)nc4C(=O)OCC)ccc1-2,3.522962164397549
*c1ccc2c(c1)S(=O)(=O)c1cc(c4ccc(*)cc4C(F)(F)F)ccc1-2,2.819558426362766
*c1ccc(c2c(C)c(Cl)cc(*)c2N)cc1,1.385355809499326
*c1cc2cc3sc(c4nnc(*)s4)cc3cc2s1,3.50264595168453
*c1ccc2c(c1)C(C)(C)c1cc(c4cc(*)cnc4CC)ccc1-2,2.1485148909725837
*c1cc2cc3sc(c4cc(*)c(Cl)c(C#N)c4N)cc3cc2s1,2.5959943626809
*c1ccc(c2cc(*)sc2C(=O)O)cc1,3.148179041802905
*c1ccc2c(c1)S(=O)(=O)c1cc(c4cc(C(C)(C)C)cc(*)c4N)ccc1-2,2.453535216928874
*c1ccc(-c2ccc(c3cc(F)c(*)c(F)c3)s2)s1,3.157099474840124
*c1ccc(-c2ccc(c3cc(*)c(N=S(C)(C)=O)c([N+](=O)[O-])c3)s2)s1,3.201993528553528
*c1ccc2c(c1)[nH]c1cc(c4[nH]nc5c(*)cncc45)ccc12,2.524411879247768
*c1ccc(-c2ccc(c3cc(*)cc(C(=O)O)c3)s2)s1,2.915631870707047
*c1ccc2c(c1)C(C)(C)c1cc(c4ccc5c(c4)sc4cc(*)ccc45)ccc1-2,2.3760345865709063
*c1ccc2c(c1)C(C)(C)c1cc(c4cc(C)cc(*)c4C)ccc1-2,1.8692077887726464
*c1cc(F)c(c2nc(*)c[nH]c2=O)cc1F,3.030464257256446
*c1cc(c3cc(F)c(*)cc3F)cc2cn[nH]c12,2.2502157567663152
*c1ccc2c(c1)S(=O)(=O)c1cc(c4cccc(*)c4CC)ccc1-2,2.5086370688417943
*c1ccc2c(c1)-c1cc(c4ccc(*)cc4)ccc1S2(=O)=O,2.604536221329963
*c1ccc(-c2ccc(c3ccc(*)cc3C(F)(F)F)s2)s1,3.013404511866282
*c1ccc2c(c1)S(=O)(=O)c1cc(c4ccc(*)c5nc(Cl)sc45)ccc1-2,3.0340542457327864
*c1cc2cc3sc(c4ncc(*)nc4C(=O)OCC)cc3cc2s1,3.497060714388712
*c1ccc(c3cc(*)cc(OC(F)(F)F)c3)c2nsnc12,3.844370924071103
*c1cc2cc3sc(c4cnc5[nH]cc(*)c5c4)cc3cc2s1,2.4400387913505006
*c1ccc2c(c1)C(C)(C)c1cc(c4c(C)c([N+](=O)[O-])cc(*)c4OC)ccc1-2,3.32099388343173
*c1cc2cc3sc(c4ncc(*)cc4F)cc3cc2s1,3.169885619270889
*c1cc2cc3sc(c4cc(*)c(C(=O)O)cc4O)cc3cc2s1,2.9356056538791737
*c1cc(F)c(c2cc(*)cc(C(F)(F)F)c2N)cc1F,2.0343010586781327
*c1ccc(c2cc(*)cc(C#N)c2O)cc1,2.187512973017104
*c1ccc2c(c1)[nH]c1cc(c4ccc(C(=O)O)c(*)c4)ccc12,2.3938748818422253
*c1ccc2c(c1)C(C)(C)c1cc(c4nn(C)c(*)c4C(=O)OCC)ccc1-2,2.340756090336768
*c1ccc(-c2ccc(c3cc(C)c(*)cc3N)s2)s1,2.474750749479924
*c1ccc2c(c1)S(=O)(=O)c1cc(c4cc(*)ccc4S)ccc1-2,2.6405496770783463
*c1cc2cc3sc(c4cc(*)c(N)c(C(=O)O)c4F)cc3cc2s1,2.542834494229327
*c1cc2cc3sc(c4ccnc5c4ccc4c(*)ccnc45)cc3cc2s1,2.994645759089182
*c1cc2ccc3cc(c5cccc(*)c5COC(C)=O)cc4ccc(c1)c2c34,2.644057766305872
*c1ccc2c(c1)[nH]c1cc(c4cc(*)c(Cl)c(CC)c4)ccc12,1.9365640552852192
*c1ccc2c3ccc(c5cc(F)c(*)cc5F)cc3n(-c3ccccc3)c2c1,2.213825544532138
*c1ccc(-c2ccc(c3cc(C(=O)O)nc(*)c3O)s2)s1,3.242251365254956
*c1ccc(-c2ccc(c3cccc(*)c3CC#N)s2)s1,2.56507472341646
*c1cc2cc3sc(c4cc5[nH]cnc5c(*)c4N)cc3cc2s1,2.1688589255409423
*c1cc(F)c(c2cc(*)cnc2C)cc1F,2.240969083964154
*c1ccc2c(c1)C(C)(C)c1cc(c4cc(*)c(OC)c(F)c4F)ccc1-2,2.26728449258849
*c1ccc2c(c1)S(=O)(=O)c1cc(c4cc(CN)cc(*)c4OC)ccc1-2,2.622929998879593
*c1ccc(-c2ccc(c3ccc(F)c(*)n3)s2)s1,2.94132165216869
*c1ccc2c(c1)[nH]c1cc(c4nc5ncccc5cc4*)ccc12,2.792601617088048
*c1cc2ccc3cc(c5ccc(*)c(C)c5)cc4ccc(c1)c2c34,2.48458318443534
*c1cc2cc3sc(c4cc(F)cc(*)c4C=O)cc3cc2s1,3.095723152250548
*c1ccc(c2nc(*)sc2CO)cc1,2.6882891403944846
*c1cc2cc3sc(c4cc(OC)c(OC)cc4*)cc3cc2s1,2.4079142546258305
*c1cc2cc3sc(c4cc(OC)c(N)c(*)c4Cl)cc3cc2s1,2.262151409362707
*c1ccc(c3nc(*)n(C4CCCCO4)n3)c2nsnc12,3.7951018733483854
*c1cc2ccc3cc(c5cc6cc7sc(*)cc7cc6s5)cc4ccc(c1)c2c34,2.685784265810691
*c1ccc2c(c1)C(C)(C)c1cc(c4cc(*)c(N)cc4OC)ccc1-2,1.7870065295303887
*c1cc2cc3sc(c4cc(*)ncc4N)cc3cc2s1,2.440106568829965
*c1ccc2c(c1)[nH]c1cc(c4cccc(*)c4CC)ccc12,1.4724587572989587
*c1cc(F)c(c2cc(CO)c(*)cn2)cc1F,2.6325986904286744
*c1ccc2c(c1)[nH]c1cc(c4cnc(CO)c(*)c4)ccc12,1.9340063154021097
*c1ccc2c(c1)C1(CCOCC1)c1cc(c5ccc6c(c5)S(=O)(=O)c5cc(*)ccc5-6)ccc1-2,2.8663971799749275
*c1ccc2c(c1)S(=O)(=O)c1cc(c4cc(*)nc(C(=O)OC)c4)ccc1-2,3.1931224275502954
*c1cc2ccc3cc(c5c([N+](=O)[O-])c(*)nn5C)cc4ccc(c1)c2c34,3.1391433918056943
*c1cc2cc3sc(c4ccc(*)c(C)c4C)cc3cc2s1,2.3718805495968267
*c1ccc2c(c1)C(C)(C)c1cc(c4c5c(c(*)c6nsnc46)N=S=N5)ccc1-2,4.508500198240436
*c1cc(F)c(c2cc(*)c(N)c(C)c2[N+](=O)[O-])cc1F,3.2041269641862087
*c1ccc2c(c1)[nH]c1cc(c4cc(*)cc(F)c4Cl)ccc12,2.1319052396846265
*c1cc(F)c(c2cc(*)c(C)cc2OC)cc1F,1.869842851423597
*c1cc2cc3sc(c4cc(OC)cc(*)n4)cc3cc2s1,2.6995550395964405
*c1ccc2c(c1)[nH]c1cc(c4ccc(*)[nH]4)ccc12,1.7453006882845776
*c1ccc2c(c1)[nH]c1cc(c4cc(*)cc(-c5ccccc5)c4)ccc12,1.8001590561171703
*c1cc2ccc3cc(c5ccc(*)c(F)c5F)cc4ccc(c1)c2c34,2.612291855004867
*c1cc2cc3sc(c4cc(*)c(C)cc4OC)cc3cc2s1,2.348647603078436
*c1cc(F)c(c2ccc(*)c(NC(C)=S)c2)cc1F,2.565233526510733
*c1ncc(c3ccc(*)cc3)n2ccnc12,2.8626264482512984
*c1ccc2c(c1)[nH]c1cc(c4cc(*)nc5cnccc45)ccc12,2.804059342881076
*c1ccc(c3cccc(*)c3C(=O)OC)c2nsnc12,3.8603526768685854
*c1ccc(-c2ccc(c3cc(*)c(N)c(OC(F)(F)F)c3)s2)s1,2.600766460459866
*c1ccc(c3ncc(*)cc3F)c2nsnc12,3.860867261906207
*c1ccc2c(c1)S(=O)(=O)c1cc(c4ccc(N)c(*)c4)ccc1-2,2.4167133523266893
*c1cc2cc3sc(c4cc(*)c(O)c(F)c4F)cc3cc2s1,2.713911396746986
*c1ccc2c(c1)[nH]c1cc(c4cc(F)cc(*)n4)ccc12,2.2802977898282464
*c1cc2ccc3cc(c5cc(*)c(O)c(CBr)c5)cc4ccc(c1)c2c34,2.5624611908425226
*c1ccc(c3sc(*)nc3C)c2nsnc12,3.974262283471989
*c1cc2ccc3cc(c5ccnc(*)c5)cc4ccc(c1)c2c34,2.532680067093416
*c1cc2cc3sc(c4cc(*)c(O)c(CBr)c4)cc3cc2s1,2.4983254773570085
*c1ccc2c(c1)S(=O)(=O)c1cc(c4cc(CCCC)cc(*)c4N)ccc1-2,2.4261358954126617
*c1ccc2c(c1)C(C)(C)c1cc(c4ccc(*)c(C(=O)O)c4)ccc1-2,2.5160232551188915
*c1ccc2c(c1)[nH]c1cc(c4cnc(N)c(*)c4C)ccc12,1.487977308229423
*c1ccc2c(c1)[nH]c1cc(c4cc(F)c(N)c(*)c4F)ccc12,1.682047131226407
*c1ccc2c(c1)C(C)(C)c1cc(c4cc(F)c(C)c(*)c4N)ccc1-2,1.8938539756672093
*c1cc2cc3sc(c4ccc(*)c(Cl)c4C)cc3cc2s1,2.671014674567504
*c1cc2cc3sc(c4cc(C)cc(*)c4O)cc3cc2s1,2.481203547954959
*c1ccc(-c2ccc(c3cc(*)c(O)c(F)c3F)s2)s1,2.829640738244861
*c1ccc2c(c1)S(=O)(=O)c1cc(c4sc(*)cc4CCCCCCCC)ccc1-2,3.024017056150885
*c1ccc2c(c1)S(=O)(=O)c1cc(c4cc(*)c(N)c(CN(C)C5CCCCC5)c4)ccc1-2,2.3690347925655035
*c1ccc(c2cc(*)c(Cl)c(Cl)c2)cc1,2.2950112663015707
*c1ccc2nc(c3cc(F)c(*)cc3F)nn2c1,2.7468034755816864
*c1cc2cc3sc(c4nc(*)sc4CO)cc3cc2s1,2.9362425084848085
*c1cc2cc3sc(c4cc(*)cnc4C)cc3cc2s1,2.647007012299234
*c1cc2ccc3cc(c5cc(NCC(=O)NN)cc(*)c5C)cc4ccc(c1)c2c34,2.4331625813101314
*c1cc2ccc3cc(c5ccc(*)c(CCl)c5)cc4ccc(c1)c2c34,2.585616821320576
*c1ccc2c(c1)S(=O)(=O)c1cc(c4cc5c(cc4*)C(=O)OC5=O)ccc1-2,3.980194414877319
*c1ccc(-c2ccc(c3cc(C(F)(F)F)cc(*)c3O)s2)s1,2.8773082115321813
*c1cc2ccc3cc(c5sc(*)c(C(=O)O)c5C(=O)O)cc4ccc(c1)c2c34,3.123229646790852
*c1cc(F)c(c2ccccc2*)cc1F,2.103139143598614
*c1ccc2c(c1)C(C)(C)c1cc(c4ccc(*)c(C(=O)OCC)c4)ccc1-2,2.453362501895877
*c1ccc(-c2ccc(c3ccc(*)c4cccnc34)s2)s1,3.1029593434781098
*c1ccc2c(c1)[nH]c1cc(c4ccc(N(c5ccccc5)c5ccc(*)cc5)cc4)ccc12,1.7378032908787175
*c1ccc(-c2ccc(c3cc(*)ccc3OCC3CCCCO3)s2)s1,2.575068780245722
*c1cc(c5ccc(-c6ccc(*)s6)s5)c2ccc3cc(C(C)(C)C)cc4ccc1c2c43,3.1221897353772623
*c1cc2ccc3cc(c5cc(OC)cc(*)c5C)cc4ccc(c1)c2c34,2.532943433240545
*c1cc2cc3sc(c4nc(C#N)c(*)n4C)cc3cc2s1,2.830882262586617
*c1cc(F)c(c2cc(*)cnc2N)cc1F,1.9190708487363295
*c1ccc2c(c1)S(=O)(=O)c1cc(c4cccc(*)c4C(=O)OC)ccc1-2,2.8474273421668848
*c1ccc(c3nc(*)c(N)cc3C)c2nsnc12,3.430427973220405
*c1ccc2c(c1)S(=O)(=O)c1cc(c4cc(*)cc5cncn45)ccc1-2,2.802991213050091
*c1cc2cc3sc(c4ncc(*)nc4C=O)cc3cc2s1,3.62314281709459
*c1ccc2c(c1)C(C)(C)c1cc(c4[nH]c(*)nc4C(=O)OC)ccc1-2,2.533661196178272
*c1ccc2c(c1)C(C)(C)c1cc(c4cc(N)c([N+](=O)[O-])c(*)n4)ccc1-2,3.347836357964257
*c1ccc(c3cc(I)c(*)cc3I)c2nsnc12,3.4797584584017263
*c1ccc2c(c1)C(C)(C)c1cc(c4cc(C)cc(*)c4[N+]#[C-])ccc1-2,2.230500085064886
*c1cccc2c1sc1c(c4ccc(*)c5nsnc45)cccc12,3.6979853563140415
*c1cc2ccc3cc(c5ccc(*)cc5[N+](=O)[O-])cc4ccc(c1)c2c34,3.3620408791876493
*c1ccc2c(c1)C(C)(C)c1cc(c4cc(N)cc(*)c4C)ccc1-2,1.759525866860642
*c1ccc(c2cc(F)c(*)cc2Cl)cc1,2.291033281310728
*c1cc2cc3sc(c4cccc(*)c4C(F)(F)F)cc3cc2s1,2.558679169980599
*c1ccc2c(c1)[nH]c1cc(c4ccc5c(c4)C(=O)C(=O)c4cc(*)ccc4-5)ccc12,4.044651355782075
*c1ccc(-c2ccc(c3cc(Cl)cc(*)c3F)s2)s1,2.973392646591695
*c1ccc(c3cc(C=O)cc(*)c3OC(C)=O)c2nsnc12,3.9962069545806855
*c1ccc2c(c1)[nH]c1cc(c4ccnc(*)c4C=O)ccc12,2.789392835324414
*c1ccc(-c2ccc(c3c([N+](=O)[O-])c(*)nn3C)s2)s1,3.538021598343234
*c1cc2ccc3cc(c5nc(*)cc6ccccc56)cc4ccc(c1)c2c34,2.5616921453698485
*c1cc2ccc3cc(c5ccc(*)c(C=O)c5F)cc4ccc(c1)c2c34,2.932753165237699
*c1ccc2c(c1)C(C)(C)c1cc(c4ccc(*)cc4C=O)ccc1-2,2.819345735979057
*c1cc(F)c(c2ccc(CO)c(*)c2)cc1F,2.1223965589925555
*c1ccc(-c2ccc(c3cc(*)c(Cl)c(OC(F)(F)F)c3)s2)s1,3.1347251156820795
*c1cc(F)c(c2c(N)c(C)cc(*)c2F)cc1F,1.7263847183567078
*c1ccc2c(c1)S(=O)(=O)c1cc(c4cnnc(*)c4)ccc1-2,3.201973980295339
*c1ccc(-c2ccc(c3cc(C)c(*)nc3C)s2)s1,2.923117537486779
*c1ccc(-c2ccc(c3cc(=O)cc(*)[nH]3)s2)s1,3.0059576171416884
*c1ccc(c3cc(*)cc(CO)c3)c2nsnc12,3.624134009338028
*c1ccc(c2ccc(*)c(C)c2[N+](=O)[O-])cc1,3.1987826379532835
*c1ccc2c(c1)[nH]c1cc(c4cnc(*)cn4)ccc12,2.682456666306419
*c1ccc(-c2ccc(c3cc(N)c([N+](=O)[O-])c(*)n3)s2)s1,3.5718163551331767
*c1cc2ccc3cc(c5[nH]nc6cnc(*)cc56)cc4ccc(c1)c2c34,2.5859928998151136
*c1ccc(c2cc(*)cc(C#N)c2OC)cc1,2.174343678996585
*c1ccc2c(c1)[nH]c1cc(c4cc(*)cc(F)c4C(=O)O)ccc12,2.450586266564779
*c1ccc2c(c1)S(=O)(=O)c1cc(c4cc(*)c(OC(C)C)c(C=O)c4)ccc1-2,2.940009541467989
*c1cc2ccc3cc(c5ncc(*)c(C)n5)cc4ccc(c1)c2c34,2.6387082997076408
*c1cc2cc3sc(c4cc(C(=O)OCC)c(*)s4)cc3cc2s1,3.2951591189184253
*c1ccc(-c2ccc(c3cc(*)ccc3S)s2)s1,2.635767960241832
*CNC(=S)C(*)=O,3.7481
*CC(=O)c1ccc(C(*)=O)s1,3.1941
*C(=O)c1ccc(Oc2ccc(*)s2)cc1,2.5289
*CNC(=O)c1ccc(*)s1,1.968
*NC(=O)C(=S)O*,4.3681
*Oc1ccc(-c2ccc(-c3ccc(*)s3)s2)s1,2.4093
*CNCCCOCO*,0.6155
*CNOc1ccc(*)s1,1.0659
*Nc1ccc(Nc2ccc(*)s2)s1,1.4393
*NC(=O)c1ccc(O*)s1,2.2174
*Cc1ccc(C(=O)c2ccc(*)s2)s1,2.8498
*Cc1ccc(C(=O)c2ccc(*)s2)cc1,2.5375
*c1cccc(*)n1,2.2143
*C(=S)c1ccc(-c2ccc(-c3ccc(*)cc3)cc2)s1,3.3959
*CCO*,0.3936
*CNc1ccc(N*)cc1,0.54
*Cc1ccc(Cc2ccc(*)s2)cc1,0.9966
*c1ccc(-c2ccc(C(F)(F)C(*)(F)F)cc2)s1,2.4773
*Oc1ccc(-c2ccc(C(*)=O)s2)cc1,2.9075
*COC(=O)O*,0.7529
*CC(=O)C(=S)O*,2.8847
*CNC(=O)C(*)=S,4.0732
*OC(=O)c1ccc(C(*)=O)s1,3.3779
*CCOCCOC(=O)Nc1ccc(C)c(NC(=O)O*)c1,0.755
*Cc1ccc(-c2ccc(-c3ccc(*)s3)cc2)s1,1.9244
*c1ccc(-c2nc3cc4nc(*)oc4cc3o2)cc1,3.0398
*NC(=O)NC(*)=S,3.7029
*Cc1ccc(OC(*)=S)cc1,2.2773
*c1ccc(CC(F)(F)C(*)(F)F)cc1,1.7485
*CCNc1ccc(*)s1,0.6915
*C(=S)C(F)(F)c1ccc(C(*)(F)F)cc1,4.0037
*CNCc1ccc(*)s1,1.1612
*Cc1ccc(Cc2ccc(*)s2)s1,1.174
*Cc1ccc(NO*)s1,1.3873
*CC(=O)c1ccc(-c2ccc(*)s2)cc1,2.4129
*C(=O)c1ccc(C(=S)c2ccc(*)s2)cc1,3.9759
*C(=O)CC(F)(F)C(*)(F)F,2.8445
*COc1ccc(-c2ccc(*)cc2)s1,1.6377
*OC1C(CO)OC(*)C(O)C1O,0.8344
*Nc1ccc(OC(*)=S)s1,2.3032
*NC(=O)C(=S)c1ccc(*)s1,3.9034
*c1ccc(-c2ccc(Oc3ccc(*)s3)s2)cc1,2.1082
*Oc1ccc(C(=S)c2ccc(*)cc2)cc1,3.1315
*C(=O)c1ccc(C(=S)c2ccc(*)cc2)cc1,2.9183
*NOC(=O)NCC(=O)NC(*)=O,2.0185
*OC(F)(F)NC(*)(F)F,0.9184
*c1ccc2oc(-c3ccc4nc(*)oc4c3)nc2c1,3.155
*CNC(=S)N*,1.4813
*CC(=O)OC(*)=O,2.2158
*NC(=O)c1ccc(-c2ccc(*)s2)cc1,2.1302
*Nc1ccc(-c2ccc(C(*)=S)cc2)cc1,2.5787
*Cc1ccc(C(=S)O*)cc1,2.8319
*c1ccc(OC(=S)c2ccc(*)s2)cc1,3.1094
*CNCO*,0.7624
*CC(=S)c1ccc(O*)s1,3.131
*CC(O*)C(F)(F)F,0.7546
*Cc1ccc(-c2ccc(C(*)=S)s2)s1,3.2587
*CCC(=O)N*,1.1904
*OC(=S)OC(*)=O,3.1486
*CC(=O)Nc1ccc(*)cc1,1.369
*NC(=O)c1ccc(C(*)=S)cc1,3.4516
*NC(=S)Nc1ccc(*)cc1,2.0356
*c1ccc(-c2ccc(-c3ccc(-c4ccc(*)s4)cc3)s2)cc1,2.3385
*NC(=O)c1ccc(O*)cc1,2.0709
*Oc1ccc(Cc2ccc(*)cc2)cc1,1.1795
*c1ccc(C(=S)c2ccc(-c3ccc(*)s3)s2)cc1,3.54
*Nc1ccc(-c2ccc(C(*)=S)s2)s1,3.3026
*Oc1ccc(-c2ccc(-c3ccc(*)cc3)s2)s1,1.7103
*NOC(=S)O*,2.7178
*CNOc1ccc(*)cc1,0.891
*OC(=O)c1ccc(C(*)=O)cc1,3.2451
*NC(F)(F)NC(*)(F)F,1.6576
*CCCOC(=O)CCCCCCCCOC(=O)CCCOC(=O)CCCCCCCCOC(*)=O,0.7602
*Cc1ccc(CC(*)=S)cc1,2.6743
*Oc1ccc(C(F)(F)C(*)(F)F)cc1,1.7411
*Nc1ccc(-c2ccc(-c3ccc(*)s3)s2)cc1,1.6696
*NC(=S)Nc1ccc(Cc2ccc(*)cc2)cc1,1.379
*Cc1ccc(-c2ccc(O*)s2)s1,1.7705
*CC(=O)CC(*)=S,3.0632
*Oc1ccc(-c2ccc(-c3ccc(*)cc3)s2)cc1,1.8588
*CCCC(*)=S,2.3997
*OC(=S)C(F)(F)C(*)(F)F,3.6605
*Cc1ccc(Nc2ccc(*)cc2)cc1,0.9546
*COc1ccc(O*)s1,0.8857
*Oc1ccc(-c2ccc(-c3ccc(*)cc3)cc2)cc1,1.6576
*CC(=S)c1ccc(O*)cc1,3.1915
*C(=O)C(F)(F)C(=O)C(*)(F)F,4.1382
*Cc1ccc(C(=S)O*)s1,2.9654
*CCc1ccc(-c2ccc(*)cc2)cc1,1.482
*C(=S)c1ccc(C(=S)c2ccc(*)cc2)s1,4.1807
*C(=S)Oc1ccc(-c2ccc(*)s2)s1,3.2944
*C(=O)c1ccc(-c2ccc(C(*)=S)s2)cc1,3.8058
*C(=O)c1ccc(OC(*)=S)s1,3.2522
*Cc1ccc(-c2ccc(-c3ccc(*)s3)cc2)cc1,1.812
*Cc1ccc(CO*)s1,1.4146
*Cc1ccc(C(=O)O*)s1,2.358
*C(=O)c1ccc(-c2ccc(-c3ccc(*)s3)s2)cc1,2.775
*Oc1ccc(OC(*)=O)cc1,1.4499
*CC(=O)C(=S)c1ccc(*)s1,3.7805
*C(=O)c1ccc(-c2ccc(-c3ccc(*)cc3)s2)cc1,2.8757
*C(=S)C(=O)C(F)(F)C(*)(F)F,5.1438
*Nc1ccc(Nc2ccc(*)s2)cc1,1.0698
*CNc1ccc(-c2ccc(*)cc2)s1,1.6671
*CCc1ccc(O*)s1,0.6627
*c1ccc(C(=O)C(F)(F)C(*)(F)F)cc1,3.4595
*NC(=O)Nc1ccc(*)s1,1.6045
*CC(=O)Oc1ccc(*)s1,1.4534
*Nc1ccc(OC(*)=S)cc1,2.1606
*NC(=S)NO*,2.2894
*CNC(=O)NCOCO*,0.7808
*NC(F)(F)CC(*)(F)F,1.3115
*CCCCCCNC(=S)Nc1ccc(NC(=S)N*)cc1,1.6869
*C(=S)C(=O)CCNc1ccc(C(=S)c2ccc(*)cc2)cc1,3.8901
*Oc1ccc(C(=O)c2ccc(C(=O)NOC(*)=O)s2)cc1,3.5136
*Cc1ccc(-c2ccc(-c3ccc(*)s3)s2)s1,2.0787
*C(=S)c1ccc(-c2ccc(-c3ccc(*)s3)s2)s1,3.9365
*CC(=O)Cc1ccc(*)s1,1.6069
*c1ccc(C(F)(F)CC(*)(F)F)s1,2.025
*CCc1ccc(-c2ccc(*)s2)cc1,1.6982
*Nc1ccc(Oc2ccc(*)cc2)cc1,1.1501
*CC(CC(CC(CC(*)c1ccccc1)c1ccccc1)c1ccccc1)c1ccccc1,1.5606
*OC(=S)Oc1ccc(*)cc1,1.8722
*Cc1ccc(C(=O)C(*)=S)cc1,3.3639
*c1ccc(-c2ccc(-c3ccc(-c4ccc(*)s4)cc3)cc2)cc1,2.2963
*OCC(=S)c1ccc(C(=S)Cc2ccc(-c3ccc(*)cc3)cc2)s1,3.7067
*C(=O)NC(F)(F)C(*)(F)F,2.4953
*Nc1ccc(-c2ccc(C(*)=O)s2)s1,2.9191
*CNc1ccc(N*)s1,0.5629
*COC(=S)O*,2.0771
*Nc1ccc(C(=O)c2ccc(*)s2)s1,3.0129
*CCCCCC(=O)O*,0.5062
*Nc1ccc(C(=S)c2ccc(*)s2)s1,3.5786
*CC(=S)CO*,2.5664
*C(F)C(*)(F)F,1.524
*CC(=O)C(=S)c1ccc(*)cc1,3.6382
*Nc1ccc(C(=S)c2ccc(*)cc2)cc1,3.0683
*NC(=O)OC(*)=O,2.561
*NC(=O)Oc1ccc(*)s1,1.551
*CC(=S)c1ccc(C(*)=S)s1,2.8676
*C(=O)c1ccc(-c2ccc(-c3ccc(*)s3)cc2)s1,3.2278
*Nc1ccc(C(=O)O*)cc1,2.5642
*Cc1ccc(Oc2ccc(*)s2)s1,1.2199
*COc1ccc(O*)cc1,0.9466
*OC(=S)c1ccc(C(*)=O)cc1,3.4955
*C(=O)c1ccc(-c2ccc(C(*)=S)cc2)cc1,3.6994
*CCOC(=S)NC(=S)c1ccc(N*)cc1,2.6209
*CCC(=O)O*,0.7562
*CCc1ccc(O*)cc1,0.7536
*C(=O)c1ccc(-c2ccc(-c3ccc(*)cc3)cc2)cc1,2.6442
*NC(=O)C(=S)c1ccc(*)cc1,3.6154
*CCCc1ccc(*)s1,0.9489
*OC(F)(F)c1ccc(C(*)(F)F)cc1,2.1427
*Nc1ccc(Oc2ccc(*)s2)cc1,1.1598
*CNON*,0.9652
*CC(=S)C(=O)O*,3.8755
*CC(=S)c1ccc(C(*)=S)cc1,2.9742
*Nc1ccc(-c2ccc(-c3ccc(*)s3)cc2)s1,2.0751
*C(=O)c1ccc(OC(*)=S)cc1,3.2631
*C(=S)c1ccc(C(F)(F)C(*)(F)F)s1,4.1828
*Nc1ccc(C(=O)C(*)=S)cc1,4.0513
*CC(=S)NO*,2.2076
*CC(=O)c1ccc(O*)cc1,2.3793
*C(=O)c1ccc(C(=S)c2ccc(*)s2)s1,4.1286
*Cc1ccc(Nc2ccc(*)s2)cc1,0.9705
*NC(=S)c1ccc(O*)cc1,2.5935
*CC(=O)C(=S)C(*)=O,4.8698
*NC(=O)c1ccc(-c2ccc(*)cc2)cc1,2.3815
*NC(=S)c1ccc(O*)s1,2.8874
*CC(=O)Nc1ccc(*)s1,1.3272
*NCC(F)(F)C(*)(F)F,0.6587
*CO*,0.9897
*CC(=O)c1ccc(-c2ccc(*)cc2)cc1,2.336
*C(=O)c1ccc(NC(=S)Oc2ccc(Nc3ccc(*)s3)s2)s1,2.7059
*C(=O)Oc1ccc(C(*)=S)s1,3.8482
*CCCCCOC(=O)Nc1ccc(C)c(NC(=O)O*)c1,0.9199
*Nc1ccc(NC(=O)NC(=O)NC(*)=O)s1,1.5146
*Oc1ccc(C(=S)c2ccc(*)cc2)s1,3.2177
*CC(=O)O*,1.2063
*Cc1ccc(C(=S)c2ccc(*)s2)s1,3.3843
*CNc1ccc(O*)s1,0.8203
*CCC(F)(F)C(*)(F)F,0.4489
*Cc1ccc(Oc2ccc(*)s2)cc1,1.0627
*CCOC(=O)CCCCC(=O)O*,1.0754
*Cc1ccc(NC(*)=S)cc1,2.0656
*C(=S)C(F)(F)c1ccc(C(*)(F)F)s1,4.1531
*Cc1ccc(Cc2ccc(*)cc2)cc1,1.0649
*C(=S)C(F)(F)NC(*)(F)F,4.6097
*NC(=O)c1ccc(C(*)=S)s1,3.7504
*NC(=S)Nc1ccc(NC(=S)Nc2ccc(Oc3ccc(*)cc3)cc2)cc1,2.2298
*CC(=O)c1ccc(C(*)=O)cc1,2.7979
*CNc1ccc(C(*)=S)s1,2.9244
*CC(=O)N*,0.7672
*Cc1ccc(NC(*)=S)s1,2.0497
*CC(CC(CC(*)c1ccccn1)c1ccccn1)c1ccccn1,1.1922
*CC(=O)c1ccc(C(*)=S)cc1,3.7473
*Cc1ccc(CC(*)=S)s1,2.588
*c1ccc(-c2ccc(C(F)(F)C(*)(F)F)s2)s1,2.7568
*Nc1ccc(NC(*)=S)s1,2.2133
*Cc1ccc(C(=O)C(*)=S)s1,3.3428
*OCC(F)(F)C(*)(F)F,0.6148
*Nc1ccc(Oc2ccc(*)s2)s1,1.1067
*Cc1ccc(-c2ccc(C(*)=S)s2)cc1,3.0651
*CC(=O)OC(*)=S,3.1169
*C(=S)CC(F)(F)C(*)(F)F,3.5657
*Cc1ccc(OC(*)=S)s1,2.3956
*NCCCNC(=O)NC(*)=O,0.6578
*NC(=O)OC(*)=S,3.7701
*CCCCCS*,0.5118
*Nc1ccc(C(=O)C(*)=S)s1,4.1937
*c1ccc(C(F)(F)NC(*)(F)F)s1,2.4083
*CCC(=O)c1ccc(*)s1,2.6933
*OC(=O)C(F)(F)C(*)(F)F,2.9195
*CCOC(=O)CCCCCCC(=O)O*,0.8924
*Nc1ccc(NC(=O)NONC(*)=O)s1,1.3385
*CC(=O)NC(*)=O,1.5835
*C(=O)Oc1ccc(C(*)=S)cc1,3.6938
*NC(=O)c1ccc(C(*)=O)s1,3.408
*NC(=O)NO*,1.9635
*Nc1ccc(-c2ccc(-c3ccc(*)s3)s2)s1,2.2798
*CCNc1ccc(*)cc1,0.6326
*CC(=O)c1ccc(-c2ccc(*)s2)s1,2.8128
*Cc1ccc(-c2ccc(C(*)=S)cc2)cc1,2.7075
*Oc1ccc(C(=O)c2ccc(*)cc2)cc1,2.4594
*CCCCCOCO*,0.5413
*NC(=O)c1ccc(-c2ccc(*)cc2)s1,2.6235
*Cc1ccc(NO*)cc1,0.7333
*Oc1ccc(OC(*)=O)s1,1.7594
*Oc1ccc(-c2ccc(C(*)=O)cc2)s1,2.3086
*NOC(=O)O*,1.6985
*CCC(=O)OC(=O)Cc1ccc(-c2ccc(*)cc2)cc1,1.5387
*CCC(=S)O*,2.069
*c1ccc(*)s1,2.9681
*c1ccc(-c2ccc(-c3ccc(-c4ccc(*)s4)s3)s2)cc1,2.752
*CC(=O)NC(*)=S,2.9562
*CCCC(*)=O,1.2346
*CCCCOC(=O)c1ccc(C(=O)O*)cc1,2.4936
*CCC(O*)(C(F)(F)F)C(F)(F)F,0.4911
*CCCc1ccc(*)cc1,0.9937
*CC(=O)c1ccc(-c2ccc(*)cc2)s1,2.6784
*Cc1ccc(C(=O)N*)cc1,1.8315
*Nc1ccc(-c2ccc(-c3ccc(*)cc3)cc2)cc1,1.5312
*CONO*,0.421
*OC(=S)c1ccc(-c2ccc(*)cc2)cc1,2.7321
*CNC(=S)c1ccc(*)cc1,2.3012
*OC(=O)OC(*)=O,2.3361
*CC(=O)CO*,1.6393
*Cc1ccc(-c2ccc(-c3ccc(*)s3)s2)cc1,1.9547
*OC(F)(F)C(=O)C(*)(F)F,3.6501
*Cc1ccc(-c2ccc(N*)s2)s1,1.6017
*Cc1ccc(C*)cc1,0.8499
*C(=O)c1ccc(C(=O)C(*)=S)s1,4.6396
*C(=O)c1ccc(Oc2ccc(*)s2)s1,2.882
*Oc1ccc(-c2ccc(C(*)=O)s2)s1,2.952
*NC(=S)OC(*)=S,4.0637
*C(=O)c1ccc(-c2ccc(C(*)=S)s2)s1,4.1032
*c1ccc(CC(F)(F)C(*)(F)F)s1,1.8781
*Cc1ccc(-c2ccc(N*)cc2)cc1,1.1363
*CNOC(*)=S,2.5
*CCON*,0.6058
*CCNC(*)=S,1.6837
*CC(*)C,0.4343
*CCCCCCC(=O)N*,0.6934
*c1ccc(C(=O)C(F)(F)C(*)(F)F)s1,3.7613
*CNc1ccc(-c2ccc(*)s2)cc1,1.292
*CNCC(*)=O,1.6269
*NC(=S)NC(*)=S,4.2115
*Nc1ccc(C(=S)c2ccc(*)cc2)s1,2.9139
*CCOC(=O)NCCOCCOCCNC(=O)O*,0.573
*C(=O)C(F)(F)CC(*)(F)F,3.352
*C(=S)OC(=S)c1ccc(*)cc1,3.7508
*CNCCNC(=O)OC*,0.5903
*CCCN*,0.5296
*Oc1ccc(C(F)(F)C(*)(F)F)s1,1.9642
*NC(=O)Oc1ccc(*)cc1,1.3447
*CONC(*)=O,1.2523
*NC(=O)C(=S)C(*)=O,5.1781
*CNCN*,0.8689
*Cc1ccc(-c2ccc(-c3ccc(*)cc3)cc2)cc1,1.7487
*c1ccc(-c2ccc(*)s2)s1,2.9681
*Cc1ccc(-c2ccc(-c3ccc(*)cc3)s2)cc1,1.8331
*c1ccc(C(F)(F)c2ccc(C(*)(F)F)cc2)cc1,2.0599
*Oc1ccc(C(=S)c2ccc(*)s2)s1,3.4574
*CCc1ccc(C(*)=S)s1,3.3272
*Nc1ccc(*)cc1,0.9827
*COCOCCCO*,0.6927
*C(=S)c1ccc(C(F)(F)C(*)(F)F)cc1,3.9184
*CNCC(*)=S,2.6857
*c1ccc(-c2ccc(-c3ccc(-c4ccc(*)s4)s3)cc2)cc1,2.6224
*Nc1cccc(C(*)=O)c1,2.356
*C(=S)C(F)(F)CC(*)(F)F,4.3183
*Cc1ccc(Nc2ccc(*)s2)s1,1.1194
*Nc1ccc(-c2ccc(C(*)=S)s2)cc1,3.1722
*CNCc1ccc(*)cc1,1.2974
*CCc1ccc(-c2ccc(*)s2)s1,1.9411
*NC(=O)NC(*)=O,2.041
*Oc1ccc(-c2ccc(C(*)=O)cc2)cc1,2.4015
*Nc1ccc(-c2ccc(-c3ccc(*)s3)cc2)cc1,1.8885
*CNC(=O)ONC(=O)NO*,1.4002
*CNCNC(=O)NC(=O)N*,0.7092
*C(=O)C(F)(F)NC(*)(F)F,3.7985
*CC(=O)c1ccc(C(*)=S)s1,3.6254
*CNc1ccc(O*)cc1,0.7695
*Oc1ccc(CC(*)=O)cc1,1.5033
*CC(=S)c1ccc(N*)cc1,3.0309
*Nc1ccc(-c2ccc(-c3ccc(*)cc3)s2)cc1,1.9491
*c1ccc(C(=S)c2ccc(C(=S)C(=O)Nc3ccc(-c4ccc(*)s4)cc3)s2)s1,3.9089
*C(=O)c1ccc(C(=O)c2ccc(*)s2)s1,4.0693
*NC(=S)C(=O)O*,4.0646
*C(=O)c1ccc(-c2ccc(-c3ccc(*)s3)cc2)cc1,3.0595
*OC(=S)c1ccc(C(*)=O)s1,4.037
*c1ccc(NC(F)(F)C(*)(F)F)cc1,1.524
*NOC(F)(F)C(*)(F)F,0.9509
*CCC(=O)c1ccc(*)cc1,2.3583
*CCOCCOC(=O)O*,0.4954
*C(=O)c1ccc(-c2ccc(C(*)=S)cc2)s1,3.7335
*CNC(=S)c1ccc(*)s1,2.3974
*c1ccc(C(F)(F)NC(*)(F)F)cc1,2.1641
*C(=O)c1ccc(-c2ccc(-c3ccc(*)s3)s2)s1,3.453
*Cc1ccc(-c2ccc(C(*)=S)cc2)s1,2.9754
*CCCO*,0.5672
*CNc1ccc(C(*)=O)s1,2.2797
*OC(=S)Oc1ccc(*)s1,2.5249
*C(=O)c1ccc(C(=O)C(*)=S)cc1,3.783
*Sc1ccc(*)cc1,2.0372
*OC(F)(F)c1ccc(C(*)(F)F)s1,2.3901
*C(=O)c1ccc(C(=O)c2ccc(*)s2)cc1,3.6543
*CC(=O)CC(*)=O,1.5258
*Cc1ccc(C(=S)c2ccc(*)cc2)cc1,2.874
*CC(*)(F)F,1.1415
*OC(F)(F)CC(*)(F)F,0.7292
*CC(*)F,0.874
